"Type","AGB","Mean_AGB_Carbon_Secure","Low_AGB_Carbon_Secure","Hi_AGB_Carbon_Secure","Mean_AGB_Carbon_Restor","Low_AGB_Carbon_Restor","Hi_AGB_Carbon_Restor"
"Delta_30028",65571.6474061571,17550.1501159617,17463.6240734917,17636.6761584316,3446.54709996389,2022.88836474469,9407.26199496934
"Delta_50000",66876.2625171445,5361.93404714475,5355.40381129039,5368.46428299911,16052.5139734701,11869.5958296021,22111.6496109705
"Delta_50001",502766.462239992,39692.2454179795,39662.9427635823,39721.5480723767,121298.603455888,89550.6978208239,166771.165726003
"Delta_70000",183300.73331836,46669.8399484957,46618.7400183908,46720.9398786005,12024.8878673765,7603.90999318573,28589.8835259703
"Delta_70001",209807.500849981,60532.9160895049,60484.8437288005,60580.9884502093,6649.54375766762,3519.70095128999,25594.4901310742
"Delta_70002",142052.3552194,41772.3783351183,41730.8100090676,41813.9466611689,3714.20632968596,1759.27702289169,16543.7753655337
"Delta_70003",107771.799706041,25854.3984721446,25831.3700879221,25877.426856367,8655.2095117268,5372.74410054867,18392.5934582419
"Delta_70004",16639.6225635409,3241.72971661246,3235.10961937383,3248.34981385108,2086.44382445897,1439.82937587372,3594.66366031749
"Delta_70005",10826.8515660843,3000.80747397562,2997.43989767453,3004.17505027672,466.058666000218,256.292759400122,1444.25964235554
"Delta_70006",44377.397774868,10190.1587145463,10180.6713728891,10199.6460562034,4019.92782694424,2599.43122617219,8030.23854353265
"Delta_70007",128412.878190632,33800.1886926741,33779.1494759987,33821.2279093495,7318.89903274815,4693.96997172879,18913.5061957476
"Delta_70008",651110.920640841,120523.617837685,120253.208548714,120794.027126656,87968.6100607183,56827.5876842783,147027.951607022
"Delta_70009",885183.10398012,181919.548331073,181724.428257533,182114.668404613,101524.933394401,64985.8560655247,181562.978358908
"Delta_70010",214062.24123228,58611.7115467518,58538.1993564809,58685.2237370227,9933.15871823671,5533.11734353131,29278.2483474004
"Delta_70011",256451.254041529,36677.4119771866,36636.7104227081,36718.1135316651,45440.8440794513,29824.4729556948,68648.8435501794
"Delta_70012",146509.842107051,20103.7071220412,20061.8979047397,20145.5163393426,26810.2094190578,17609.3185843248,40108.6370750091
"Delta_70013",81068.8847759626,25227.8262534318,25213.6472960365,25242.0052108271,731.241340679184,0,8048.17557446662
"Delta_70014",773938.211310274,204381.44424662,204313.443066779,204449.445426462,43441.3103970423,25233.4085125867,113288.217435533
"Delta_8735",498.935923974277,67.5060305137196,65.1069128314413,69.905148195998,92.2582417020835,58.5962215482971,142.140467998529
"Delta_8736",2915214.37741285,666194.177420819,665694.138991131,666694.215850508,267286.61837055,183946.467499126,530636.947065281
"Delta_8739",262702.565214032,20411.6383385322,20389.7817565287,20433.4949205358,63708.350068653,47070.8530646533,87497.7129263836
"Delta_8740",192175.970838326,47183.872602388,47037.8678257592,47329.8773790169,14352.7950197523,8904.21412819031,31785.1193805904
"Delta_8741",48848.4567337379,5406.35763568539,5384.47284230659,5428.2424290642,10235.4066950248,7122.16761104642,14700.8060507169
"Delta_8742",69623.2858521729,13430.2411900608,13419.374640884,13441.1077392376,8863.83117266347,5697.11453430499,15156.1046058482
"Delta_8743",44594.4449546855,4130.14812875866,4115.05269555118,4145.24356196614,10149.4390901812,7306.94145319411,14223.6552801981
"Delta_8745",113659.761295988,27828.9034382236,27741.1558845098,27916.6509919374,8566.0887263649,5204.14648165092,18877.535020275
"Delta_8746",57856.5405470069,5419.87911469229,5339.73518051152,5500.02304887307,13106.3637338648,9313.51547360651,18595.9964309081
"Delta_8747",75302.3691400865,14554.6631393195,14509.663131228,14599.663147411,9557.9084830276,6127.77466229232,16400.7335610605
"Delta_8748",114198.475394765,8918.12066808093,8903.20469778554,8933.03663837632,27649.3731380768,20404.6964248827,38013.5488796669
"Delta_8749",5604.56319946627,1744.08402204191,1738.61414863799,1749.55389544582,50.5531600591858,0,557.828778258089
"Delta_8750",361524.773940733,29493.0583225108,29427.1585011034,29558.9581439184,86270.7895410513,63455.5930145978,119145.952490731
"Delta_8751",114634.586821279,33039.1022017226,32987.1415557723,33091.0628476729,3668.03884431899,1820.69468347116,14030.1091019385
"Delta_8753",47205.3086389685,14319.3783730044,14304.7948852927,14333.9618607161,796.233506279676,256.19839493405,5059.29971760747
"Delta_8754",135258.994553487,28559.8405487879,28508.8791470339,28610.8019505418,14751.4420971841,9351.18061891129,26999.8954699737
"Delta_8757",349.599121727709,47.300761169759,46.7871564223156,47.8143659172024,64.6443735986706,42.108440780084,97.2225440316448
"Delta_8758",93862.2479027533,29201.466049258,29173.0418747492,29229.8902237669,854.164351682613,5.20584166823263,9329.61155530557
"Delta_8760",21770.2201635921,2836.33050216338,2828.34643418991,2844.31457013685,4134.71169642043,2926.46143680159,6115.55207535589
"Delta_8761",154691.625904842,24121.0983086371,24091.5996314454,24150.5969858289,25412.7072223523,16656.0124364211,39414.0340374249
"Delta_8762",862532.243707617,71550.4412505504,71450.8083249934,71650.0741761074,204641.008507066,151133.946459363,282834.712362886
"Delta_8763",120094.728616064,11323.007911035,11311.827884348,11334.1879377221,27132.5251391147,19606.2001211731,38002.5553262228
"Delta_8764",147290.623253721,22331.1559551612,22315.4576549458,22346.8542553766,24832.7745169128,17966.549348032,38145.185104066
"Delta_8765",215282.396136333,58790.8148246502,58689.9757064849,58891.6539428155,10144.761242165,5669.19985544162,29613.9407910098
"Delta_8766",1267702.53990654,113111.861906758,113064.092115279,113159.631698238,292819.168396716,215890.611347039,407337.893218737
"Delta_8767",239108.455083062,18375.6112496871,18341.8971689376,18409.3253304365,58189.3071524603,43012.9375941585,79903.2212718646
"Delta_8768",3655573.81791903,282101.642929892,281855.072413056,282348.213446729,888449.649305959,657253.350586797,1219247.15818404
"Delta_8769",191211.703887807,57812.3169847105,57785.3291771415,57839.3047922795,3415.58271720414,1170.04418869349,20672.5242033718
"Delta_8770",39926.6962078637,8426.32316791568,8419.29671975663,8433.34961607473,4358.60422480436,3040.43961582111,7966.62981207763
"Delta_8771",37285.2164703204,3211.86591529664,3208.0925356459,3215.63929494737,8727.23325066465,6374.11054031458,12104.5638304894
"Delta_8772",206601.89572585,23912.9229360189,23864.2695748333,23961.5762972044,42243.0700943554,29275.3779482019,61002.4249355445
"Delta_8775",25219.355057092,3386.37901921066,3374.51649969653,3398.24153872479,4689.11066362077,3085.91260206736,6988.29108870215
"Delta_8776",79815.6874890854,6175.38090015924,6171.35784761744,6179.40395270103,19382.4003907208,14342.8645757101,26599.0925330864
"Delta_8779",235227.918618228,35034.569725755,34934.6628534986,35134.4765980114,40287.7620949877,26347.271252799,61680.7129517729
"Delta_8780",146340.062713799,28274.8647009454,28219.2524130656,28330.4769888251,18584.6867806401,12081.8621978267,31847.0757542573
"Delta_8781",3344321.80874508,260051.692409811,259764.133653979,260339.251165643,810833.593968452,599736.672745173,1113721.58672766
"Delta_8782",3479.16294698601,365.578281508658,358.829997783697,372.326565233618,748.484485745732,519.048723580112,1081.91428694465
"Delta_8783",53712.6017396758,9909.71964104227,9872.58629058626,9946.85299149827,7289.59256201933,4693.57272435527,12179.9390922911
"Delta_8784",69080.8856000036,17267.0848545387,17199.2779819095,17334.8917271679,4853.30552343843,2991.82765516383,11127.9292264547
"Delta_8785",92698.5866221424,8135.50171732084,8126.03437465976,8144.96905998192,21547.5127049554,15843.4515368518,29943.730452603
"Delta_8786",1035936.38179946,80144.0034696,80107.9816893609,80180.0252498391,251573.185346404,186100.239905871,345169.718371904
"Delta_8787",85199.5418502382,12822.0105378291,12777.9363222685,12866.0847533898,14459.7347580356,9445.96579449955,22220.8534573162
"Delta_8788",15291.090553177,4699.844355125,4652.70087947757,4746.98783077242,196.515750907796,40.15551111897,1591.57846660984
"Delta_8795",62873.7100301735,10211.248689851,10180.7267934169,10241.7705862851,9921.54199891088,6456.78023216509,15639.3580992653
"Delta_8797",84762.0751212597,26376.2760694846,26354.6948777198,26397.8572612494,765.388005093972,0.576972724110064,8417.80904077311
"Delta_8799",1013.11245553899,107.056254947642,105.654666525065,108.457843370218,217.3524844405,151.376441920208,312.777212411267
"Delta_8801",1249.72725553394,111.049696967087,108.294355961112,113.805037973062,289.125467527436,205.399424718612,411.821502543396
"Delta_8802",54027.1905891007,8101.1389151959,8080.29087811461,8121.98695227719,9198.90778334002,6335.75667703749,14108.3746555023
"Delta_8805",365254.930649954,29105.2814720638,29090.5841885739,29119.9787555537,87852.9998713581,64943.5861353266,120859.994440736
"Delta_8806",15331.7601244465,2482.90260579588,2478.31079540711,2487.49441618465,2426.48030365315,1581.20038868392,3816.4500736861
"Delta_8808",564644.298662581,162522.635062257,162318.720996571,162726.549127943,18282.1158124883,9119.40661395345,69299.8718289431
"Delta_8809",311.659789580106,95.5640870101069,90.3697311452118,100.758442875002,4.23249421133889,0.930508165410018,34.1022664332478
"Delta_8810",51409.9371413139,9187.40288731496,9157.23529285533,9217.57048177458,7274.57308470518,5160.72466908,11950.8626256316
"Delta_8811",4437.19203416368,1380.80978911139,1356.29794841187,1405.32162981092,40.0234721481564,0,448.073563128118
"Delta_8812",15208.5329926293,4732.74338197632,4688.23205305839,4777.25471089425,137.180967593517,0,1523.18266144454
"Delta_8813",467816.452650184,93063.5130008335,92913.2458094806,93213.7801921864,56735.993302282,38689.9676409476,99092.7818882707
"Delta_8814",21800.1216343992,3775.94266275831,3761.66808337639,3790.21724214024,3204.67428579267,2074.61464635464,5190.59388456612
"Delta_8815",2307.98100147045,321.295253304576,320.88305978055,321.707446828602,417.743343176278,274.441939101255,626.726233907786
"Delta_8816",53719.3536021648,7498.47808251268,7465.46696160253,7531.48920342282,9702.99613443652,6654.25080388745,14612.5297184625
"Delta_8817",4773.50161077868,1485.46596625822,1480.60865619958,1490.32327631685,43.0569845292237,0,475.175537376388
"Delta_8818",82672.9376969491,25158.9229068126,25110.0334517328,25207.8123618923,1313.77847312751,392.514016073225,8787.92124421183
"Delta_8819",10268.4705089537,1303.87135998751,1294.59029496417,1313.15242501086,1984.19558168456,1326.3357022912,2931.12817410926
"Delta_8820",97448.7832803704,7641.95760813661,7634.03238589322,7649.88283038,23562.1172860708,17391.3041979016,32385.5487278062
"Delta_8821",10841.1026534409,1766.05336250673,1755.44218046846,1776.664544545,1705.37611815157,1106.25944375251,2699.365619248
"Delta_8822",595.232953093668,84.9644445740198,84.3324221058144,85.5964670422251,105.635099336104,70.1284195491661,160.510278640002
"Delta_8823",2933131.06728753,226417.149893637,226213.275222362,226621.024564913,712800.749162501,527233.445173627,978249.232057252
"Delta_8824",90402.2483072983,7919.5948546295,7900.59906236915,7938.59064688984,21028.1090758505,15469.6938308156,29252.3882131152
"Delta_8825",1172.75938597618,364.950993321927,356.862334339714,373.039652304139,10.5782896615051,0,118.940178995523
"Delta_8826",32443.4186477037,5209.71659012894,5191.95206889663,5227.48111136125,5178.99049505226,3397.93444224329,8133.02527356624
"Delta_8827",63220.8610152601,12279.1460613607,12266.9415591186,12291.3505636029,7964.8058443357,5114.21820585482,13680.9117529713
"Delta_8828",267001.276275553,21411.7763296347,21395.2448678888,21428.3077913806,64084.7023465601,47331.3988041089,88236.2897970848
"Delta_8830",65385.4506402477,8794.84241577634,8717.53240248355,8872.15242906913,12142.2327337374,7943.35106782891,18198.5788532057
"Delta_8831",9932.05275812051,2047.08870387383,2011.24856966534,2082.92883808231,1133.25390980394,709.888448772772,2064.65069805538
"Delta_8832",60780.7931558083,4829.7064181178,4823.39139050681,4836.0214457288,14632.9113583036,10796.3701216268,20141.6404832001
"Delta_8834",290703.723154513,78628.100888896,78501.9683874946,78754.2333902974,14458.1383024106,8188.93225334399,40744.8709720563
"Delta_8835",628571.778216564,54307.327236518,54287.1635724021,54327.4909006339,146967.641866208,108399.89243082,203740.434583147
"Delta_8836",2954407.83987394,241330.482318829,241233.406874219,241427.557763439,704700.452087204,520649.346511051,971578.700671283
"Estuary_10",112.100488131314,34.8845509015835,30.3180279474889,39.4510738556782,1.01114640294445,0,12.5786032583322
"Estuary_1002",125195.626333512,38959.6269587257,38884.8407058332,39034.4132116183,1129.26454952828,0,12445.7549370377
"Estuary_10040",109.131685879677,20.3283378617389,19.8831057800917,20.7735699433862,14.6167192737923,9.23107510490954,24.9961299563392
"Estuary_1005",1116.2525710291,325.977572860862,323.835587872615,328.119557849108,31.4576629083668,14.7105125090399,133.011955174712
"Estuary_10082",103.931032198554,32.342297909868,31.8775131321636,32.8070826875723,0.937457910430957,0,10.4602292627042
"Estuary_10089",60.2474639213365,18.7484082976807,18.4334828396227,19.0633337557387,0.543432124570456,0,6.07816438588772
"Estuary_10099",10.5224891316884,3.2744933928901,2.98748052573131,3.56150626004889,0.0949128519678291,0,1.1355527205953
"Estuary_101",5940.0821856012,803.693119711842,802.339506260274,805.04673316341,1098.38059693952,722.105555634246,1636.92835743227
"Estuary_1010",14557.6522503708,4530.19580379288,4505.32497784479,4555.06662974098,131.310023298345,0,1452.34008484495
"Estuary_10105",3.07488173465034,0.95687244700584,0.838546260660499,1.07519863335118,0.0277354332465461,0,0.342816955561246
"Estuary_10108",116.533290573975,36.2639946937152,31.2500822364267,41.2779071510037,1.05113028097725,0,13.1610718452476
"Estuary_10111",66.2011083461711,20.601122906245,19.7341013423293,21.4681444701607,0.597133997282464,0,6.84491562816717
"Estuary_10124",2579.94974711549,349.067200784726,329.663838596039,368.470562973414,477.058507739126,296.697454736435,749.223478045941
"Estuary_1014",67485.9221697471,11596.2205694458,11570.1849048455,11622.2562340461,10013.4465685289,6584.74006214572,16136.825751887
"Estuary_10141",646.433196448332,87.4624114794593,81.9407742971384,92.9840486617802,119.531962355261,73.7466968674245,189.067565612286
"Estuary_10143",33.4307224475915,10.403306518466,10.157681779782,10.64893125715,0.301545116477276,0,3.39531141532318
"Estuary_10146",677.820584789859,91.709125122068,87.653381879536,95.7648683645999,125.335804333493,78.8880436915824,194.72189900802
"Estuary_10147",95.3779323700129,29.6806587742243,28.8922723909793,30.4690451574693,0.860308949977518,0,9.7147680212221
"Estuary_1016",2550.3246425937,345.058924142928,336.924089147097,353.193759138758,471.580529662001,303.231680232387,718.160643582141
"Estuary_10179",21.1630724040823,6.4017061488574,5.78325935137825,7.02015294633655,0.374921265653798,0.115097409420808,2.50446339056007
"Estuary_1019",2852.49916088185,553.185212312889,551.492429512236,554.877995113543,360.213543993089,230.857240651543,619.398585990587
"Estuary_1021",74966.7787632755,18580.6616058635,18551.6542563051,18609.6689554219,5424.45062192494,3282.11827498102,12205.4790473165
"Estuary_10216",19852.5418328121,1852.51673815805,1826.62881921072,1878.40465710539,4504.4656821267,3255.04672955002,6383.13647914158
"Estuary_10250",12624.5127010689,1708.09656845462,1698.25345146883,1717.93968544041,2334.39864355465,1528.42810632194,3493.14402706218
"Estuary_1027",4909.08262699455,1473.11708117481,1462.12433699717,1484.10982535244,98.8202668151182,37.517564358378,545.661211295114
"Estuary_1031",9835.59135498794,3060.7376737587,3055.84283702263,3065.63251049476,88.7170340219913,0,977.448046824416
"Estuary_10314",8191.10846594208,721.598334373164,720.389906322476,722.806762423853,1901.27650750615,1390.88344416543,2644.53577130641
"Estuary_10332",0,0,0,0,0,0,0
"Estuary_10334",6441.2219088039,567.441515400109,560.998397106109,573.884633694109,1495.10215201799,1083.1403603661,2099.67382889148
"Estuary_1036",1925.27508064152,599.126352344835,592.729250889499,605.523453800172,17.3659812273866,0,193.065449037736
"Estuary_1037",0,0,0,0,0,0,0
"Estuary_1040",633.59886062701,190.130290142208,187.433734694607,192.826845589808,12.7544010191673,4.80947962249099,70.8964581578481
"Estuary_10419",40997.6373462737,5546.98033295083,5515.52888589342,5578.43178000823,7580.87312169946,4963.97599730408,11342.8112860167
"Estuary_10441",2678.257900109,237.162476969003,231.134404812727,243.190549125279,620.442485224901,445.54815407416,883.931756878123
"Estuary_10447",0,0,0,0,0,0,0
"Estuary_1059",3986.67703730865,1196.32169328187,1188.65932591066,1203.98406065308,80.25216083473,30.5005543178546,442.667644734417
"Estuary_107",1057.03249682901,143.016496820966,142.582763460118,143.450230181814,195.455878988653,128.324487114106,291.682134703021
"Estuary_1072",13299.7975331271,3991.00206920145,3978.46854272088,4003.53559568202,267.72609888119,102.08601677875,1471.97602582017
"Estuary_1077",1207.45378714311,163.368497400462,163.084708143159,163.652286657766,223.270279780632,146.776237328843,332.759649537458
"Estuary_1080",8641.37757944187,1169.17838649849,1157.34419830974,1181.01257468723,1597.8771282146,1041.60977847877,2401.39223519736
"Estuary_1085",2533.95044106561,342.843494676177,341.741351524974,343.945637827381,468.552776057442,307.567216372477,699.356130249007
"Estuary_1087",31811.3832233794,4519.03663809915,4502.94945522742,4535.12382097087,5667.28638385918,3732.91585940214,8567.06259709582
"Estuary_1091",8752.06776672656,2555.85329176987,2547.37601961414,2564.3305639256,246.646327813644,115.716765559759,1039.51932721691
"Estuary_1092",1418.52485198449,191.926412473501,188.796061756223,195.056763190779,262.299430380451,169.9164555806,396.615418487918
"Estuary_1095",9921.13973276766,3087.35947343997,3078.45737743672,3096.26156944321,89.4886803895644,0,987.213833735516
"Estuary_1102",661.129850488109,205.736998173395,203.838060839181,207.635935507608,5.96339125140275,0,66.202762045904
"Estuary_1104",9736.60961228762,1257.8107578183,1251.59576298781,1264.02575264879,1859.94900613232,1246.3764000247,2751.72092647277
"Estuary_1108",14659.9371055291,1983.48949037808,1968.87188695678,1998.10709379939,2710.76897018338,1771.9846982611,4062.81775739209
"Estuary_1110",8012.04016600166,2493.26677925806,2484.30648487199,2502.22707364412,72.268602297335,0,797.811530727112
"Estuary_1129",8715.74211918108,2712.25179006796,2702.2059021774,2722.29767795851,78.6159939150134,0,867.978969783875
"Estuary_1132",1973.67978622094,438.500520310888,434.66650462078,442.334536000996,193.49148403492,120.567296759179,374.765751615171
"Estuary_1138",51387.7837476705,7803.12360335031,7776.70276657405,7829.54444012656,8651.75863049127,5668.35740536399,13331.9253732185
"Estuary_1143",19523.7917192176,5858.69769490654,5824.46586019191,5892.92952962117,393.015651504132,149.453618432827,2166.64764984372
"Estuary_1144",1294.73016593197,199.146639158411,196.931552150293,201.361726166528,215.438907274667,139.49587061853,335.918855859501
"Estuary_1152",15512.2104189726,2068.99454373777,2057.79248498583,2080.19660248971,2898.17035452145,1909.93780956548,4320.63878970083
"Estuary_1159",4939.96414153743,911.979848306991,900.809245056941,923.150451557041,669.846069454709,440.65095950608,1129.09345633262
"Estuary_1167",22303.8234097022,6513.35227287235,6490.8578978846,6535.8466478601,628.5550211484,294.852850881824,2649.47858351602
"Estuary_1169",38604.3521290452,11584.3905776342,11560.1703913536,11608.6107639148,777.109017607346,296.629654316645,4268.12659190299
"Estuary_1170",30894.5698952332,3505.49510945676,3493.4814811753,3517.50873773822,6387.25511669586,4565.32036704328,9205.38520791599
"Estuary_1174",61258.2302209041,18382.364314817,18330.272689639,18434.455939995,1233.13358421873,470.347950539228,6777.77842714256
"Estuary_1180",12326.5784554784,1707.10650472623,1695.07040391575,1719.1426055367,2239.98718250252,1493.82576814058,3375.47702670039
"Estuary_1183",14672.6598712998,4402.9704783993,4387.11006060076,4418.83089619785,295.361938989611,112.571605492806,1624.66724371627
"Estuary_1186",16423.0439462755,4928.22557703709,4909.52794447327,4946.92320960091,330.597324999794,125.976653260773,1818.83042927346
"Estuary_1188",4610.46178819663,511.29177686951,507.467989195406,515.115564543615,965.024192328931,682.584868570498,1391.21506417597
"Estuary_1196",9479.31417312558,1191.06166322265,1185.2479624424,1196.87536400289,1844.30952815389,1307.03644662821,2712.51945491484
"Estuary_12",312.258067891001,42.2485165856525,41.3395959931276,43.1574371781773,57.739639333725,37.2056363938148,87.7534555956271
"Estuary_1200",499.661559906922,101.371431080439,96.2481872310459,106.494674929833,58.625197017356,36.5536533887972,108.935328486458
"Estuary_1206",3826.95646807498,755.432707640514,749.965060692633,760.900354588394,469.997023001775,312.224646973903,821.088641927263
"Estuary_1207",7165.15496465943,1173.87266964435,1167.20441816266,1180.54092112605,1120.48160158925,726.822052685595,1776.81486713918
"Estuary_1217",34445.3612010989,4660.45737050868,4633.55728961392,4687.35745140345,6369.2917396952,4170.20156065252,9530.96015118701
"Estuary_1219",768.88160386888,239.268266307957,238.997943647298,239.538588968616,6.93531206689731,0,76.3746225697038
"Estuary_1223",2321.13446913859,177.961379748856,175.247005370032,180.67575412768,565.289088614013,412.34589498831,786.470929732255
"Estuary_1227",11569.0030136179,1565.28610774251,1561.6606637418,1568.91155174321,2139.22434724809,1405.49459736762,3190.12015521119
"Estuary_1236",31697.6695627825,9256.62314927118,9246.93436256226,9266.31193598012,893.287621427405,420.050015207875,3756.34502235398
"Estuary_1240",91043.8948284039,27320.4439197868,27300.9416549032,27339.9461846704,1832.72164321638,700.531965486417,10052.0513354379
"Estuary_1243",1385.43372772264,107.768403494084,104.979621127208,110.557185860961,335.861330459983,241.957448203391,472.752538649662
"Estuary_1244",0,0,0,0,0,0,0
"Estuary_125",4076.2990545158,665.661372142386,661.109627666393,670.213116618379,639.610348104118,414.49841972396,1014.18031647801
"Estuary_1251",68391.7580621832,9253.40486581338,9246.51912814129,9260.29060348547,12646.3199832783,8321.86721532716,18829.2575604205
"Estuary_1253",26796.7977676376,4947.02772389711,4908.51795145571,4985.53749633851,3633.57488927812,2401.11117523561,6097.74685580479
"Estuary_1258",42361.9929546796,12711.9831047436,12697.7022110375,12726.2639984498,852.750659274295,325.818295921737,4679.05306604005
"Estuary_1264",11403.4241797668,2105.21630434496,2088.52424238364,2121.90836630627,1546.27415225818,1021.64827504616,2595.27885979245
"Estuary_1268",38552.2350378627,11867.8251744361,11818.8896137448,11916.7607351275,476.986007037892,89.1082532042645,3970.70309403326
"Estuary_1281",11030.1644470204,2036.30783766461,2018.14908789704,2054.46658743218,1495.66111991578,987.222696578715,2512.79168656763
"Estuary_1283",13739.5616333616,4122.96644156312,4113.5725530764,4132.36033004983,276.578589055609,105.552735220766,1519.3408901982
"Estuary_1284",119243.472002011,16133.6417618721,16102.8696888343,16164.41383491,22049.3104078919,14492.5827199508,32867.6414643171
"Estuary_1288",28811.094553564,7216.25150327598,7198.9644220943,7233.53858445766,2009.34908372075,1208.27216405058,4619.14889117416
"Estuary_1293",12686.7959933941,3738.58916031541,3726.33486421741,3750.84345641341,323.849784729302,144.504323751669,1473.01122509963
"Estuary_1297",1149.61366505125,327.042989577742,325.658350359049,328.427628796434,41.0748021083195,21.1675059507643,145.382883770555
"Estuary_130",863.848046546363,141.066754008036,138.582825662474,143.550682353599,135.546028976575,86.8878017111,217.223854398098
"Estuary_1308",249057.311005704,73205.042284272,73118.0506551145,73292.0339134295,6545.59927286439,2972.76478774424,29045.0428076568
"Estuary_1310",93787.246307036,29185.6531782865,29131.4130384625,29239.8933181106,845.960961689466,0,9322.86453620918
"Estuary_1314",13508.7866251547,4203.79930988188,4189.07575834349,4218.52286142028,121.849255358895,0,1345.03627465574
"Estuary_1315",103455.909299938,23610.4597164527,23586.090906974,23634.8285259315,9517.15700048029,5936.62500202573,18868.3343108476
"Estuary_1321",16452.1483318895,5061.36549937846,5038.88695706798,5083.84404168893,206.776917975875,40.2364171265239,1698.26970587785
"Estuary_1331",45525.4285813029,13952.4666827682,13923.3025176455,13981.6308478908,625.230803250808,148.252768174052,4741.51474665284
"Estuary_1338",1302.68120781748,370.58776319641,369.398195782692,371.777330610129,46.5437863588235,24.010557379569,164.572209234324
"Estuary_1340",0,0,0,0,0,0,0
"Estuary_1348",26869.1511231854,8361.41113802406,8334.73305931984,8388.08921672828,242.359743131132,0,2674.46322852206
"Estuary_1351",47336.3480004071,14730.5981342467,14688.4069874966,14772.7892809968,426.973858963672,0,4710.16469828882
"Estuary_1352",12404.6331255075,3860.19778232668,3849.58883615345,3870.80672849991,111.889790792078,0,1234.17026126084
"Estuary_1356",18987.313926565,5908.66222080778,5898.9232718816,5918.40116973395,171.265571617617,0,1887.02645991517
"Estuary_1367",1248.29214810313,168.893927638353,168.073521901777,169.71433337493,230.821701105749,151.266169711599,345.08581119569
"Estuary_1373",10451.6833316255,3252.45933596854,3246.17000101145,3258.74867092562,94.2741836512621,0,1039.02131536759
"Estuary_1382",5838.92770648532,1817.01591298117,1810.93890462916,1823.09292133317,52.6671279124976,0,581.276003903331
"Estuary_1402",9331.97653799826,2904.01777885968,2896.33152813758,2911.70402958178,84.1744283727444,0,928.36940073622
"Estuary_141",3763.43057632167,614.569816368507,611.237265677628,617.902367059386,590.518288475455,383.229755092327,935.022610925148
"Estuary_1419",27318.1570422662,7884.16008288279,7872.7034096642,7895.6167561014,863.386983621264,426.517381283198,3332.32000141689
"Estuary_1425",26477.0458512151,6841.41682090794,6828.25618727654,6854.57745453933,1636.79803110965,965.967115655103,4032.77039480791
"Estuary_1426",18791.985278438,5847.87789879711,5836.3353738065,5859.42042378771,169.50370721151,0,1868.22100468594
"Estuary_1432",4603.4352318595,622.844786870591,611.736981292344,633.952592448837,851.22120872314,550.56328316311,1289.0369379793
"Estuary_1440",35295.8736136066,10974.7917202599,10956.0012802964,10993.5821602233,327.299969553119,6.17254481257853,3516.99909131655
"Estuary_1441",571.55025384953,77.3307493458414,74.9687042553291,79.6927944363537,105.685357439317,67.4718338297962,162.042015353919
"Estuary_145",1030.96519377005,139.489590717088,122.085723337603,156.893458096573,190.63577398002,109.877151003843,319.016698129698
"Estuary_1462",3963.90939067963,1127.65602650118,1124.52456360894,1130.78748939341,141.627399488346,73.0931062130877,500.558210471314
"Estuary_147",114.5151452574,18.7003720050123,14.9169661536089,22.4837778564156,17.9685226578597,9.35254704968051,34.0229165568908
"Estuary_1478",30375.0258713254,8641.11098489477,8634.33412728094,8647.88784250861,1085.27604936234,561.224113610475,3828.10324964315
"Estuary_151",532.474746726468,86.9533529794499,85.5576262268165,88.3490797320832,83.5503856698324,53.6423905843407,133.691650344474
"Estuary_154",8753.69443001881,1429.48202957441,1424.67930472196,1434.28475442686,1373.53846386192,893.236606620214,2170.38928379027
"Estuary_1554",6632.05430044732,897.316946850523,883.437473243274,911.196420457772,1226.33316069571,795.093725918946,1852.7660549308
"Estuary_1559",5132.37486692151,694.410319494481,690.098485909891,698.72215307907,949.027436642457,621.088637318902,1420.73504459411
"Estuary_156",20034.14566879,3271.58452243913,3263.21513983589,3279.95390504237,3143.5492621641,2045.95041741522,4963.29392392845
"Estuary_1572",73528.5567811522,9948.41373248989,9932.08007017847,9964.74739480131,13596.1654344028,8938.87206316062,20261.653036096
"Estuary_1574",17664.6009897635,3261.10871850061,3230.98330448574,3291.23413251548,2395.27316443158,1580.50763919477,4025.46618052775
"Estuary_1580",1130.50231250348,152.956962881721,148.348420292908,157.565505470535,209.041182605019,133.513578263617,320.383194456754
"Estuary_1582",12455.2833462154,1732.83742403198,1728.85435534244,1736.82049272152,2255.46885625966,1480.28957905699,3386.70217377687
"Estuary_1583",39890.6197306678,5397.20084955935,5371.18484129412,5423.21685782458,7376.17449439778,4834.06635716471,11027.20761091
"Estuary_1597",0,0,0,0,0,0,0
"Estuary_16",64.162949609013,8.68124708209945,8.64737778593827,8.71511637826064,11.8643710122026,7.78264000734444,17.7207366357966
"Estuary_1632",7872.11861945613,1064.61391923072,1060.79432588307,1068.43351257837,1456.11718390533,955.630682784347,2173.95405424475
"Estuary_164",12966.9817523606,1754.43263109438,1751.94943746053,1756.91582472823,2397.72459582899,1576.75449371448,3572.39551028074
"Estuary_1649",1758.49767859007,237.924735913237,234.350483233592,241.498988592882,325.163805748091,210.915434910233,491.047943472193
"Estuary_1667",9882.8860873207,1337.15448761449,1324.42895648233,1349.88001874665,1827.44446640647,1191.9860608341,2744.75603811819
"Estuary_168",175.977004120285,23.8096886574745,22.3756179588916,25.2437593560574,32.5399078318818,20.1380561630025,51.3289773573167
"Estuary_1689",46155.8044826502,6244.88034650257,6200.2154184935,6289.54527451164,8534.66980688684,5580.19387664415,12788.7420581737
"Estuary_1700",262.054906991281,37.3280529580097,36.9624387705239,37.6936671454954,46.5845488096684,30.3145527967856,70.9096984361178
"Estuary_1709",1087.63722874118,338.461829211966,335.396672585275,341.526985838658,9.81048780324541,0,108.892662151456
"Estuary_1719",32901.0108427712,10227.1346360456,10212.0714207783,10242.1978513129,308.098045918126,7.83293480266572,3280.59399829783
"Estuary_1743",50494.5477153514,8461.09547412727,8437.26409411161,8484.92685414292,7707.7636498054,5006.68346391609,12296.9098452269
"Estuary_176",1075.55175129975,175.638059181942,172.388026808986,178.888091554898,168.764367101752,108.082777350981,270.697151113198
"Estuary_1767",14724.5053230441,1992.22557020786,1986.80701717923,1997.64412323649,2722.70827928408,1788.12631546131,4061.8763839142
"Estuary_1771",7082.72434411117,958.292603758242,946.756154185103,969.829053331381,1309.6665584696,852.080538766592,1971.98574177381
"Estuary_178",0,0,0,0,0,0,0
"Estuary_179",222.675457588176,36.3629970858911,35.6834238671535,37.0425703046287,34.9399111884186,22.3725720883602,56.0535816790025
"Estuary_1806",11832.3586202224,1608.64888731347,1596.14457753765,1621.1531970893,2180.19066646793,1424.31604752676,3272.71256300526
"Estuary_1831",170129.685007663,13060.7360607596,13018.9051017652,13102.567019754,41416.4903755443,30576.2576901794,56943.9860446054
"Estuary_185",59.885617707508,9.77934688344629,9.58799322622988,9.97070054066269,9.39662676267484,6.0114206090518,15.0878697821645
"Estuary_188",851.049929719138,138.976816078038,137.327479459018,140.626152697057,133.537881917327,86.1007325235347,212.798395780419
"Estuary_1886",0,0,0,0,0,0,0
"Estuary_19",4451.88084267299,602.339478013655,601.154030620748,603.524925406563,823.197286618662,541.038627558672,1227.16734832668
"Estuary_1900",10028.2863438467,927.247756332465,921.136943533315,933.358569131614,2283.90981383068,1639.84509893416,3209.47406158004
"Estuary_192",2558.0028789503,417.722959864753,415.301702003335,420.144217726171,401.375142003924,260.38328892091,635.770899038605
"Estuary_1933",275.231513739534,37.2388238089589,35.9459609825397,38.5316866353782,50.8930592055772,32.3513648842857,78.3477628252689
"Estuary_1938",5591.70203432331,523.374263501427,520.864937329325,525.88358967353,1267.14464490924,909.701985514325,1780.0097306525
"Estuary_194",175.602075211057,28.6758936900246,27.9872763593223,29.3645110207268,27.553646813308,17.5472891905467,44.4349839503066
"Estuary_1947",12117.8628676309,1865.78731952932,1859.1545612975,1872.42007776114,2014.47354931476,1314.27530551003,3118.55176678544
"Estuary_1954",364.93505950313,27.979571012105,26.7394877619649,29.2196542622451,88.8762843913924,62.9164417928586,127.191436200361
"Estuary_197",659.058881772869,107.624596158504,106.124707273869,109.124485043139,103.412648373986,66.5374116755169,165.129422317121
"Estuary_2015",31970.508694402,9416.63747239317,9399.35737444764,9433.9175703387,820.639116641297,367.815038947996,3711.17675985882
"Estuary_2017",14002.2436180606,4357.35819150429,4347.07218008611,4367.64420292247,126.300237434907,0,1392.58220962745
"Estuary_2031",24466.0470235837,7613.58917326901,7605.72619450296,7621.45215203506,220.683744152725,0,2430.02822238799
"Estuary_2033",0,0,0,0,0,0,0
"Estuary_2036",5898.95313830407,1835.69522710884,1830.30417622621,1841.08627799148,53.2085573075028,0,587.013016171197
"Estuary_2055",1387.2526782468,187.695287366792,187.381386446507,188.009188287077,256.516892734616,168.643247801856,382.285349517057
"Estuary_2071",9962.5441221516,1347.93221972711,1328.13229959452,1367.7321398597,1842.17403362705,1195.31906963507,2781.05535104806
"Estuary_2075",17981.4836656723,2432.89473996546,2423.51316013633,2442.27631979458,3324.95614461946,2181.1618441227,4965.96185024898
"Estuary_208",2900.83591673523,473.707740984979,469.93625288582,477.479229084138,455.168927912807,294.637721250166,722.531421210545
"Estuary_2104",13619.7683433269,2422.81153207842,2420.66630524322,2424.95675891362,1938.3744891383,1255.78845795504,3169.68163797803
"Estuary_2106",12139.6829595503,1642.49910442716,1638.68657974166,1646.31162911266,2244.74877605045,1474.81792176749,3347.50031252907
"Estuary_2112",62.0661591250548,8.39755132961991,8.34362327809754,8.45147938114228,11.4766534838139,7.50926095028779,17.184674741656
"Estuary_212",0,0,0,0,0,0,0
"Estuary_2120",12722.5032178501,999.600615411894,995.684680100648,1003.51655072314,3074.27213997588,2263.98809444805,4238.38099556683
"Estuary_2138",118954.135463741,9920.67322517823,9900.84136927909,9940.50508107738,28169.6304916663,20712.781073907,38977.0548847461
"Estuary_214",4811.47013196708,650.991908855146,634.006420355854,667.977397354438,889.688942102033,570.605778320268,1358.22070795402
"Estuary_2146",23823.9409704658,2459.61643369689,2456.7615166881,2462.47135070567,5169.04770445596,3670.92226044137,7326.46126414497
"Estuary_2196",8927.37083419096,711.232454523187,706.251555190538,716.213353855836,2147.4009602931,1572.63561898159,2973.32779093735
"Estuary_2244",1396.91868510496,107.101755586998,105.793663445401,108.409847728594,340.205576570463,248.926266930356,471.901690112702
"Estuary_2259",679.88518890731,125.515403286488,120.379311411323,130.651495161653,92.1906330535221,58.8862285430114,159.798165075133
"Estuary_226",21203.093009203,3468.15468091221,3461.93586971478,3474.37349210963,3321.28773156467,2163.06229048404,5243.19155495874
"Estuary_2262",23245.6027648521,1782.24036398121,1777.03569745462,1787.4450305078,5661.23409735208,4181.26046459911,7780.64307397513
"Estuary_2265",12451.1766365024,1684.64419891877,1672.99307981012,1696.29531802743,2302.34707185566,1505.69377182911,3449.13381332243
"Estuary_2283",12890.3358489976,3271.18143662249,3259.48598933591,3282.87688390908,856.433005585032,513.143966435015,2026.36033029636
"Estuary_23",431.683903014965,58.4068320779248,57.6480237484937,59.165640407356,79.8226705064972,51.8832213736443,120.30346882829
"Estuary_2301",24039.8363299726,6100.59095924677,6088.39404970821,6112.78786878533,1597.20503197376,958.501641703067,3773.12682834269
"Estuary_2307",8803.32616587001,1191.09003024221,1173.6401876739,1208.53987281052,1627.82304133102,1056.27616890651,2457.36440804806
"Estuary_231",12601.3623277666,1704.96432294681,1699.03094817964,1710.89769771399,2330.11790802731,1529.12785336167,3478.82531868511
"Estuary_2313",3486.36426144856,1084.92169452018,1074.35808332044,1095.48530571992,31.4470056382661,0,349.285169939684
"Estuary_232",13872.3897990457,1876.93433981089,1873.18659085841,1880.68208876336,2565.14359774154,1685.86793177257,3824.0535804855
"Estuary_2331",56766.9422030109,4352.57955610113,4334.93360513263,4370.22550706962,13824.763006725,10198.9818997855,19021.9473788909
"Estuary_2332",278.783044914327,84.3302474588222,81.6287447154826,87.0317502021618,4.9388713531943,1.6245609059164,31.048872277267
"Estuary_2349",21236.1138279917,6608.46626213272,6589.90004468662,6627.03247957883,191.549746728485,0,2112.96687754687
"Estuary_237",1333.22552970632,217.716296967075,215.960391560931,219.472202373218,209.195849900186,135.401508734561,332.109864969617
"Estuary_2372",77.1063017429899,7.0182886660498,5.66846874613971,8.36810858595988,17.671920215073,10.3409587074353,29.3633755146627
"Estuary_241",794.252873283005,129.701832565962,128.652498552934,130.75116657899,124.625879987989,80.66174672416,197.855363037388
"Estuary_2417",32454.2112860372,10099.4260101019,10072.0712810792,10126.7807391247,292.736985800056,0,3228.82864146004
"Estuary_242",47446.7777049247,7237.98645626784,7177.17785698686,7298.79505554881,7954.94623262611,5167.20447965949,12337.4326847656
"Estuary_243",16450.4177911018,2283.43418362689,2245.39216624776,2321.47620100603,2984.15409726181,1930.51895097467,4542.41836609942
"Estuary_2439",1716.30290358984,232.215782855705,226.778915428857,237.652650282553,317.361569902797,204.101023885971,483.227055574525
"Estuary_2459",1297.27936221985,99.4624087013963,98.5123766445315,100.412440758261,315.939415875023,231.793827398898,437.089448006548
"Estuary_2481",9533.54202229662,730.936666849482,725.724314880753,736.149018818212,2321.79882411012,1707.58662324883,3204.41337603221
"Estuary_2496",2596.74276156681,351.33929563999,348.940306605183,353.738284674796,480.163704041319,314.046275944665,719.267845505419
"Estuary_250",556.363372364021,42.6563797591495,42.0512290335975,43.2615304847015,135.496735705534,98.944068314347,188.314897403995
"Estuary_2516",5981.00282488504,1517.79950827829,1511.20266534546,1524.39635121113,397.377406278145,237.910066900005,940.935771573791
"Estuary_2522",2135.44036291583,288.925081102512,285.104720795832,292.745441409192,394.864277506766,256.594248716249,595.24906419869
"Estuary_2558",2045.71425507728,276.785138711956,268.982795953155,284.587481470758,378.27302290634,242.084516357839,578.661212323874
"Estuary_2584",3316.36600348738,272.212105508166,269.998103522893,274.42610749344,789.721452468527,575.606095638464,1097.71374910866
"Estuary_2586",2233.78384354918,480.300440402266,473.157632738231,487.443248066301,234.979484140618,146.517154283035,442.957720519021
"Estuary_260",3805.87413644559,343.475564622944,340.430107789064,346.521021456824,875.203392608297,629.271097531218,1229.29711907754
"Estuary_2607",9910.38334350868,2570.71853438985,2543.20919943062,2598.22786934908,602.685316035062,351.554460701508,1512.6170746833
"Estuary_2624",19278.9230963842,1520.79029608993,1517.86039861055,1523.72019356932,4652.51366860325,3429.35322643424,6403.78610287985
"Estuary_2637",9947.21638766481,1345.85837725105,1335.45422233789,1356.26253216421,1839.3397822431,1201.9088001041,2757.73381540056
"Estuary_2643",4542.24298666946,614.565476096378,607.542662022761,621.588290169995,839.906150665049,546.788395820484,1263.89619001232
"Estuary_2653",4263.98423955895,1234.3456656106,1231.07075447752,1237.62057674369,131.024727738567,63.9124645081153,517.004168976903
"Estuary_2655",22072.3860684584,1693.49133279492,1684.62811976041,1702.35454582943,5374.30741018615,3959.82341903328,7403.78401793129
"Estuary_2658",8357.01607974419,2338.10612831728,2330.3687190157,2345.84353761885,337.89399057761,199.387617979096,1095.30955349437
"Estuary_2665",59329.5518232293,5044.98776028473,5028.60120955781,5061.37431101165,13952.9280290315,10173.707374284,19367.1561160121
"Estuary_2689",34774.2594615189,3041.55611756863,3018.39308979573,3064.71914534153,8093.50950460432,5852.94747750071,11315.6711089505
"Estuary_2702",5689.58941908603,1721.35357184199,1705.61915501687,1737.08798866712,100.509856043544,33.7431665763895,619.320582495991
"Estuary_2709",2770.2093579363,374.809326128782,369.500954573079,380.117697684484,512.239412376001,332.550859115771,772.905985291784
"Estuary_271",8848.33095790443,2753.51211079028,2747.59796237949,2759.42625920107,79.811945240298,0,879.817068151065
"Estuary_2716",1287.90851858645,246.390763121817,245.582187790601,247.199338453032,166.01042361475,107.771902424682,283.105795352307
"Estuary_2719",121.924909998747,16.4964403228305,16.0502445757798,16.9426360698812,22.5451351078684,14.4452201182018,34.4500266754252
"Estuary_273",1054.12249868056,172.138653100175,171.10208507095,173.175221129399,165.401912202329,107.27652556464,262.052317712497
"Estuary_2730",455.090786618602,36.5644592201437,35.6030068420662,37.5259115982212,109.160161562999,78.3109569092883,154.159063990318
"Estuary_2738",2979.00631519744,403.059554446214,396.467467876665,409.651641015763,550.848057743159,356.820721088998,832.958336732051
"Estuary_2739",21182.1616923087,1651.22817705584,1637.82908460523,1664.62726950646,5131.51181843832,3763.28268434249,7099.28712982274
"Estuary_2752",394.601384346136,75.4914924583937,74.8921424787624,76.0908424380251,50.8638168230826,32.8658553953376,87.1432690809449
"Estuary_2754",3864.90880812337,739.398658279648,737.991092900034,740.806223659262,498.183791169537,323.861859729513,848.410584200825
"Estuary_2766",486.542217340385,37.3031918034873,32.0201996211867,42.586183985788,118.492491611077,75.3416461674982,185.375153820489
"Estuary_2774",1373.71967958233,185.864272647489,181.131610686512,190.596934608466,254.014505951568,163.01844961786,387.547100370547
"Estuary_2789",24207.2756382487,2093.67268291903,2085.91661587539,2101.42874996267,5657.73904920457,4113.99459282065,7870.28337992741
"Estuary_2790",8143.27275453348,2534.10504848327,2528.77770323846,2539.43239372809,73.4523202458921,0,809.674096550985
"Estuary_2809",195667.194218175,15140.6330054249,15022.8893715173,15258.3766393326,47513.9592551768,34906.6619351801,65669.8920986339
"Estuary_2811",0,0,0,0,0,0,0
"Estuary_2815",1277.16601510123,97.9203183778116,94.3233713644896,101.517265391134,311.041011317754,221.937344387034,441.898684643758
"Estuary_2825",2404.19743309667,325.28791269798,320.776057548182,329.799767847777,444.560147353906,288.698451793364,670.59286129048
"Estuary_2833",33869.4683859622,2638.31888601678,2598.89145264915,2677.7463193844,8207.02358585218,5977.81669727651,11430.3513941068
"Estuary_2836",45297.1668476983,6207.71800487004,6183.32420978914,6232.11179995094,8296.88779143144,5941.11679818423,12431.351161625
"Estuary_286",2404.00869958971,334.637744163443,332.988797971714,336.286690355172,435.149881532179,284.835009875111,655.204190633538
"Estuary_2865",1886.72843986996,165.551693000323,165.021612160316,166.081773840331,438.597620730437,322.156607625883,610.729783587574
"Estuary_2885",11.2521894676347,3.50156884043325,3.48258443822899,3.5205532426375,0.101494748998065,0,1.12249523678297
"Estuary_289",3437.68968766534,465.723290915315,463.555305874589,467.89127595604,635.059323972003,416.242694745123,949.538643047063
"Estuary_291",157.224272834272,21.2724441144771,21.144339106466,21.4005491224881,29.0723402897853,19.0299051958194,43.5144498823925
"Estuary_2916",84.5962133152832,11.4458676615578,11.0319130853096,11.859822237806,15.642685804129,9.92872177677866,24.1149718835389
"Estuary_2937",24724.4881836975,6502.81097488939,6494.00846523929,6511.61348453949,1414.21738641237,823.562332247731,3649.29940546901
"Estuary_2946",901.405911203272,280.508505507346,279.891632122977,281.125378891715,8.13068131905352,0,89.6341787770687
"Estuary_2954",1826.34911534379,140.026186673409,137.90410148311,142.148271863707,444.789063550827,324.480238783788,618.763065759666
"Estuary_2967",62012.4453961535,4964.00126065218,4958.01649978553,4969.98602151883,14893.0038796501,11003.1322789491,20511.2256749071
"Estuary_2968",16.136984191717,5.0216681106204,4.98527175460704,5.05806446663375,0.145555597409287,0,1.61271620675279
"Estuary_2970",40.5832983737377,3.91586498848403,3.88316686423787,3.9485631127302,9.07931298377052,6.64229963274699,12.8463070032313
"Estuary_2975",3902.44808178051,746.580325416669,743.195263351879,749.96538748146,503.022574850269,326.145670926015,858.900144467743
"Estuary_2986",5204.89153260856,431.616249555133,428.803700092863,434.428799017403,1235.04206810145,907.803590625049,1715.63050296981
"Estuary_2987",590.276243054945,45.2564795550227,45.1237637978066,45.3891953122387,143.755876233601,106.173561877192,197.57649724151
"Estuary_2991",1240.9783471929,108.89010946837,107.702598943986,110.077619992755,288.483567086269,210.257938060731,404.786626981971
"Estuary_2994",3144.75322373044,256.342227917444,255.527911889418,257.156543945469,750.639201853281,550.325706039523,1037.58156502478
"Estuary_2996",2821.80361140516,539.841405783317,535.899793457856,543.783018108777,363.728328624731,235.1756076837,622.769157895677
"Estuary_2997",0,0,0,0,0,0,0
"Estuary_30000",1875.3493795785,583.589973431033,579.5122484444,587.667698417666,16.9156514037981,0,187.372309640415
"Estuary_30001",26116.691693799,4062.43500094084,4053.92358177354,4070.94642010814,4300.39084633055,2808.20899020316,6670.06201335046
"Estuary_30002",33081.3649273028,4475.4905737566,4469.59328960473,4481.38785790847,6117.49328961503,4171.13636387626,9113.42522163919
"Estuary_30003",39390.1891076496,7262.31568527875,7225.75794619862,7298.87342435888,5350.81676888172,3441.02562739875,8948.63268569802
"Estuary_30004",18293.4219968559,1480.71320640737,1473.37727481614,1488.04913799859,4377.02345120587,3207.21681916039,6056.95026689574
"Estuary_30005",8285.13471593228,1120.97872706564,1114.73055262886,1127.22690150241,1532.00426032304,1003.25749736598,2292.0280330549
"Estuary_30006",238803.412321735,74313.2338804007,74227.3230014088,74399.1447593926,2154.00677914205,0,23721.4664450237
"Estuary_30007",207090.125394579,64238.403531608,64179.0330566266,64297.7740065894,2073.92552099019,142.464617833228,20772.6356082369
"Estuary_30008",1452.49404206676,266.429315723462,265.682107146763,267.176524300161,198.673801486735,128.112827836913,330.613385575957
"Estuary_30009",1297.18371062393,175.508956047418,174.723433139693,176.294478955143,239.862239931471,157.251089825723,358.465440542123
"Estuary_30010",3821.88807330348,517.101456317961,515.074667037397,519.128245598525,706.705323634546,463.567200333657,1055.56076605033
"Estuary_30011",4606.09496321002,861.245673627058,858.795088713976,863.69625854014,613.671994542423,394.959527855225,1032.07007597435
"Estuary_30012",1303.2796461615,176.333736125651,175.397859045048,177.269613206254,240.989439371724,157.858073140543,360.448213519384
"Estuary_30013",16276.0575803033,2202.15059061503,2195.63470758737,2208.66647364269,3009.60580717387,1976.07123682863,4490.95516307347
"Estuary_30014",977.94319228867,132.315713916657,131.416726001211,133.214701832103,180.831475686098,118.27505340109,270.869893725276
"Estuary_30015",261.996823417263,35.4481702083558,35.135027893581,35.7613125231305,48.4458326180862,31.6215251042229,72.714668797032
"Estuary_30016",198.753310254227,26.8913228773969,26.6499526838792,27.1326930709145,36.751474599109,23.9849574154913,55.1698092441928
"Estuary_30017",844.004782083105,136.682393654002,136.015732924445,137.349054383558,133.57637761683,86.7801286932345,210.728436338301
"Estuary_30018",403.865531175821,65.4040222132539,64.750958243291,66.0570861832168,63.9177595245556,41.3121068316735,101.348396921472
"Estuary_30019",1470.33064132387,238.112764033108,237.01827537486,239.207252691356,232.701810625207,151.221303575994,367.004858873383
"Estuary_30020",9068.01343066949,1468.51985640586,1465.31138379948,1471.72832901224,1435.14872422882,934.891190362633,2258.00614994736
"Estuary_30021",313377.612016808,25906.9712467259,25880.8466363637,25933.0958570882,74439.6738971763,54945.7670383364,102809.9036503
"Estuary_30022",16939.941421098,1313.65012762727,1311.22940825634,1316.07084699819,4110.68851482253,3035.49664710396,5649.06185206068
"Estuary_30024",9083.05198008295,755.940880642044,755.044840270265,756.836921013823,2152.54319390032,1577.16760721261,2975.35709087538
"Estuary_30025",11791.843871887,925.588431495848,924.015704389472,927.161158602224,2850.27789472109,2102.16287228116,3920.55257609152
"Estuary_30026",7575.2824358626,580.796904357585,579.967223453654,581.626585261517,1844.88428442998,1364.62876106742,2531.78631231484
"Estuary_30027",12418.0670655147,3864.37829011751,3849.29205995859,3879.46452027643,112.010964930943,0,1236.93071660988
"Estuary_3021",5228.48163911606,664.334083105111,661.468063165168,667.200103045054,1009.87802255624,676.819158438938,1487.87838604483
"Estuary_3023",410634.881935527,31563.254075157,31451.0195117046,31675.4886386094,99926.141469418,73744.1712936223,137452.437855567
"Estuary_3033",72990.686485004,5720.56436175005,5688.22452333457,5752.90420016553,17651.7833576131,12969.4150851247,24372.5531090556
"Estuary_3034",6049.21886169077,1353.13135959367,1346.6789840947,1359.58373509264,583.889012108331,364.708373341802,1134.91468413765
"Estuary_3035",133447.881893585,24666.9348459048,24648.8617685495,24685.0079232602,18064.4114152399,11664.2478052666,30123.4651946087
"Estuary_3039",190069.240241443,14625.3242492923,14599.3701636411,14651.2783349434,46236.7471684202,34175.0205672128,63493.4684837623
"Estuary_3040",15898.5331717244,4572.53136895958,4567.80066639103,4577.26207152814,518.337937958272,259.300568797229,1954.40555183065
"Estuary_3070",537.412692698649,41.2034311492054,40.6577720814073,41.7490902170035,130.881487179829,95.6653460738995,181.73133388578
"Estuary_3072",28765.4299668525,4348.39426318443,4337.65878305343,4359.12974331544,4862.5840665014,3359.43529511903,7475.63653058006
"Estuary_308",744.21157735543,100.69182641619,99.7845955262939,101.599057306085,137.612162768793,89.8061359736645,206.584749855707
"Estuary_3082",650.036517508027,202.284863883323,200.888397259615,203.681330507031,5.86332938792241,0,64.9418734949954
"Estuary_309",29567.5603123765,4083.73666392903,4078.57307937371,4088.90024848434,5384.09182369705,3538.33052085577,8061.26576947246
"Estuary_3112",327.359978870695,44.291805141205,44.2155368498796,44.3680734325305,60.5321336929802,39.7939831648916,90.2150826461454
"Estuary_3115",9043.55004057088,1135.00631644603,1129.59963854169,1140.41299435036,1760.82884204517,1241.94931917268,2588.83065621286
"Estuary_3118",93130.5088986057,17049.3061574369,17036.344685565,17062.2676293089,12772.0140969856,8254.31940376038,21188.4819793274
"Estuary_3121",4180.73856198548,1301.00403310426,1296.75265199247,1305.25541421606,37.7102618291091,0,416.168392938453
"Estuary_3126",73094.6620163734,14461.0637290512,14451.0240180813,14471.1034400211,8944.57799521177,5731.96986822876,15548.5036949974
"Estuary_3128",285802.367066386,22388.8712954554,22357.8899476761,22419.8526432348,69127.9046628721,51118.0251283686,95038.6092855191
"Estuary_3139",52.7929538919546,7.14288666158146,7.1329913351878,7.15278198797513,9.76194510416133,6.41969220166902,14.5439900422161
"Estuary_3154",4474.16021157375,1385.3020569397,1374.43210186961,1396.17201200979,47.3687844083306,4.81627372312674,454.47638018804
"Estuary_3164",3632.88588411703,1122.70227255233,1105.21435110905,1140.19019399561,40.5841164007839,5.32644007289222,374.006836431829
"Estuary_3184",285989.761584282,22456.3316759418,22382.023872037,22530.6394798467,69120.4498809609,51000.9395474858,95230.8049881943
"Estuary_3191",9103.50876084457,2832.92089128722,2829.31769586427,2836.52408671017,82.1136490228181,0,904.398984168461
"Estuary_3196",26325.8967087172,8192.3557967857,8179.50459864395,8205.20699492745,237.459588312629,0,2616.1529549044
"Estuary_3202",1017.49242688023,316.63346832086,300.367983827813,332.898952813907,9.17778169045972,0,106.141695100086
"Estuary_3207",124004.400931114,20010.5286786897,19998.8855175464,20022.171839833,19696.9205434625,13913.3066308408,30900.0863215847
"Estuary_321",21567.7202696373,6507.06339061078,6500.06172212461,6514.06505909694,399.136316929772,141.490615302182,2347.06743993342
"Estuary_3212",1863.80556705146,256.409333993541,255.685842156971,257.132825830112,340.399846632006,223.390574619567,509.949949408683
"Estuary_3214",2106.82770293171,204.713509828324,203.334259592838,206.09276006381,469.913788927439,334.807738097237,664.396035797848
"Estuary_3242",53146.908132953,10674.7085254467,10657.5397127425,10691.877338151,6343.46292780612,4053.21663260782,11155.2268919788
"Estuary_3261",12128.5137913778,3767.15097260686,3757.20012160184,3777.10182361187,116.52042853023,4.9170624507944,1213.70991578757
"Estuary_3269",460800.492794495,35464.676474708,35415.5601536939,35513.7927957221,112088.249323017,82891.987868056,153865.252647744
"Estuary_3276",3037.60513402882,942.363216746369,938.631224391543,946.095209101195,30.3083232209996,2.00603357652913,305.505411090107
"Estuary_3285",1198.74098341416,373.036206628653,371.86925349194,374.203159765365,10.8126436703957,0,119.311152388957
"Estuary_3288",5883.95958894418,911.80965795155,905.99527844972,917.62403745338,972.293042024266,632.324834929081,1512.61061474084
"Estuary_3293",1864.50728407036,580.216021729854,578.257473448239,582.17457001147,16.8178557023146,0,185.620877394962
"Estuary_3294",848.655732490741,88.8285095346622,86.8632025811325,90.793816488192,182.919542566198,130.472433868768,265.208955967021
"Estuary_3303",78170.0191781862,6502.47765037914,6490.95643067445,6513.99887008384,18528.3441906678,13602.9737961714,25624.6017993221
"Estuary_3307",72776.3033446457,22607.0060728535,22582.2367066518,22631.7754390552,696.694021135514,27.8360744680571,7269.07222520589
"Estuary_331",3351.75787203465,1043.03353219846,1040.85595671017,1045.21110768675,30.2328560057526,0,333.255715494327
"Estuary_3317",8212.57956711064,2555.67263548916,2550.72514925698,2560.62012172134,74.077467695338,0,816.429604027095
"Estuary_3321",968.557828684332,301.405510708277,291.316410238692,311.494611177862,8.73639161473268,0,99.3171224045358
"Estuary_3327",22392.7402458584,6959.853247947,6945.59501157576,6974.11148431824,210.526106179329,5.90267521383025,2234.92046403203
"Estuary_3329",42441.5463145351,12749.0486772474,12735.0417912403,12763.0555632546,841.158868129887,316.96100600457,4674.51641963222
"Estuary_3330",460.155358971183,35.2801113723206,34.2589045774169,36.3013181672244,112.066236123842,80.609187240981,158.017502610271
"Estuary_3351",16001.8097714876,1226.85875517996,1209.83792543621,1243.8795849237,3897.0807517481,2846.67747161462,5414.53466378554
"Estuary_3357",8654.68500960488,2693.25142813894,2689.1622492555,2697.34060702239,78.0652587866361,0,860.021642818732
"Estuary_3358",21904.4938025597,3185.51138720382,3181.64514201433,3189.37763239331,3828.52657331381,2510.68234773903,5811.35658948845
"Estuary_3367",915.407853379459,198.902802366229,198.658486789576,199.147117942882,94.2199463644076,59.439723094411,177.006888471989
"Estuary_3397",75.2316876283383,17.2596774563699,16.73510177028,17.7842531424598,6.83026123910035,4.12940966143707,14.0299972194359
"Estuary_34",261.219593523395,35.3430110037154,35.0272647985182,35.6587572089126,48.302115038411,31.5245383186663,72.5061396581222
"Estuary_3415",8523.45554303155,653.493336484229,649.001187757412,657.985485211047,2075.8023629499,1527.06161825273,2864.17211209514
"Estuary_3418",51082.9716055975,4071.14840520729,4065.31252173158,4076.984288683,12286.1299326211,9047.76275857175,16918.0308065954
"Estuary_343",30449.6996163551,9475.64202361355,9466.84491674682,9484.43913048027,274.656290539523,0,3024.02407058792
"Estuary_3430",2590.44121607084,227.299233888636,225.741399503749,228.857068273522,602.185947909407,440.694297630525,841.572344437672
"Estuary_3442",363.988361905649,49.2476253658343,47.5761826680487,50.91906806362,67.3050879999736,42.8185644012438,103.535438396027
"Estuary_3454",11845.2628629679,2006.25692083148,1993.28636110362,2019.22748055934,1786.71470051947,1283.85382778735,2873.61615816294
"Estuary_347",16696.7972962588,4111.62786354672,4100.13942001885,4123.1163070746,1234.85359868831,748.536196413416,2748.56317274441
"Estuary_3477",1226.60340381278,165.959440535869,162.271030624371,169.647850447368,226.811235399021,146.043927561933,344.950629242981
"Estuary_3480",3325.63631534102,443.16744564779,439.983108572543,446.351782723037,621.734558887557,451.911882849173,928.329791241575
"Estuary_3509",17728.0978042025,2368.04443910035,2363.78974508449,2372.29913311621,3308.66975878334,2417.5024391826,4916.56198390731
"Estuary_3525",0,0,0,0,0,0,0
"Estuary_354",7582.1648674364,1867.126957452,1860.93207115221,1873.3218437518,560.758054749805,339.738450727514,1248.79897799611
"Estuary_357",23731.7788986034,5844.00958098062,5835.40727254134,5852.61188941989,1755.14334014116,1065.33293550569,3901.48429139002
"Estuary_36",1032.58832157499,139.709199909096,139.169319877645,140.249079940547,190.935906542431,125.25238788988,285.173129212445
"Estuary_3601",328.381541136209,44.4300225157291,42.6419277574908,46.2181172739673,60.7210307714964,38.3777349817417,93.9768384570669
"Estuary_3632",485.189040419609,37.1994437289714,36.9430427044695,37.4558447534734,118.162938903792,86.9248063634577,163.043088926884
"Estuary_364",2868.75980051362,706.439236239484,703.10963877893,709.768833700037,212.166339482983,128.362224002317,473.148058938415
"Estuary_3666",201.979665076072,16.9147199554871,16.8144675530754,17.0149723578988,47.7611885985218,34.8007013535667,66.3708119350279
"Estuary_37",2036.29795284873,275.511113020433,274.798413031448,276.223813009417,376.531854461258,247.318571728303,561.655086452482
"Estuary_3715",148759.171585971,22291.5083486869,22236.6435923448,22346.3731050291,25342.6659848568,16963.3749594086,38856.1427611934
"Estuary_3718",8181.98995020739,634.844803017299,630.624997393271,639.064608641327,1985.11019893861,1458.81564388433,2741.22627554622
"Estuary_3729",49032.7971287392,4205.22114984159,4169.6368082434,4240.80549143979,11495.570818752,8428.7735364579,16053.0291131502
"Estuary_3744",57511.0035818713,12561.1970224406,12522.6169534744,12599.7770914067,5854.40143451044,3716.84361034204,11075.807686489
"Estuary_3785",9105.88961684873,698.747230663919,696.364715676661,701.129745651176,2217.04968354721,1636.50473986403,3048.76094764704
"Estuary_379",15.1179563878025,2.44827814972994,2.23809539113397,2.65846090832591,2.39264266520829,1.4279392677186,4.07875622291202
"Estuary_3837",413.298653426677,31.6876077582233,31.071644415835,32.3035711006117,100.654754055533,73.1097515666706,140.615544790898
"Estuary_3847",0,0,0,0,0,0,0
"Estuary_3855",26946.7996641672,2269.96473606946,2265.42847132004,2274.50100081888,6358.66998439353,4652.82762704601,8806.83566697514
"Estuary_3857",35623.1053837392,5038.3033324084,5018.22119984363,5058.38546497317,6368.57124251874,4169.8710994861,9619.9672691125
"Estuary_3859",7750.23009683964,682.005290770858,677.410173969395,686.60040757232,1799.69588853817,1301.51769766481,2515.602472468
"Estuary_3894",784.389557628475,60.1391473833752,59.5721861451212,60.7061086216292,191.030232864839,140.169849753226,264.250119882386
"Estuary_3904",1554.39964055682,119.175820441491,117.873835450836,120.477805432146,378.558488461207,277.350201060792,524.4328001164
"Estuary_3910",3535.74676284697,297.18874355776,289.68232042076,304.695166694759,834.992727373469,596.294143014475,1183.0628390343
"Estuary_3911",1713.08972206343,185.314676228384,172.289698332153,198.339654124614,363.233783673548,242.209118858211,554.145229622745
"Estuary_3913",67082.0346597787,6356.61562292876,6352.11919334972,6361.1120525078,15123.722695479,10905.5068760625,21189.5002783053
"Estuary_3916",1057.87651693884,214.962722521104,212.21182021093,217.713624831279,123.779916967881,78.2635603089042,222.005510873309
"Estuary_3922",39620.0859479774,3356.60488011311,3350.95530192234,3362.25445830388,9330.14284128872,6888.45905448551,12925.5933992814
"Estuary_3923",27005.5365944393,2143.47884673924,2136.80717282172,2150.15052065676,6503.96402616617,4787.26489913599,8967.6891523202
"Estuary_3924",221008.646834932,18367.2142593592,18341.011437713,18393.4170810054,52401.9645436543,38430.8596038509,72440.1409788299
"Estuary_3934",38296.251897734,3493.63067670318,3468.02243569714,3519.23891770921,8769.21214347024,6421.93335386333,12313.1323179358
"Estuary_3939",9855.13499605407,834.507493860309,831.824823273072,837.190164447547,2321.20528322616,1693.49048043686,3220.45801252928
"Estuary_3941",2966.6855064438,238.37505127371,235.427147464352,241.322955083067,711.587314744659,517.787311922124,991.291565050003
"Estuary_3944",11329.0096840213,1058.81990210288,1055.78606668304,1061.85373752272,2568.84228881759,1878.77174801359,3601.00744513473
"Estuary_3949",32416.1805979529,2487.71425148887,2482.35722135457,2493.07128162316,7892.27093778163,5832.92559877133,10839.5019955349
"Estuary_3953",19077.8355530139,2057.12268903903,2032.61853518175,2081.62684289632,4051.79103339154,2813.30085728408,5841.37433372167
"Estuary_3973",2004.17165286224,156.096383844526,154.275713604524,157.917054084528,485.659421118492,354.927381044626,674.208848104301
"Estuary_3990",1852.40337321755,376.412242769488,371.369174845411,381.455310693565,216.745841368504,136.960673460567,388.975109809917
"Estuary_3993",7046.37992097974,546.583666333996,543.805857991218,549.361474676774,1709.73764816293,1258.40119552384,2357.24033995883
"Estuary_401",1163.22133406441,286.446146751921,285.205655639785,287.686637864057,86.0289566288443,52.0681700787672,191.778460570479
"Estuary_4014",3327.52502560261,255.121343712952,253.840746879779,256.401940546125,810.38544473526,597.27234559948,1116.10256473019
"Estuary_4017",15205.1670676168,2947.76006290726,2935.11460785097,2960.40551796355,1921.08648381432,1345.83370886688,3306.71728879489
"Estuary_4021",23797.6182061343,3219.81774328997,3148.03832325469,3291.59716332525,4400.41758249629,2833.23449092922,6692.91423209468
"Estuary_4024",17352.9650610318,1820.57111251843,1813.0476506744,1828.09457436247,3736.02182967455,2662.33202728127,5323.16659156631
"Estuary_4027",0,0,0,0,0,0,0
"Estuary_4040",8954.18886173244,1475.00374942709,1471.21268615721,1478.79481269696,1392.21706598826,1000.85704663613,2205.53905836567
"Estuary_4043",14158.7373677782,1097.59331533979,1092.00023347382,1103.18639720576,3436.17597719645,2529.23887027523,4737.31194513385
"Estuary_4046",190.318247962872,14.6401422159203,14.5220994699782,14.7581849618623,46.3016639642711,34.0085317643698,63.9801122726776
"Estuary_4052",20686.1410173846,1710.05363427051,1697.65283295457,1722.45443558645,4913.85558090621,3581.57043096184,6828.91020243664
"Estuary_4058",12072.0188174,953.992656566282,947.456734981339,960.528578151226,2911.58848895338,2134.63568147994,4027.89240056503
"Estuary_4070",167.67146056423,13.5603849185493,13.4874531389902,13.6333166981084,40.1296934687226,29.3840268599828,55.550829809476
"Estuary_4071",10983.14886791,2353.14423318528,2338.54579937977,2367.74266699079,1163.76986580819,732.528461549398,2167.81566775752
"Estuary_4072",103057.374746557,8085.38483052639,8070.0830166266,8100.68664442618,24914.6171370687,18372.9067863231,34275.1364507113
"Estuary_4074",9453.26568245123,2672.08658429483,2659.31556376815,2684.85760482152,354.943619882872,185.80588124846,1213.39994513917
"Estuary_4087",15749.0827223208,1221.98182490279,1219.04379222382,1224.91985758177,3821.03195361155,2819.83874193056,5254.20168557028
"Estuary_4091",33216.1409899566,2587.39389262227,2584.11967829689,2590.66810694766,8048.74661377174,5943.94817950394,11058.8192130623
"Estuary_4095",5246.84526922071,414.454126267634,412.639875887772,416.268376647497,1265.63819738953,930.262310371297,1746.51559671539
"Estuary_4096",38983.6599381476,3003.3501785525,2999.83187369071,3006.86848341429,9479.60757024175,7010.56441407587,13011.157914283
"Estuary_4098",4526.41937250197,347.040573289726,345.423060077197,348.658086502256,1102.36417397913,812.760141358109,1517.68814124511
"Estuary_4103",42068.1994282786,3264.52632508406,3248.17672933493,3280.87592083319,10206.131813845,7512.13361287989,14070.8024612277
"Estuary_4104",23368.0030344534,1791.62479265154,1780.22917717545,1803.02040812763,5691.04345901078,4188.77453453048,7848.44177655557
"Estuary_4108",19835.1670292428,1520.76225613205,1515.68882791274,1525.83568435136,4830.6565783018,3566.32665391232,6641.8729789412
"Estuary_4123",25563.7124100217,2159.4680054168,2157.1772943709,2161.75871646269,6026.28834539624,4425.82822478213,8340.97373079754
"Estuary_4128",106383.714037108,11652.3502124898,11637.2822966956,11667.418128284,22412.7788593325,15735.0902130206,32049.9808920099
"Estuary_4136",2540.05440963702,343.669361623889,340.59934600356,346.739377244217,469.681460885981,306.539411403204,705.036733729908
"Estuary_4146",8563.40274250192,656.556088267622,649.758648963658,663.353527571586,2085.53110390892,1528.84387991449,2887.53888472337
"Estuary_4149",0,0,0,0,0,0,0
"Estuary_4155",48.2139850364285,5.66294907244448,5.51428494507789,5.81161319981106,9.77565107607028,6.59924728797094,14.4953512478194
"Estuary_4167",1393.39558664207,110.827903653601,109.968827148928,111.686980158274,335.351297145056,245.454806793571,464.609271431243
"Estuary_4168",17046.7146864404,1331.34177907352,1316.44679290341,1346.23676524362,4127.18673067157,3021.54100159235,5728.17790285652
"Estuary_4170",231.412967170847,27.1804922742153,26.3967848203934,27.9641997280372,46.9202539435618,31.5904804289494,69.7484301665592
"Estuary_4172",54658.7332709298,4403.73085372143,4399.01079148688,4408.45091595597,13098.542126963,9637.04932156519,18048.0836803353
"Estuary_4191",53947.1062233556,4219.28413657766,4198.75486508072,4239.8134080746,13055.118747203,9601.95095691024,18008.3445361946
"Estuary_4193",86278.9988261331,6650.93784170031,6644.3765575214,6657.49912587923,20976.4603724158,15513.4849081438,28787.1972278588
"Estuary_4211",22512.1068977533,1803.0121106624,1800.27306996033,1805.75115136447,5405.58963906719,3978.12266114441,7447.47833542255
"Estuary_4218",877.219733143898,103.033397268114,101.061735879778,105.005058656449,177.861133481894,120.946123217222,261.904079933021
"Estuary_4220",1241.25296612116,167.941526316193,165.739769935564,170.143282696821,229.520085965463,149.165792942008,345.958008150203
"Estuary_4224",24.9535728859479,2.93090920242096,2.47252244618231,3.3892959586596,5.05947437138843,2.95900324519509,8.4535969126753
"Estuary_4228",21208.2724164478,1691.33212499804,1685.66459778467,1696.9996522114,5099.76878547272,3748.07671336261,7036.25417380814
"Estuary_4234",85.3258745904817,6.57794675443562,6.43962412832571,6.71626938054553,20.7442515481825,15.0338498984031,29.0387020809484
"Estuary_4238",103.651935925624,9.62776112423013,8.73132499551093,10.5241972529493,23.5626252785139,15.4335004740574,35.9764529035086
"Estuary_4251",1663.84448052367,195.426006594442,192.546965704547,198.305047484337,337.353634514043,230.431516305114,494.613323129356
"Estuary_4270",3521.1238405115,476.408055621206,472.906872857347,479.909238385065,651.091009348981,425.616185571613,975.815451382965
"Estuary_4272",5651.71902816213,463.456619448148,459.204315309809,467.708923586488,1346.28033055965,980.352572209232,1873.0951458774
"Estuary_4294",1414.7314923476,108.467463518291,106.525682022853,110.409245013729,344.543707646335,250.648663583184,480.604948883289
"Estuary_4297",2000.5781303585,153.384325254586,152.509788292608,154.258862216565,487.220797867509,358.846560688489,671.479753177987
"Estuary_4298",5493.91012247022,954.743173297699,953.292338834934,956.194007760463,804.461787018492,579.815043183836,1301.98798820284
"Estuary_4312",3159.83559780223,427.525756382641,424.035698193067,431.015814572216,584.285200389609,381.63212837376,876.398822963505
"Estuary_4323",12945.1278337261,1064.51520062052,1062.43026890373,1066.60013233732,3080.6441830169,2275.44165659236,4256.61531287917
"Estuary_4331",15785.9635593494,1270.87727362234,1269.29444427783,1272.46010296684,3783.94611771695,2783.74900152663,5214.32619760423
"Estuary_4332",8230.24992943253,631.013262089592,629.58346245212,632.443061727065,2004.395067814,1481.37285282852,2752.98744516487
"Estuary_4333",24873.2184591618,1908.06931695819,1905.24772983277,1910.89090408361,6056.58396585,4479.69464487272,8312.42224398259
"Estuary_4336",14795.048429256,1236.91439101119,1235.41052586495,1238.41825615744,3500.60806652086,2563.32836925403,4841.000071758
"Estuary_4342",2154.2612743122,253.027661495973,250.550356738979,255.504966252967,436.788341151537,299.84735621719,637.281612533921
"Estuary_4351",8968.32822926209,732.306670417685,730.808226937985,733.805113897385,2139.44171187433,1578.19011307285,2954.41789359251
"Estuary_4356",15999.7400877981,1257.01550878231,1255.61553451657,1258.41548304805,3866.26126473151,2852.85682442113,5315.35109400554
"Estuary_436",7237.68723556331,2252.29589083495,2235.91148626376,2268.68029540614,65.2839388647811,0,723.347340564276
"Estuary_4365",4091.78543943028,480.598576146652,476.66268656112,484.534465732184,829.632039413317,570.448385039156,1208.52799919494
"Estuary_4383",4654.95058014614,369.552879889501,368.922981350545,370.182778428457,1121.0088453791,825.685491592319,1543.51180873551
"Estuary_4391",6842.04687644543,524.579734017071,522.843077662373,526.31639037177,1666.31209628952,1230.21900626441,2291.02428750064
"Estuary_4399",19349.407011525,1510.48703415185,1508.40283673656,1512.57123156715,4685.38658500857,3458.88579845447,6439.57629825767
"Estuary_4418",1797.9407939268,137.848120670368,134.71640598665,140.979835354085,437.870500952933,316.979778792117,613.676930364843
"Estuary_442",6281.33573640455,1546.79454842993,1543.31098838542,1550.27810847444,464.55196772417,281.7524037082,1033.45067155963
"Estuary_4425",23575.8798284595,1807.56270644799,1799.52962888228,1815.5957840137,5741.66977342303,4234.18736207595,7903.18164805965
"Estuary_4426",16096.6314239047,2177.87423165431,2160.59046270542,2195.15800060319,2976.42811659422,1944.53141643488,4463.48793455982
"Estuary_4436",40525.2580607228,3170.78663635878,3168.60747687363,3172.96579584392,9805.80624726528,7242.06084094801,13470.4358778082
"Estuary_444",4568.60016437993,1380.06949762582,1365.54447795242,1394.59451729921,82.8419610102817,28.5196185816826,500.138754932819
"Estuary_4441",7546.47150478454,666.171624213452,664.984700005897,667.358548421006,1750.28401633361,1271.53026450565,2435.30703826692
"Estuary_4466",29148.7806003226,2265.94320663032,2263.67191943957,2268.21449382107,7067.78782939897,5222.09416036592,9706.72771674099
"Estuary_4491",20746.8090283196,2807.04326153164,2792.53966517562,2821.54685788766,3836.29245742658,2513.28569865806,5737.14527770491
"Estuary_4498",22660.619697913,3065.98184512763,3047.24548812485,3084.71820213042,4190.1751883411,2742.52093931236,6272.26034433185
"Estuary_450",0,0,0,0,0,0,0
"Estuary_4504",13176.7283827551,1782.81135018676,1772.19799949474,1793.42470087878,2436.50884525524,1594.97819954526,3646.63022512019
"Estuary_4511",104778.8459014,8303.41824096434,8276.72299980317,8330.11348212551,25247.816005123,18572.1780963271,34810.423727366
"Estuary_4517",91.2603946534764,9.18964063062684,9.18601156860167,9.19326969265201,20.0328503413629,14.2650334224758,28.2756998294802
"Estuary_4525",14815.3753802606,2004.52028894926,1991.50812251482,2017.53245538371,2739.51106156399,1792.35731026334,4102.31599261354
"Estuary_4529",48575.6912044165,6572.29101995755,6548.19334672866,6596.38869318644,8982.13106060865,5893.37401205579,13412.6570094791
"Estuary_4540",67574.3029656827,5272.8751834109,5269.59041981981,5276.15994700199,16365.0923692304,12090.9140903554,22474.2862479223
"Estuary_4548",28642.4571845589,3875.32445707081,3850.35418338861,3900.29473075302,5296.27675799678,3465.31876504975,7930.59928586447
"Estuary_4558",29296.5379874487,2246.16556749769,2243.13418912121,2249.19694587417,7134.87886146325,5277.96279793225,9790.62199968756
"Estuary_456",3412.45077091631,840.32449000413,838.375558137557,842.273421870702,252.376371350983,153.056856649859,561.478633227733
"Estuary_4561",95138.552231217,12872.2461168837,12773.9438840126,12970.5483497547,17592.0696930743,11496.5494956113,26373.448311168
"Estuary_4570",78585.5986915798,6206.29312006149,6188.84726506579,6223.7389750572,18957.6014369693,13956.3648827977,26119.2376612885
"Estuary_4574",30541.6729037958,4100.12281463653,4064.81605401219,4135.42957526087,5679.62626588793,3718.92268818386,8507.11575412684
"Estuary_4576",2987.70553108695,229.067383068436,228.426747225474,229.708018911399,727.625805040916,537.474699354056,999.905494084913
"Estuary_4578",9762.47416354762,880.689835997672,877.168201396451,884.211470598893,2245.35201591191,1622.43567999338,3138.42690203524
"Estuary_4589",36513.7526304025,2808.13128416938,2806.17067395975,2810.09189437901,8883.9374456118,6573.86608775697,12185.9801306515
"Estuary_4608",0,0,0,0,0,0,0
"Estuary_4609",72449.0044462233,6687.648449403,6678.77623171575,6696.52066709025,16511.2472643222,11920.981057919,23076.7218053226
"Estuary_4610",10855.7470262395,1283.76026158392,1270.8111172882,1296.70940587965,2192.35849368823,1491.72642832031,3203.53790941978
"Estuary_4632",45407.8556380365,5780.24067026169,5764.28788937987,5796.19345114351,8759.80878359399,5876.4934665697,12891.0772910133
"Estuary_4652",11512.5492781536,981.832828965531,980.513463364877,983.152194566186,2704.60057539204,1975.04062612452,3748.06232597113
"Estuary_4667",4827.30112264836,370.10917707345,367.96674071058,372.25161343632,1175.64091540978,865.804095789599,1620.38937613457
"Estuary_4668",12000.3396989118,1623.64596126276,1614.32688361913,1632.96503890639,2218.98281372577,1452.89419525722,3320.36224577633
"Estuary_4684",56791.6037484324,7540.88413528274,7511.32883868965,7570.43943187583,10644.3553010028,7030.86864060323,15828.7540443572
"Estuary_4700",22003.3434271048,1705.31916512425,1700.25670524832,1710.38162500017,5340.37143366897,3939.35103815384,7346.81843473778
"Estuary_4715",50016.8743384115,6671.52189032146,6658.41418760629,6684.62959303662,9344.38144158129,6174.16158906214,13883.1265404213
"Estuary_472",0,0,0,0,0,0,0
"Estuary_473",6729.36466565457,2017.66895586414,2003.65621917206,2031.68169255623,137.140903725106,52.5538686007974,749.29758612816
"Estuary_4737",85721.3954826263,11183.6193827484,11162.3782257485,11204.8605397483,16265.2286647434,10832.1669638932,24042.8768396449
"Estuary_4750",41094.2125295732,4226.22974875576,4213.03391475591,4239.42558275561,8932.54804533888,6318.44417821475,12678.7103613226
"Estuary_4761",29379.0416022094,3254.95546849139,3246.88637396001,3263.02456302278,6152.50744295208,4293.04614947863,8824.31854758054
"Estuary_4874",852.67423052026,74.2219536849186,73.799552118232,74.6443552516053,198.812861669974,144.14994931915,277.293239436987
"Estuary_4902",84426.0878509637,6481.48884278714,6468.79742411807,6494.18026145621,20552.5887479699,15192.1194725315,28222.9773509136
"Estuary_4903",42257.9071793588,4143.94331795515,4139.90696607434,4147.97966983597,9387.46113994731,6712.75204049375,13211.9807959026
"Estuary_493",33596.8128819719,10449.1315366831,10404.3953866732,10493.867686693,308.903916253176,4.04001182626587,3353.6332297929
"Estuary_4930",8655.81611313961,1016.77494585419,1013.07068811317,1020.47920359522,1754.90393173424,1204.02416569433,2544.89631484721
"Estuary_4931",1353.30205279269,118.412198734858,116.175819516222,120.648577953494,314.928651589888,225.147088802107,445.249783950185
"Estuary_4939",1047.58324403032,87.1244073263975,86.7258448279603,87.5229698248348,248.322223244551,181.344419914644,344.382482372116
"Estuary_4968",20839.2151439326,1607.89801006453,1602.89951599147,1612.89650413759,5065.02707117413,3737.58371742207,6966.31343450461
"Estuary_497",17791.2842538252,5536.46974694785,5504.83233940867,5568.10715448704,160.477383969503,0,1775.33851302485
"Estuary_4992",3385.92893437688,281.123133034242,279.497655614744,282.74861045374,803.08517104258,586.317486331143,1114.90537709144
"Estuary_4998",6927.39239905467,531.123175235522,521.161212277351,541.085138193693,1687.09714486577,1226.26167594671,2355.3117780196
"Estuary_5011",36076.8103663679,3333.25739249269,3325.38437484071,3341.13041014467,8218.89805492197,5933.21560775285,11500.125169033
"Estuary_5014",21932.3287808209,5520.3558852873,5508.01913071284,5532.69263986175,1502.59511361936,930.804848725834,3488.67017900183
"Estuary_5046",65052.1300369174,5202.66529634447,5194.77147274845,5210.5591199405,15627.6772627769,11502.8064422329,21527.993585676
"Estuary_5062",16465.3818462397,1340.64375029597,1338.9835901316,1342.30391046035,3931.73617068843,2901.65193825627,5423.62154304218
"Estuary_5072",83851.4302250898,10738.5161645266,10719.952906931,10757.0794221222,16111.5503078494,10803.3548584704,23715.8752834343
"Estuary_5087",207183.376585561,25224.9225265202,25190.0685012461,25259.7765517943,41117.2664899423,28171.9721754735,59887.8416902816
"Estuary_5107",80820.8325814453,9084.18204073125,9069.02091812476,9099.34316333775,16795.4567601734,11684.1811855663,24125.6935514613
"Estuary_5108",147.261429072264,12.7898763615424,10.4625493187883,15.1172034042965,34.3647058416872,20.5053381539458,56.3179621047147
"Estuary_5115",38128.3426767392,3478.69675653797,3474.56638339084,3482.82712968509,8730.37985198068,6414.43534549405,12184.0056832018
"Estuary_5118",35990.7309625677,2759.40934290006,2751.41480666118,2767.40387913895,8765.18261862372,6473.91719214394,12046.3462974284
"Estuary_5128",14412.7488856103,1487.8979586533,1485.73269394917,1490.06322335744,3127.20836200797,2274.07022918399,4433.68105361283
"Estuary_514",14490.6629864021,2737.35997317107,2732.94306353481,2741.77688280734,1902.69522170475,1224.78246036248,3214.93216984614
"Estuary_5150",1213.18268323703,100.726779405147,99.0407022035132,102.41285660678,287.746447594184,207.763086358324,403.823892647826
"Estuary_5158",55572.3421769433,7403.4166589416,7389.4094542254,7417.42386365781,10391.4030295374,6882.22023373055,15433.1725914169
"Estuary_516",24603.2051179175,7557.30687161231,7532.708131011,7581.90561221362,320.885439196049,68.2908946136377,2548.36244999274
"Estuary_5171",13055.3112533891,1108.72763321742,1106.03796891533,1111.41729751951,3071.71358323029,2250.74736659241,4259.61104902718
"Estuary_5182",31173.3078367909,3459.78523867838,3450.55210440104,3469.01837295573,6522.21966374044,4542.29350771175,9358.96182987097
"Estuary_5199",19891.9290775051,1761.39718042252,1756.55150039846,1766.24286044657,4608.19742948538,3342.99892212024,6420.06284829848
"Estuary_5201",4.37791784632198,0.335654961277506,0.317212844055099,0.354097078499912,1.06619811229325,0.746383162482587,1.54136375347021
"Estuary_5209",78423.6887535376,9284.56158447455,9259.20603422199,9309.91713472711,15827.4877912957,10852.3612228803,22963.8465305338
"Estuary_521",5500.55240318117,1711.71690234595,1707.76676356513,1715.66704112677,49.6149826766942,0,547.024273982447
"Estuary_5213",357.922811039459,29.7172161536677,29.2609093614097,30.1735229459258,84.8932471692774,61.382206540555,118.977146958281
"Estuary_5214",4833.65932468171,934.89459819479,930.73357098649,939.055625403091,612.891454161541,392.370953480706,1053.55591197231
"Estuary_5219",194981.553954004,19926.5361390015,19903.3673806875,19949.7048973155,42508.5072526101,30193.3740908925,60165.7173834135
"Estuary_5238",109.168349294788,12.8591473025583,12.383978049957,13.3343165551596,22.0976498251259,14.6429162656442,33.1250482161517
"Estuary_5271",36569.5352261565,2829.63574808258,2824.96010860441,2834.31138756076,8880.29512668498,6560.43638277177,12198.9913463303
"Estuary_5281",3382.451009785,332.690911125004,329.297780779053,336.084041470955,750.403726718251,531.360556538799,1066.26591048736
"Estuary_5291",245.503263266899,31.8597333169353,31.7746793855435,31.944787248327,46.7528666137586,31.1683596263056,69.0811916559135
"Estuary_5294",138901.001026098,17030.2308093458,17008.9049519129,17051.5566667787,27447.258729221,19078.980069422,40026.1885446189
"Estuary_5301",79185.4264700489,6225.04312209171,6218.18253609562,6231.90370808781,19130.9222878827,14115.5805924797,26302.4035786304
"Estuary_5309",1213.96930648691,377.775108485663,376.974521054917,378.575695916409,10.950003144512,0,120.705294350159
"Estuary_5316",241.445245990941,18.5116070101255,18.3017169390326,18.7214970812183,58.8015752086338,43.062863385959,81.4935755300093
"Estuary_5323",17444.3391860747,1459.19566693783,1450.72034623796,1467.67098763769,4126.65618383515,3007.64947894337,5733.24318568138
"Estuary_5329",77412.0152399189,6248.16745252097,6237.10378057822,6259.23112446372,18539.9339474534,13627.9653707294,25567.6905796964
"Estuary_5340",27995.1112631082,2181.14427760716,2174.88143738023,2187.40711783409,6783.17029995273,5001.15752285102,9335.05685685141
"Estuary_5345",7559.9709177867,627.680837739458,625.97759304124,629.384082437676,1793.09744984502,1313.14736091188,2481.72288677022
"Estuary_5370",22782.6847900432,2003.15536030845,1995.33048694486,2010.98023367203,5292.08813631128,3838.53624316604,7375.78603533872
"Estuary_540",19713.6093155268,5259.5034131157,5223.41262838348,5295.59419784792,1052.99142580915,601.732529422971,2850.58643795688
"Estuary_5404",2050.04549561319,170.624960808961,169.189628271702,172.06029334622,485.820107341338,356.459562388203,676.376566257936
"Estuary_5407",9045.06564054822,693.485182660832,691.503021223042,695.467344098622,2202.83528609911,1627.06593228951,3027.32843901753
"Estuary_5424",23671.5479001318,6778.00055439253,6757.36275878649,6798.63834999857,801.865798708658,406.077937767016,2945.9821773803
"Estuary_544",4148.52993855459,1021.58581585828,1019.1594083803,1024.01222333625,306.814955766288,186.061406439792,682.629854673952
"Estuary_5449",16475.825974242,1265.99195384071,1261.66520986357,1270.31869781785,4009.73228137133,2959.30003091397,5514.63479746904
"Estuary_5462",14367.396693885,1126.12347752268,1122.61017669726,1129.63677834809,3474.46061782625,2559.29367066062,4785.28258102192
"Estuary_5467",19275.4179057021,5253.85818249375,5227.54048592633,5280.17587906118,918.323385091111,512.813049949695,2670.27539015525
"Estuary_5471",1841.85740137499,143.951221211381,142.341753480424,145.560688942338,445.829937282905,325.850645903578,618.807644588595
"Estuary_5472",5541.26714306409,436.387002173835,434.722962068435,438.051042279236,1337.98214970672,984.338673620675,1844.81240062206
"Estuary_5486",21234.6254868708,1785.70864792485,1780.06649698359,1791.35079886611,5013.83077922604,3661.47102012465,6951.08757998909
"Estuary_550",5064.95082854184,1574.78322804571,1572.53863273683,1577.02782335459,47.0646767616753,0.953207311819826,504.64150145965
"Estuary_552",97.9578764900225,30.4835115849301,29.1230709412356,31.8439522286247,0.883580045940004,0,10.1531441888368
"Estuary_5569",4618.3962085574,409.279613081137,408.268534009127,410.290692153147,1069.57703686103,776.04960950276,1489.82775639386
"Estuary_5579",1353.20912703002,120.245007720166,117.006241370544,123.483774069788,313.066086846117,221.923058249009,446.845537621861
"Estuary_5598",2882.40834359756,238.166552214905,236.435997199912,239.897107229899,684.809423488468,500.075872952988,951.667738349888
"Estuary_56",52881.3416502084,7154.8455252732,7145.84325762965,7163.84779291676,9778.28888454004,6431.25893186668,14566.4905122641
"Estuary_560",25439.5296078381,3441.96835594049,3417.46097437291,3466.47573750807,4704.02341978534,3075.71487693562,7048.50066626642
"Estuary_5610",5276.85177063792,425.020664003115,422.595144151812,427.446183854419,1264.68004147285,926.183712501866,1750.58567326648
"Estuary_5615",705.318809882098,62.6740272773593,61.6200734252924,63.7279811294261,163.176108834987,116.873381999877,230.609763945508
"Estuary_5617",56747.489757647,4651.45166822571,4644.92268525695,4657.98065119447,13519.6620270704,9953.88418953046,18664.4471239461
"Estuary_5620",8615.0456691454,698.206010615674,695.965013202017,700.447008029331,2060.41776310137,1511.59646051359,2846.60224990597
"Estuary_5644",1775.81015935449,136.151364917709,135.530617091232,136.772112744185,432.480806209192,318.895569626428,595.360961357042
"Estuary_5657",2118.29886709115,162.409974139879,160.145520863502,164.674427416256,515.89050609138,376.812990267062,716.818095811939
"Estuary_5669",36910.1480048577,2871.82225489583,2851.88370075661,2891.76080903506,8947.17623773965,6570.73112634053,12361.7049593677
"Estuary_569",54280.1343454335,7392.84341048415,7373.66085172208,7412.02596924623,9988.19840826712,6558.88510646176,14922.8874331505
"Estuary_5700",1763.4703350538,184.322101142371,183.296356705521,185.347845579221,380.358734845206,267.51617108988,542.425628710138
"Estuary_575",2163.9321173783,623.994098139434,615.444386146077,632.54381013279,68.9186051662711,33.7313628851789,267.723944742225
"Estuary_576",6698.13472672206,1112.01426138565,1100.64923228452,1123.37929048678,1032.79545945802,666.304868330286,1653.69737494189
"Estuary_5761",3504.74296566576,343.938424845313,341.996686106984,345.880163583643,778.315320190519,553.881104256766,1100.62192375551
"Estuary_578",1741.10904128012,278.95469906138,274.938625330639,282.970772792121,278.565827046927,179.360756496144,441.885337458976
"Estuary_5789",935.752767133679,126.607349393187,114.895694476809,138.319004309565,173.030044170689,103.406125029128,281.248642096115
"Estuary_579",7026.09997218756,2144.01315350567,2134.86960742682,2153.15669958452,105.814318588511,29.2554749124315,742.722564765267
"Estuary_58",12031.0733493488,1627.8042241669,1624.03016503393,1631.57828329987,2224.66577302809,1461.62714853054,3317.5425093764
"Estuary_5808",3267.99894316658,442.160257010439,431.807854331882,452.512659688996,604.285684580933,388.627068898693,920.109074700959
"Estuary_581",1363.8208316822,363.263496545555,356.95599723065,369.57099586046,73.4455719674009,41.5953971049971,199.873468303796
"Estuary_5822",12108.5744936401,1174.39756852253,1169.98839266288,1178.80674438218,2702.88907008597,1931.07629241846,3809.33080407695
"Estuary_5832",0,0,0,0,0,0,0
"Estuary_5834",27988.0586446163,2478.37122535539,2437.88629574755,2518.85615496324,6483.6850332372,4699.41175478868,9155.35967326163
"Estuary_5837",7016.80979590443,621.345685771832,619.687351722742,623.004019820923,1625.50697897473,1194.54546754681,2264.45081753055
"Estuary_5845",738.984243144635,99.9845680974692,99.9450833979286,100.02405279701,136.645576399874,89.9505750581357,203.382240687253
"Estuary_5850",7289.49092623488,645.491878821144,643.877393627418,647.10636401487,1688.67601066853,1241.17560262487,2352.05630847117
"Estuary_5866",160.768621742616,34.1823530578659,30.9974071453756,37.3672989703561,17.2973673103373,9.99969032456604,34.7615453897639
"Estuary_587",2540.18044952564,755.417126682368,747.955019248871,762.879234115864,57.974055060236,24.0336582544238,289.934325813512
"Estuary_5874",196.554476614547,41.7910811321058,35.1009854412865,48.481176822925,21.1476278246384,11.3234949895585,45.1004133324228
"Estuary_5889",1122.01610737084,238.561171347007,230.490233133251,246.632109560763,120.71960639421,74.3556047562316,229.433582498724
"Estuary_5892",1265.04924326373,96.9913254810302,95.9897679258517,97.9928830362087,308.090092704449,225.858277472592,426.557255569379
"Estuary_5893",5279.39165784802,404.770958407208,402.299833682117,407.242083132298,1285.74304435231,946.587843957922,1772.70083245824
"Estuary_5900",13226.3446242965,1014.06384234481,1009.66557466091,1018.46211002872,3221.14396980117,2375.68370508449,4433.30565541911
"Estuary_591",2709.60007818402,737.920739783875,731.549068186286,744.292411381463,129.72030125143,72.2566089369258,377.356669371721
"Estuary_5920",6416.02455154287,500.386059226777,499.123030715642,501.649087737912,1554.08916242277,1146.08121903635,2138.19803154667
"Estuary_5934",2264.28105553295,178.411245601353,176.893418383906,179.929072818801,546.634191190852,400.233298816688,757.260361688068
"Estuary_5935",8065.75373052801,618.401338519583,616.69557040307,620.107106636096,1964.33366353279,1451.0484009484,2699.2897582983
"Estuary_5940",7041.70759543625,691.87746940174,687.729439236021,696.025499567459,1562.9477197329,1144.26590458308,2211.28812675481
"Estuary_5943",120.485686467617,16.3017133790686,15.9759813528726,16.6274454052645,22.279008284727,14.3783832175853,33.8091389907045
"Estuary_5950",2652.26254514741,264.675930708669,260.831591314264,268.520270103074,584.605058872984,420.765374843267,835.80515962121
"Estuary_5965",179.275107538755,13.7450224949963,13.6048193986403,13.8852255913524,43.6606596899884,32.0113397615066,60.4415702211809
"Estuary_5990",2654.16876464121,301.355163989793,298.722748119992,303.987579859593,548.536216135968,377.624285363793,794.825119445054
"Estuary_6",5471.71082024105,1702.74169015081,1697.87542422198,1707.60795607964,49.3548315985743,0,544.454710634088
"Estuary_6009",3335.65998738631,255.745051232909,253.646136696334,257.843965769483,812.366633328062,596.814439285492,1122.37961570246
"Estuary_6010",6784.06492568782,602.826217373969,600.348558164543,605.303876583396,1569.49921248053,1138.66736066953,2190.38766991071
"Estuary_6012",3163.22674491561,427.984578587081,416.18325049965,439.785906674513,584.912257402344,374.564925449685,894.231343571509
"Estuary_6018",630.359410012936,85.2876281747503,72.1973774250122,98.3778789244883,116.559758505492,64.9776396825109,200.035020479793
"Estuary_6020",5232.02035469278,464.91286185963,462.824985200544,467.000738518715,1210.43237591654,877.829549489442,1689.91592332824
"Estuary_6032",5426.46037465801,482.190636029793,480.038482034334,484.342790025252,1255.41624053945,910.477994698588,1752.67087544466
"Estuary_6044",7480.29842390216,664.692931613153,663.159682391341,666.226180834965,1730.57342670456,1257.79978144635,2410.84464898773
"Estuary_6073",1665.87042626699,148.027823834525,145.18264741464,150.873000254409,385.400545360429,275.364602277155,545.957778008981
"Estuary_6080",1050.68801216783,142.158088046308,135.880901506865,148.43527458575,194.282720329954,122.292811356179,301.818391657692
"Estuary_6091",1093.4098512344,147.938352872014,146.249886305431,149.626819438598,202.182415591753,131.624897674888,304.24119952515
"Estuary_6102",41127.9028190924,3654.5903313925,3647.66727498689,3661.5133877981,9514.97543030907,6918.44697904904,13249.7644375172
"Estuary_6103",32910.4674541731,2914.25556116974,2898.8579495384,2929.65317280107,7624.00522233104,5588.0075897248,10648.4955332026
"Estuary_6108",90.7719433148725,12.2814439305023,11.9901379879905,12.572749873014,16.7846400383531,10.7911241891914,25.5645914084618
"Estuary_6112",22549.4780873427,1915.17054426124,1912.81730764892,1917.52378087356,5305.39783408678,3876.8543015925,7348.37888521825
"Estuary_6114",3952.22194977036,537.001039561457,525.048720653401,548.953358469514,728.539950974509,469.016907235642,1109.18047123809
"Estuary_6119",1774.13852981608,149.867091842712,149.227851851219,150.506331834206,418.229806789694,304.904595235414,580.723588053574
"Estuary_6122",4716.89094329899,419.138902156979,416.489776177325,421.788028136634,1091.25674679679,789.946619736357,1526.30659060243
"Estuary_6124",529.671229625148,47.0661332555531,46.5509182316241,47.5813482794821,122.539891182715,88.292060468343,172.180623024221
"Estuary_6125",4502.75272463049,400.11076286746,397.486986643223,402.734539091696,1041.71568708647,753.904464042159,1457.35853147487
"Estuary_6126",2551.11443305624,226.689850497194,223.812316489125,229.567384505263,590.202502111744,424.499694779239,830.725835215597
"Estuary_613",8331.00321681719,1198.57090361908,1191.6805704752,1205.46123676296,1469.09963643795,959.497226198902,2233.32163878169
"Estuary_6131",3272.4393777223,309.530886120582,308.787315266021,310.274456975144,738.336927019875,530.437791613409,1035.99371153761
"Estuary_6137",17087.5132281498,2582.97499144998,2547.88496189183,2618.06502100813,2888.61761933588,1867.3891576656,4490.09219673211
"Estuary_6139",19363.1863564746,1720.59620823829,1716.12735373868,1725.06506273791,4479.68969496845,3254.93944789124,6242.42036007229
"Estuary_615",0,0,0,0,0,0,0
"Estuary_6151",5.31396539308993,0.791106368144936,0.78962494708643,0.792587789203442,0.910478490376391,0.596029377507183,1.39240069658068
"Estuary_6154",7504.84073652508,666.873740559728,664.692821550716,669.054659568739,1736.25131168297,1260.70765137691,2421.07994597284
"Estuary_6158",34868.0028248753,3098.34096232111,3090.5861077557,3106.09581688651,8066.74222223222,5861.84388782285,11239.8982429648
"Estuary_6160",15082.4439437953,1340.21309214862,1336.10608996535,1344.32009433189,3489.33628309409,2534.16182040425,4864.63456282209
"Estuary_6164",48764.4782237073,4808.20838648386,4766.50548528187,4849.91128768585,10806.6651855294,7660.65179107635,15337.1001463432
"Estuary_6165",5799.40087931129,515.329810873831,512.92095938223,517.738662365433,1341.69634469044,972.845436386924,1873.51911354406
"Estuary_6168",2658.15616129082,359.648528622648,355.662946450146,363.63411079515,491.519655784286,320.096651805131,739.389358616806
"Estuary_6170",13445.3922013062,1194.74607195053,1189.08130472087,1200.4108391802,3110.60296482974,2255.30327749516,4343.87619621533
"Estuary_6177",11450.7461962654,2829.33510725184,2791.58377099451,2867.08644350918,837.308332254289,501.389074425038,1895.1189406309
"Estuary_6179",22493.8103081218,1998.7807797989,1991.3065444032,2006.25501519459,5203.96221896477,3776.86551647901,7259.9506099038
"Estuary_618",13820.242269413,3273.88430330828,3270.10413143091,3277.66447518565,1151.49547378047,710.066254943999,2400.85025743637
"Estuary_6183",272.878116382778,24.2477164509869,24.0746649508203,24.4207679511535,63.1305851959425,45.6618656374625,88.3704054761455
"Estuary_6184",13349.2509906426,3732.22618945877,3666.33491219034,3798.1174667272,542.337470254886,286.946469759573,1777.27275587344
"Estuary_6187",1200.11974924964,162.376202073476,152.554452778202,172.197951368751,221.914142833751,137.299007500382,350.135834449793
"Estuary_619",7684.37653366927,1041.53439534975,1033.69497320956,1049.37381748994,1419.07981449649,927.420447124388,2128.10876654671
"Estuary_6203",0,0,0,0,0,0,0
"Estuary_622",4386.72496476138,934.215459721892,931.909730817436,936.521188626348,470.45774124435,297.571851378474,868.278046352931
"Estuary_6221",221.019068193726,19.6395657037782,19.503229989129,19.7759014184274,51.1329501225347,36.9913296438128,71.5622223878573
"Estuary_6256",112.57971935003,10.0037377460565,9.1132901555076,10.8941853366055,26.0454141870165,17.2849687190276,39.4223301025482
"Estuary_6257",4267.21993540274,704.525006995001,694.892679871394,714.157334118607,661.88148852031,425.67791990003,1061.09645844964
"Estuary_6263",4664.15341000371,1288.08986851924,1258.7719663482,1317.40777069029,205.418694898045,110.513150365586,640.376419840902
"Estuary_6273",719.669153088422,63.9491865230102,61.1940916876606,66.7042813583598,166.496072987434,116.065432194242,241.379976355523
"Estuary_6303",1443.58927642787,128.276110633243,127.316073990916,129.236147275571,333.975611571724,241.477481657096,467.661408509375
"Estuary_631",1673.70637076515,226.452471964524,225.461659254611,227.443284674438,309.485045018183,202.91549332915,462.468012171358
"Estuary_6370",3959.94871862462,351.877662314877,347.901727621434,355.85359700832,916.137516875914,659.857238891697,1287.71243888277
"Estuary_638",1897.64499594087,256.751367950799,253.95396659798,259.548769303618,350.893536199425,228.558569938182,527.749164250691
"Estuary_6393",1435.21163624344,127.5316806789,123.262950766376,131.800410591423,332.037437362614,233.790015664564,476.940600278558
"Estuary_640",13677.3159421799,1898.83886806489,1887.06223871831,1910.61549741146,2480.77446978054,1621.92767232349,3737.50556061099
"Estuary_6400",237.035233424736,26.0964554934519,25.6994843367542,26.4934266501495,49.804596601483,34.9509294587772,72.2680213721164
"Estuary_641",0,0,0,0,0,0,0
"Estuary_6428",9294.41902334369,1023.27147266567,1004.39965757749,1042.14328775386,1952.89444279921,1365.96910352032,2842.72904319752
"Estuary_646",2272.11323894441,559.513536435545,558.198381531614,560.828691339476,168.039843806843,101.906703785667,373.861170151617
"Estuary_647",3873.17383840174,524.040420335756,518.571189595728,529.509651075784,716.188574458866,466.714070636155,1076.66962385409
"Estuary_648",10099.6109814165,2975.58864040821,2950.97891771479,3000.19836310162,258.407791951186,114.871543446436,1179.06421073951
"Estuary_649",0,0,0,0,0,0,0
"Estuary_653",218.749683485849,29.5968321756353,29.4128128807839,29.7808514704868,40.4490039733683,26.4715315927055,60.5543979899899
"Estuary_6530",1017.37367651968,112.008018748553,109.50344106253,114.512596434576,213.765206209815,148.923106546394,312.364228145767
"Estuary_6533",42572.4345990381,4687.02322734839,4657.89518240475,4716.15127229204,8945.09605560959,6334.67052542298,12864.5843152272
"Estuary_6545",822.031606296089,90.5017828698793,87.1486584106758,93.8549073290828,172.720957782191,118.520923323837,256.014766919472
"Estuary_655",20653.469562336,5764.35032118531,5727.12387429837,5801.57676807225,849.097167370297,455.900164363953,2729.55460521333
"Estuary_657",9548.64053983791,2971.44144959216,2962.95230466066,2979.93059452366,86.1287376693381,0,950.122798253921
"Estuary_6572",794.373717432569,87.4567804230221,81.3237524350895,93.5898084109546,166.909627636061,110.5991348868,255.291637573691
"Estuary_658",13192.7697626737,4067.9017848209,4052.59293694945,4083.21063269235,156.555020884833,25.9026239024477,1351.61033563138
"Estuary_6634",74.4238933994988,5.70607990693957,5.39408987397375,6.01806993990539,18.1251949985139,12.6919761740559,26.1963044442941
"Estuary_664",5503.88810416791,826.252349046723,822.055030392594,830.449667700853,936.147660788883,610.61483309993,1439.87589245379
"Estuary_666",165.273405032577,40.6989870678641,40.350986775619,41.0469873601091,12.2232099576173,7.36662124587243,27.36285600688
"Estuary_669",31779.8800860552,9436.81255537072,9405.32443163936,9468.30067910209,739.422846985015,312.409081102115,3618.00018322
"Estuary_670",7616.25561039933,2002.40701404876,1986.70014522513,2018.1138828724,436.394194957205,252.561715941606,1132.19224065606
"Estuary_671",1621.95625772315,279.526171875851,278.302254344577,280.750089407124,239.84044140968,155.232209372407,387.831630605075
"Estuary_6719",3441.68248675558,1071.01717305347,1066.14781720262,1075.88652890431,31.0439760305354,0,343.036284578187
"Estuary_673",18457.6539303464,4659.55967121595,4641.73726620171,4677.38207623019,1250.76569382027,747.782576939797,2926.79816758048
"Estuary_676",7116.01322589944,1358.38956766013,1353.63030514623,1363.14883017403,920.229027405133,590.568474277821,1567.5663810369
"Estuary_679",10330.6262067648,3127.64159172581,3110.82636040711,3144.4568230445,180.328225942351,60.0074668242985,1118.12999830689
"Estuary_6802",43.063612774128,8.11969159804378,7.12736925318559,9.11201394290197,5.66970784835974,3.51910924285003,10.7216631033224
"Estuary_6808",7770.01276789089,756.566420362987,753.240467519881,759.892373206093,1731.46936804335,1235.41575154874,2443.01729754385
"Estuary_6810",0,0,0,0,0,0,0
"Estuary_6811",17328.3717617457,5392.41600853765,5376.61535755696,5408.21665951834,156.301913290947,0,1724.35893491889
"Estuary_6855",33.2313556569417,6.26580869409506,5.18704091474488,7.34457647344525,4.37520370081424,2.56108010932104,8.64200549717214
"Estuary_6870",2819.80799847158,531.677902487594,529.78832980504,533.567475170148,371.252816702989,261.580808001172,627.822866329237
"Estuary_6872",125.944595539064,16.8210369854839,16.5642062278874,17.0778677430804,23.5076819520799,15.5935480417717,35.4002621817238
"Estuary_6887",496.356791651338,67.157073910426,66.4567342961264,67.8574135247256,91.7813343442488,59.8110608665137,137.976740833609
"Estuary_6889",586.495419207005,78.3317544994452,77.21312238192,79.4503866169704,109.46994368483,72.6884534491349,164.690613546862
"Estuary_689",98276.0283628944,30556.5711494112,30443.0428869388,30670.0994118835,912.395892671252,17.8959586241711,9813.21820270709
"Estuary_6891",865.590705000265,115.607447868491,114.012010812576,117.202884924406,161.563351779644,107.330936568014,242.946772817084
"Estuary_6894",12554.9249550497,1381.77463566352,1375.37899407744,1388.17027724961,2638.43788419293,1837.17687738601,3788.34595587754
"Estuary_6896",274.101987217669,36.6087932955642,35.6740067867149,37.5435798044134,51.1614040314055,33.5835192473377,77.8230976086116
"Estuary_6898",368.199995136955,49.1764311897978,48.2522617063918,50.1006006732039,68.7248892530066,45.4246916931028,103.852215392164
"Estuary_6899",208.433125186817,27.8381243177678,27.133352134495,28.5428965010405,38.9042466983031,25.5433447412179,59.1658182838455
"Estuary_69",1605.04415178755,217.162473736855,216.099347029205,218.225600444506,296.788714107036,194.489412326284,443.725387570496
"Estuary_6901",7524.58431479294,1018.07625779149,1000.90174974902,1035.25076583395,1391.37088564836,900.811574774118,2105.00989052903
"Estuary_6902",1133.04165543157,147.603177129986,146.296993488637,148.909360771335,215.208091355756,142.396482527653,320.217288778909
"Estuary_6906",0,0,0,0,0,0,0
"Estuary_6907",749.783775149677,100.140387596041,98.8125265828499,101.468248609231,139.947875044637,93.0221381694924,210.330859679044
"Estuary_6909",13.7658047773043,1.83854742081541,1.77536019516612,1.90173464646471,2.56940092692521,1.67132454848112,3.94205565341703
"Estuary_6911",11061.0833285617,3442.0985210151,3428.32348698904,3455.87355504116,99.7709716236263,0,1101.87272769428
"Estuary_6915",85.2926299024027,26.5422134993287,26.4389400179553,26.6454869807021,0.769339521719673,0,8.49566251558617
"Estuary_6918",9338.09057672506,1100.5295149759,1095.18859268692,1105.87043726487,1889.62046859723,1293.70440233043,2745.17435857909
"Estuary_692",3072.6908116411,584.239275258641,580.361657436551,588.116893080731,399.667049536956,255.79573149395,681.315865246333
"Estuary_6920",12696.7356753785,1023.4004458112,1018.84478273294,1027.95610888946,3042.22128480174,2230.57559740081,4206.10733497872
"Estuary_6921",6286.1527146505,491.172585192067,488.549921332002,493.795249052133,1521.71637556617,1118.80266758682,2099.8803135625
"Estuary_6922",8831.40783628526,1049.07742416918,1044.04888083646,1054.10596750189,1778.82767908772,1215.35894940513,2587.765431064
"Estuary_6923",357.752839889045,48.4039592369878,47.3041425518181,49.5037759221575,66.1520776238833,42.5737282966363,100.657677708387
"Estuary_6925",0,0,0,0,0,0,0
"Estuary_6930",0,0,0,0,0,0,0
"Estuary_6933",2527.47514476556,341.96738708678,334.614235725627,349.320538447932,467.355429018599,301.152812153064,710.285094844128
"Estuary_6936",776.27542476345,105.030064970495,103.545825215963,106.514304725027,143.541088793009,93.1912426943666,216.579086274221
"Estuary_6937",720.796179154442,81.6797951548068,80.8940786468557,82.4655116627579,149.126349372237,104.113795649201,216.202099304029
"Estuary_6939",666.371522691597,59.707027887456,58.6836324391665,60.7304233357454,153.67179739362,109.68429341009,217.442733213264
"Estuary_6941",4231.55338662532,377.300508104324,373.559210515945,381.041805692704,977.685201826971,703.45958103339,1372.85079194184
"Estuary_6943",5564.1946398025,535.917286015732,531.752055729832,540.082516301632,1245.79347959543,887.518271985796,1761.26709948277
"Estuary_6946",4447.25087210035,430.443821755529,425.341986445368,435.545657065691,993.610379999724,704.36236817707,1411.28371130432
"Estuary_6949",1213.80225346611,125.219790698427,123.848557529521,126.591023867332,263.451828883956,184.766645247293,377.020677740436
"Estuary_6950",2016.59586553769,272.532628141673,267.520411824692,277.544844458654,373.20153396215,241.351746301044,565.307437235114
"Estuary_6953",14941.4495815987,1659.31652236114,1649.64149441596,1668.99155030633,3125.08504816258,2168.96112161591,4498.88351528085
"Estuary_6958",15697.0831211453,2123.81534629096,2113.29764470586,2134.33304787606,2902.54763993098,1901.96788023527,4339.81053068131
"Estuary_696",25880.4707508047,8053.60707833302,8024.25910226161,8082.95505440442,233.578460782145,0.0942346907511534,2577.35490477281
"Estuary_6960",7068.7788806565,801.02590394411,796.969541819555,805.082266068665,1462.46778143091,1025.73050343857,2110.70631257718
"Estuary_6964",12570.6823459759,1175.72342159624,1158.5685250182,1192.87831817429,2849.53477240869,2025.82553854562,4041.53197585124
"Estuary_6972",6389.2943247538,864.471522139189,856.71333024938,872.229714028998,1181.44441359022,771.041997224442,1773.53375185896
"Estuary_6973",1509.541742044,204.240997698554,200.374008332284,208.107987064823,279.129363521357,180.336607499056,423.152907031807
"Estuary_6994",199.590686901308,16.6831667646669,14.6132782364648,18.753055292869,47.2277670880009,30.5619988274307,73.3240696277423
"Estuary_6999",3849.72678180791,438.190310293418,432.847336671314,443.533283915523,794.530702509293,544.734864513004,1155.69804421975
"Estuary_7",1011.75750470483,314.848817889097,313.063626121813,316.634009656381,9.1260526924376,0,100.955771194788
"Estuary_70",5605.04255540263,758.362257745976,756.788190923494,759.936324568458,1036.4284189195,681.109371831145,1545.20385995586
"Estuary_700",0,0,0,0,0,0,0
"Estuary_7000",5872.80080026783,784.442807461283,745.657557463232,823.228057459334,1096.08673679248,689.418128519016,1706.19855112906
"Estuary_7014",3247.89093336877,437.530192437719,431.437507471086,443.622877404353,602.476963336296,391.871193398852,907.905839590697
"Estuary_7016",6147.50264164293,786.995004891486,781.834737078401,792.15527270457,1181.496815989,788.141604776797,1747.38438755925
"Estuary_7018",1519.13927470598,205.539543867719,200.831416535992,210.247671199447,280.904043285883,180.748274882393,427.503598105541
"Estuary_702",8592.29158875311,2331.16629269772,2315.52651111486,2346.80607428058,420.171396936911,235.640743545009,1203.21466216204
"Estuary_7021",10240.7020880175,1385.56699250877,1374.81146927472,1396.32251574282,1893.60822309532,1237.33032234724,2839.18911534373
"Estuary_7026",1930.70573284017,273.938671214927,270.575565600652,277.301776829201,344.292611497825,232.302650370154,524.807109666343
"Estuary_7027",7385.28666940491,999.229286370485,990.283422239351,1008.17515050162,1365.61335803966,891.255080015415,2049.95613935329
"Estuary_703",13626.0594403936,4186.3881036427,4149.37116314255,4223.40504414286,176.812389765735,36.989093841887,1418.31406953954
"Estuary_7031",5707.48126891652,1284.37343987684,1274.35816279894,1294.38871695475,543.219137242913,339.645758095733,1066.28427647043
"Estuary_7032",13436.3486975254,3082.70627684628,3061.50113686499,3103.91141682756,1219.74693958832,759.506512676581,2448.43266657898
"Estuary_704",25739.6328590376,7504.21761643909,7486.43516949417,7522.000063384,737.870221353353,349.269506811818,3066.83528275048
"Estuary_705",14294.5446589367,1934.05189235414,1925.72663365279,1942.37715105549,2643.20425288399,1733.15397028751,3949.50020714616
"Estuary_706",17028.753529949,3861.71261958163,3854.0066281996,3869.41861096367,1591.06454824334,993.182365741074,3133.29811564824
"Estuary_7069",17624.2923769848,2089.43171408112,2052.55116108583,2126.31226707641,3554.04294795318,2398.15471676112,5234.54650909722
"Estuary_709",6599.37953588224,2030.43090072119,2011.24098055893,2049.62082088345,82.7564204636658,15.9303229780579,684.42853201255
"Estuary_7091",30307.7844728352,2351.35982244775,2330.10332300132,2372.61632189418,7353.4958435988,5390.68549841536,10178.4477019244
"Estuary_7093",9875.7496801936,757.173727980443,746.610888439092,767.736567521795,2405.14007711435,1756.73150220963,3341.91211744781
"Estuary_7095",12.5138990086031,2.42840915288456,2.35349605473334,2.50332225103579,1.57866644866024,1.05379713262059,2.79094034438218
"Estuary_7097",1190.53638285884,214.114214241356,212.336976010091,215.891452472621,167.107440913872,107.356760145295,276.772237079887
"Estuary_71",1576.87283886922,213.350895099006,212.147218250519,214.554571947493,291.579556635308,190.932496425467,436.260962959902
"Estuary_7101",894.764795939248,127.572920616603,125.419007334636,129.726833898569,158.939714691104,102.684252543714,243.693655233945
"Estuary_7103",6304.71662001813,1035.7698552787,1029.96619816094,1041.57351239647,983.063453617304,637.619002788938,1560.44369927786
"Estuary_7106",21678.1782491441,5896.72386037421,5867.70830244372,5925.7394183047,1044.84559678424,585.089516750295,3014.98021444925
"Estuary_7109",11241.7246502976,3169.37523817788,3142.81968124736,3195.9307951084,430.337412093912,242.954593157651,1456.44281775022
"Estuary_711",17633.2996571904,4575.26456995013,4556.11131315868,4594.41782674159,1071.09431327882,628.770394866209,2672.76017274677
"Estuary_7110",2502.82033430359,529.84285294011,526.430812267154,533.254893613067,271.585246307242,171.281252050538,500.542369482137
"Estuary_7113",27428.3548827135,8328.13030134701,8280.7943635202,8375.46623917381,454.703215646692,142.699287634249,2945.38738281394
"Estuary_7114",7763.15710197451,2415.81685856345,2379.73756045014,2451.89615667676,70.0236770598102,0,781.763991983894
"Estuary_7115",4988.72024180284,1344.94692729599,1331.02895641006,1358.86489818193,252.491181331694,142.162419451636,709.743185781437
"Estuary_7116",6541.73749764277,1994.30377417106,1984.67856021656,2003.92898812556,100.425989949129,28.5366548130913,693.823264140058
"Estuary_7117",1279.98367605418,398.318120151301,392.510651636825,404.125588665776,11.5454527580087,0,128.8516369659
"Estuary_7120",1864.36762965449,580.17256267218,575.445655533241,584.899469811118,16.8165960194835,0,186.489686026733
"Estuary_7121",1159.03778384034,360.680967953276,356.628750904904,364.733185001648,10.4545208102399,0,116.291740145453
"Estuary_7122",3200.38259254265,995.927058973348,989.038190086554,1002.81592786014,28.8674509847348,0,319.738411781495
"Estuary_7124",1454.58647564002,452.652765354418,450.492332141732,454.813198567104,13.120370010273,0,145.012903890961
"Estuary_7125",1220.82120866017,379.907351922957,378.017348401846,381.797355444069,11.0118073021147,0,121.732490141587
"Estuary_7126",4388.87530765648,1365.77410698962,1353.27220263218,1378.27601134706,39.5876552750615,0,439.450322458482
"Estuary_7128",1327.9037188123,410.550845565105,408.881806976781,412.21988415343,14.6572042357807,1.84750580624883,134.980643290236
"Estuary_7129",8994.43771112493,1344.05671043493,1338.73817261616,1349.3752482537,1536.05218904438,1003.2681593057,2356.63912050478
"Estuary_713",9039.08640027148,2795.06748525466,2780.74208959888,2809.39288091043,99.3383709762731,12.2639210047422,919.351837918704
"Estuary_7131",16525.8787935881,5142.68822177667,5111.12176847294,5174.25467508039,149.063426718164,0,1649.76236017056
"Estuary_7133",3821.85111224598,1189.32184761983,1184.98833720134,1193.65535803831,34.4730970324588,0,380.585766331056
"Estuary_7134",502.342186448843,156.323865001015,154.689673062024,157.958056940007,4.53112652176857,0,50.36343844464
"Estuary_7138",0,0,0,0,0,0,0
"Estuary_7139",40560.962986597,12196.0062214965,12153.3079549444,12238.7044880486,792.019736441717,326.551134356195,4466.20023134139
"Estuary_714",758.529813184914,124.834680324835,121.808455702147,127.860904947522,118.054151155107,75.126614924457,190.994005432189
"Estuary_7141",5375.86347549565,1672.91495493949,1653.16590670832,1692.66400317066,48.4902885489708,0,539.689972025429
"Estuary_7142",45806.0078480445,6963.72295947472,6924.96683275889,7002.47908619056,7703.81881354762,5495.99965494526,11901.3905074016
"Estuary_7143",7516.66965719149,2339.11243062142,2318.46347053292,2359.76139070992,67.8003603078673,0,752.387689791568
"Estuary_7145",9047.45740314887,1574.68716954566,1558.16984130438,1591.20449778695,1322.39916551664,889.144501298954,2160.91092824019
"Estuary_7147",14434.8361691029,1654.88734705236,1644.20441998414,1665.57027412058,2967.29154265608,2061.41528726626,4296.87380879748
"Estuary_7148",4217.91587625392,1312.57324153146,1303.12818867869,1322.01829438422,38.0456012038104,0,421.513079368883
"Estuary_7149",22374.3050070147,2066.5940403169,2048.08343965385,2085.10464097995,5097.88216597927,3652.16028301307,7179.78329377802
"Estuary_7150",2659.53591874399,827.620982553942,823.514313556981,831.727651550904,23.9890139870708,0,265.188526581448
"Estuary_7151",38.9081295335016,12.1078208295304,12.0697390511331,12.1459026079276,0.350951328392185,0,3.8726066286146
"Estuary_7155",145981.579635983,25263.3324374968,25002.8591487394,25523.8057262542,21481.4291777412,13878.4283104921,35006.2099440069
"Estuary_7159",11213.2197502194,1542.28796667981,1536.04977305512,1548.52616030451,2048.29712953794,1466.79550013132,3072.10544045948
"Estuary_7163",39194.6848607263,4363.05041146919,4315.17687265801,4410.92395028037,8187.47962778399,5650.0443678686,11851.4689808217
"Estuary_7165",2928.90366351719,371.590748256614,368.724994060252,374.456502452976,566.273493838227,378.401555474246,836.865220045044
"Estuary_7169",44733.3567888391,11184.1935521091,11148.5918140214,11219.7952901968,3139.87462524506,1999.26876676254,7197.66244222275
"Estuary_7172",44258.2795330454,6140.2370719177,6102.39226798634,6178.08187584905,8031.70661735878,5747.53714944754,12097.9110720414
"Estuary_7173",20347.0295569611,3468.60791395113,3413.64664631404,3523.56918158822,3046.71442048337,1955.99509662936,4959.37369188458
"Estuary_7175",5465.27396699674,630.468977911366,620.736988159255,640.200967663476,1119.56639906066,765.588491467818,1637.42536801435
"Estuary_7177",12088.6553246527,2464.85186114133,2432.37844328296,2497.3252789997,1406.0564603657,917.049929259731,2529.34292287035
"Estuary_7185",2525.62435347163,341.716975024712,324.653799984673,358.780150064751,467.013199200439,292.188419986205,729.519638464994
"Estuary_7206",22777.43762445,2149.9219222515,2137.23379029615,2162.61005420685,5143.64137947364,3683.60547944552,7240.64746254522
"Estuary_7226",28046.0922103132,8727.66343492735,8668.08914291024,8787.23772694447,252.975751737025,0,2801.72797090983
"Estuary_7232",3418.9337613206,274.98450443714,270.569744852107,279.399264022174,819.79227527533,594.225105331182,1146.29255354712
"Estuary_7239",40340.6745523402,9762.40815096572,9734.64526363464,9790.17103829679,3155.07924743913,1926.87824269008,6813.1287069835
"Estuary_7241",21979.9409308694,1884.98050931762,1876.26798843111,1893.69303020413,5153.21637615606,3747.99893194644,7168.78928196404
"Estuary_7244",4048.14614511349,465.344695240648,460.262368318209,470.427022163087,830.912181886142,569.028881562536,1209.11784510497
"Estuary_7247",1006.31773062451,117.55956357762,116.617727002699,118.501400152541,204.673436945654,140.003826341449,297.810260650994
"Estuary_7249",5320.15901649571,673.303698615371,668.386731713097,678.220665517644,1030.26442005672,689.278920097015,1521.17095463535
"Estuary_7253",6113.81744459699,837.794466312668,830.681538201856,844.907394423479,1119.91101762173,805.124067175562,1685.56745075217
"Estuary_7255",3113.28039956571,423.847611324475,420.082627535424,427.612595113526,573.055905420461,388.909773924491,861.458648524366
"Estuary_7257",3390.62192806861,743.534334793288,741.126079455505,745.942590131072,342.176712793563,215.019743705845,650.109672077042
"Estuary_726",8067.9587697825,2365.6730180746,2352.02942991479,2379.31660623441,217.768059597452,99.8022730389119,950.950927756161
"Estuary_7263",1079.80531974415,234.007355486866,230.477064067856,237.537646905876,111.757105948408,69.5618341883437,212.31091681176
"Estuary_7264",18167.5439909829,1392.90559778866,1387.22076252133,1398.59043305599,4424.52366356398,3264.04885299137,6087.98188506726
"Estuary_7268",18813.4731141305,4304.93983304536,4286.70285846428,4323.17680762644,1719.32239283036,1068.27244937617,3430.7700961778
"Estuary_7269",7857.91266013514,1524.27784220223,1515.1038748345,1533.45180956995,991.904370699647,668.831649214874,1710.92379681313
"Estuary_7282",11958.0543935327,3721.22694672344,3709.17215390103,3733.28173954586,107.861650629665,0,1190.3217140581
"Estuary_7283",140818.658037196,19599.5713239045,19568.1641747979,19630.9784730112,25491.9711661861,16742.0581585374,38255.017440093
"Estuary_729",15972.7246688972,4565.54632392083,4544.28252364041,4586.81012420126,549.079842306735,279.082780289535,1999.08709127009
"Estuary_7290",18640.1682859098,5800.63396889226,5777.00682065355,5824.26111713097,168.134317938906,0,1857.01079096929
"Estuary_7294",24163.2373429423,7519.35782875022,7491.73023328637,7546.98542421408,217.95240083334,0,2406.28520772043
"Estuary_7313",21836.2872973509,3003.50906906058,2994.12965160962,3012.88848651155,3988.68848642414,2906.96010659083,5976.92836503796
"Estuary_734",6458.77181023009,873.871825924132,871.647200666469,876.096451181795,1194.29149542965,784.482480599821,1781.39611740298
"Estuary_7357",300.783550026542,42.9334394016152,41.8686955509046,43.9981832523257,53.3804611523839,34.9746052546783,82.507803357944
"Estuary_738",16725.3340820679,2459.10910589604,2445.96354679481,2472.25466499728,2896.51012052291,1890.67175365821,4428.68360632198
"Estuary_739",7350.48730278123,2287.39814375249,2277.33149344547,2297.46479405951,66.3013954710867,0,732.525006801584
"Estuary_741",4338.68547651188,587.024144972057,584.713357378298,589.334932565816,802.266331461811,526.242021640468,1198.31436288383
"Estuary_7422",82016.9477210919,6539.99444823197,6504.69362164148,6575.29527482247,19722.6523815388,14465.5978270268,27266.9694057302
"Estuary_744",0,0,0,0,0,0,0
"Estuary_748",453.326170882532,61.3350309204065,61.0973938593992,61.5726679814139,83.8245422578889,54.9876544734592,125.197758228875
"Estuary_752",6689.94370870334,1446.39130678878,1432.4176791566,1460.36493442096,695.795568175119,435.67833695308,1311.78037417246
"Estuary_7596",9252.2170628684,717.783461379737,711.104127937652,724.462794821823,2244.86896432135,1645.23048549602,3108.07447397682
"Estuary_760",1870.08779764407,561.175781164769,555.631153690927,566.72040863861,37.6450325188404,14.2572878657716,208.365539639204
"Estuary_761",13060.7100697583,3798.43507873502,3792.04575785291,3804.82439961713,383.734892702282,183.793827777132,1564.43805217378
"Estuary_7618",536.342569287226,76.5568170033492,74.7858816957833,78.3277523109152,95.1854371081135,62.4716546937316,146.884491754489
"Estuary_7622",10317.6111134239,1345.95514275414,1337.05878996059,1354.8514955477,1957.84711187531,1297.75828610576,2907.58770906343
"Estuary_7626",136925.160995622,10911.9587162881,10883.4432433952,10940.474189181,32932.8470861201,24223.923844937,45401.8328620839
"Estuary_7672",1210.15093389129,199.04133242897,198.117524295596,199.965140562343,188.46109811236,122.345651584079,298.998037203549
"Estuary_7674",2669.8471112473,381.090385934331,377.015272340589,385.165499528073,473.821357558166,314.93601965854,722.283443229368
"Estuary_7681",23.2331787842318,6.33655933569049,5.43559535565713,7.23752331572385,1.10293684280838,0.58949939083679,3.65335833016973
"Estuary_769",13866.767494099,1876.1736419516,1870.50965520225,1881.83762870095,2564.10397733385,1683.45868968203,3826.40317835859
"Estuary_7698",161.850716133531,48.4466381595434,46.5217569943415,50.3715193247453,3.37957965357462,1.27620917198711,18.6928363312287
"Estuary_77",3145.48483757608,425.584098524044,424.191513109763,426.976683938324,581.631601316193,381.772361798787,868.185924007926
"Estuary_7700",1333.80622157818,175.202178836785,173.139690950053,177.264666723516,251.895911374765,165.705457304977,376.586849208992
"Estuary_7702",432.87604194237,58.5681284748027,48.9215192486386,68.2147377009667,80.0431089155636,44.0293673237747,138.703299991966
"Estuary_7710",4135.16027095882,443.799407449585,437.739320605835,449.859494293335,880.320262914138,610.770700771045,1270.42570764322
"Estuary_7718",791.034245861178,107.026933465017,104.170360265049,109.883506664986,146.27014240219,93.7533242385437,223.429796885472
"Estuary_7727",4152.55078839376,318.37606894615,316.260201558205,320.491936334095,1011.31221900542,744.141650725187,1395.08254639547
"Estuary_773",222.336469866376,66.7187082423965,65.4755303289352,67.9618861558577,4.47565277351588,1.68007765198666,24.9874803658141
"Estuary_7739",3914.2291681291,420.088333126393,415.477097371185,424.699568881601,833.286988800225,579.708575333171,1199.3728201285
"Estuary_776",12565.7611171712,1760.5330640189,1750.99621205137,1770.06991598643,2263.14930331049,1480.26501970319,3414.98032070127
"Estuary_7831",1043.63230276361,107.374282222764,105.581122235618,109.16744220991,226.807217445172,158.225024677527,326.302625086691
"Estuary_7843",455.219111224678,79.6952730851682,78.2990066165134,81.0915395538229,66.0704385200861,42.3402726825308,109.008148121113
"Estuary_7853",501.229322992299,72.4683083060719,72.3175990827038,72.61901752944,88.0303332092922,57.6938590144873,133.518314172846
"Estuary_788",92743.8539079236,28579.227039314,28451.5592061018,28706.8948725262,1118.28242054222,194.174525065259,9526.14354829549
"Estuary_7950",9146.47849476319,797.168015823048,791.685073182182,802.650958463914,2131.62586298507,1543.42795165451,2976.97405890343
"Estuary_7953",39126.1056728541,5073.765757644,5061.770238012,5085.761277276,7454.80453986062,4972.59803074647,11009.9478608175
"Estuary_7972",1002.29588634415,126.519749905858,125.028185006658,128.011314805059,194.425415860401,129.594414360896,288.190448265218
"Estuary_7982",104.542701860201,18.302305347848,18.302305347848,18.302305347848,15.173313214807,9.89699145152874,24.6030649225971
"Estuary_7983",291.575580322779,22.3861179198705,21.8462626053607,22.9259732343802,70.9792986552867,51.301476791432,99.6253703060209
"Estuary_800",6166.92272914522,1919.0846840827,1910.61391580863,1927.55545235678,55.62564301689,0,614.582897852885
"Estuary_8055",1381.01759536552,186.851680652955,183.097133189361,190.606228116549,255.363963559038,164.787419870425,387.565997170316
"Estuary_806",6299.50312665234,987.754078035457,974.951006066867,1000.55715000405,1029.40981814989,664.602787231702,1618.33309777726
"Estuary_8071",0,0,0,0,0,0,0
"Estuary_8089",86.802739483566,15.1965676684193,14.67741006775,15.7157252690886,12.5985375416134,7.93682540042332,21.1260276644084
"Estuary_8133",33410.0816807509,6888.31250760615,6830.69059543831,6945.934419774,3809.92974738708,2421.08331516616,6880.59901934843
"Estuary_8145",2135.21133870143,324.419618249177,320.145013993707,328.694222504646,359.296404516409,232.308290457419,559.164289797228
"Estuary_8154",22890.9832577662,1994.75570451438,1985.52857179426,2003.98283723449,5335.16604445494,3871.83619492947,7434.16257072342
"Estuary_8168",4654.09002343286,665.883010514943,656.325277377233,675.440743652652,824.403155888493,533.902689330567,1262.06069564557
"Estuary_8169",15216.2584962397,1365.70392319147,1355.46712042875,1375.94072595418,3506.69420988945,2526.85624274092,4915.773379097
"Estuary_8181",23908.617917591,1943.164316682,1936.55690760851,1949.77172575548,5712.61422670981,4188.73240268767,7895.92938008166
"Estuary_8228",4833.21338591256,653.93377111397,648.591390982538,659.276151245401,893.709487189092,583.732251884284,1340.52817419898
"Estuary_8304",2372.27487882944,245.048659568821,242.004327792394,248.092991345249,514.577479381153,363.776917539602,737.607807360317
"Estuary_831",25219.4847990076,7364.80851820367,7354.01336813191,7375.60366827544,710.722709286532,334.062436911986,2989.89633821902
"Estuary_8328",317.695033306207,55.6189136458364,52.4421074003241,58.7957198913487,46.1102129691442,28.3581264095885,79.0367599143884
"Estuary_835",8020.38954748128,2495.8650232807,2487.23243116542,2504.49761539597,72.3439137182812,0,798.535471575529
"Estuary_8354",1369.14203441267,185.244917256034,180.822356072895,189.667478439173,253.168053583246,162.740120465605,385.657206159652
"Estuary_8360",370.735395960876,50.1604990735065,47.7204480035385,52.6005501434745,68.5526820671255,42.9484032031847,106.954451958398
"Estuary_843",67283.4727732101,20937.9438922952,20901.7357090182,20974.1520755723,606.896924414356,0,6687.41080670422
"Estuary_8450",12165.2877449725,2584.40140675933,2564.97274523271,2603.83006828596,1311.04538205833,825.426974685603,2426.45953545279
"Estuary_8460",1060.85836008386,186.73887440762,184.381406042442,189.096342772797,152.958581074834,98.0165276898305,251.787039852318
"Estuary_847",6703.89223106312,1957.72764598252,1952.09928309162,1963.35600887342,188.925685326197,88.6758033959601,795.898370570058
"Estuary_8482",240.617078000973,18.4481113703346,18.2133678359746,18.6828549046946,58.5998831763569,42.8549831434696,81.3253684086707
"Estuary_851",7.21116905453368,2.24404369808034,2.08908692659687,2.39900046956381,0.0650447448718939,0,0.764898700440634
"Estuary_8542",1155.67531896344,148.777770255026,147.402223053437,150.153317456614,221.281023630257,146.976854021387,328.532608568884
"Estuary_8580",2738.65467206786,527.910356991828,524.588371983768,531.232341999887,349.034255551022,227.337232659628,599.811743397888
"Estuary_8617",4969.14297487654,562.826504407692,559.475893889058,566.177114926327,1028.34276757752,710.336986971409,1485.34969612758
"Estuary_8626",66.8587207676197,20.5008564544994,19.3004305026046,21.7012824063942,0.907974522500083,0.198730348657828,7.3449221072631
"Estuary_865",15814.9433273045,2939.31016939557,2925.72318148918,2952.89715730196,2124.79283344061,1365.9089365776,3567.71664134569
"Estuary_868",11890.3782507993,3472.32942005208,3462.80846981186,3481.85037029231,335.088599636352,157.30107875486,1411.46028726319
"Estuary_874",1653.91412982697,514.681538060856,508.748467622823,520.614608498889,14.9183054510393,0,165.993063579356
"Estuary_876",7532.51744917784,1832.50010156827,1820.50860941234,1844.4915937242,579.487310832967,351.828393186057,1267.15849284263
"Estuary_882",6424.19186564866,1999.14426667121,1990.08164079079,2008.20689255163,57.946210628151,0,640.297849799069
"Estuary_891",2443.66973914469,760.445586124437,754.088702083476,766.802470165399,22.0419010470852,0,244.487744110707
"Estuary_895",9923.30709176025,1342.62344951516,1334.31005276245,1350.93684626788,1834.91871433739,1200.8790474862,2746.90492074468
"Estuary_897",26140.6518112069,3536.83019005629,3501.46532122835,3572.19505888423,4833.66792641026,3151.31878910551,7263.46328639793
"Estuary_898",16541.2620904595,5147.47534993008,5132.00634232319,5162.94435753698,149.202184055945,0,1646.15617196831
"Estuary_9",10106.7117857624,3145.10764061139,3135.64500688402,3154.57027433876,91.1625403075766,0,1005.80501500656
"Estuary_900",27175.6083945129,8456.77757628848,8434.12464664714,8479.43050592982,245.123987718507,0,2703.58653812255
"Estuary_90000",3631.43184832126,737.914552658622,724.448369668342,751.380735648903,424.906239492328,267.176015991334,766.193040088193
"Estuary_90001",5460.02483438572,1109.48847492023,1089.10194102625,1129.87500881421,638.866077298421,401.659979916908,1152.14874011296
"Estuary_90002",1184.34588066549,253.602502994551,250.635250521312,256.56975546779,125.636891453347,78.6524413598956,235.184823688609
"Estuary_90003",942.627393960788,201.843625584581,199.892189718163,203.795061450999,99.9950922356031,62.7286413120571,186.808868054518
"Estuary_90004",1015.48650358857,77.8573502301357,75.0041717416513,80.7105287186201,247.31158308396,176.480404098003,351.328183833993
"Estuary_90005",1388.1399192232,381.929288922004,379.930899761997,383.92767808201,62.5669946124566,34.4659252896539,188.7597321495
"Estuary_90006",21702.8651286434,1911.92088263396,1907.6555108994,1916.18625436853,5037.55356020894,3683.1810717975,7010.75772613163
"Estuary_90007",0,0,0,0,0,0,0
"Estuary_90008",186.219658077106,30.1573511806268,29.3426920769111,30.9720102843425,29.4720455322434,18.7210886556393,47.5189532739482
"Estuary_90009",73.3613424285107,11.8805060085695,11.5298140736811,12.2311979434579,11.6105294504639,7.356198636807,18.7657732973637
"Estuary_90010",9.7324840198909,1.57612757685421,1.29884572877894,1.85340942492947,1.54031113115506,0.828683543239116,2.84360217668023
"Estuary_90011",25.4891656276525,4.12784411201096,3.71234823495063,4.5433399890713,4.03404161361964,2.36853524703699,6.97064086787684
"Estuary_90012",981.035037868025,88.6829914012882,83.7418891396079,93.6240936629685,225.454238074432,154.401393633061,331.435424149463
"Estuary_90013",1.30285952465975,0.277011793557709,0,2.39409640492733,0.140176854833591,0,2.22714761678047
"Estuary_90014",0,0,0,0,0,0,0
"Estuary_90015",0,0,0,0,0,0,0
"Estuary_90016",0,0,0,0,0,0,0
"Estuary_90017",0,0,0,0,0,0,0
"Estuary_90018",52.9883360133963,11.2662905853513,10.9119184616829,11.6206627090197,5.70110448949833,3.52015912014829,10.8103129032469
"Estuary_90019",143.088214526159,30.42317471119,28.3675363937553,32.4788130286247,15.3951024622315,9.15130023224309,30.2139508182235
"Estuary_90020",168.731244392484,35.8753524487549,33.8597586150845,37.8909462824253,18.1540793181622,10.92307814739,35.2486769274531
"Estuary_90021",7984.69648564225,1697.69269260194,1669.87991387925,1725.50547132462,859.086969065569,538.69931571024,1605.17988761565
"Estuary_90022",794.266860017318,168.875679451556,162.734922381058,175.016436522053,85.4565117945894,52.4979015557966,162.811922984919
"Estuary_90023",955.079882635021,203.067472948556,194.251905216617,211.883040680496,102.758656270004,62.6652057706997,197.107688778343
"Estuary_90024",728.020851121964,154.790564830366,149.512152310262,160.06897735047,78.3289919073983,48.2322671651268,148.90680287263
"Estuary_902",8178.44451425425,1689.01438835884,1681.93559098449,1696.09318573319,929.805329550513,590.156338280431,1674.48965784499
"Estuary_903",16772.6639433162,2335.7764657142,2328.06934271392,2343.48358871447,3034.9982555751,1989.82644048447,4562.89875971207
"Estuary_909",52943.1264727944,16331.2069367395,16305.3758433475,16357.0380301315,621.71159111399,99.6483911472492,5405.71832882187
"Estuary_920",92290.9440035007,28720.0188644494,28686.5356867881,28753.5020421106,832.464314911577,0,9167.78325980338
"Estuary_927",20362.4073401812,3100.40690719043,3083.41928380144,3117.39453057942,3419.839547209,2228.15017282744,5285.33004743123
"Estuary_930",10628.7168596488,970.093050207974,962.772487294031,977.413613121917,2433.32837542018,1760.49119969739,3417.63580154296
"Estuary_931",1271.16363821293,313.027207629502,311.238899896343,314.815515362661,94.0121009626604,56.8208927644791,209.863187766414
"Estuary_935",10870.3213305134,1704.80353219255,1691.84531996801,1717.76174441709,1775.98206105115,1152.81540190714,2777.43708882288
"Estuary_936",4425.83949750237,733.445150443125,728.935347807884,737.954953078366,683.752915052109,442.989037285013,1089.62255729885
"Estuary_937",5950.882031558,1741.85076709102,1731.36106615079,1752.34046803124,163.68116823417,75.6981342945226,704.668952597028
"Estuary_939",1392.41621850084,342.885957112578,341.444610712878,344.327303512278,102.979640213575,62.3353559493599,229.536417437547
"Estuary_946",811.429378342095,252.508708246277,248.878053885627,256.139362606926,7.31909299264571,0,81.6676228601795
"Estuary_951",53915.9005823914,16778.0891022344,16747.1703189145,16809.0078855542,486.321423253171,0,5359.3938185825
"Estuary_953",154936.733551613,48214.7621139265,48169.1902331394,48260.3339947135,1397.52933663555,0,15387.3528678797
"Estuary_959",69823.4416508242,21728.35680732,21690.4104596144,21766.3031550255,629.807443690435,0,6939.9807160951
"Estuary_96",1329.7782708756,413.813700113777,410.732897818499,416.894502409056,11.9946000032979,0,132.922884826076
"Estuary_961",17834.0672422316,2641.35689247792,2620.44576587624,2662.2680190796,3069.28977915707,1997.58532579511,4714.95687969983
"Estuary_97",10527.7872512748,1424.40961509748,1422.82954948309,1425.98968071186,1946.69314063322,1280.54659453478,2899.51235078079
"Estuary_970",10723.5854217924,1466.85938547674,1450.70712915428,1483.01164179921,1966.93990243539,1280.5057340257,2966.51719962405
"Estuary_973",156164.816741404,48596.9293217576,48534.6689500584,48659.1896934569,1408.60664700747,0,15514.5242500877
"Estuary_974",15027.2889143059,4676.34203724284,4657.62857813957,4695.05549634611,135.546146007039,0,1496.9742162263
"Estuary_977",6186.52918873422,837.03739923574,825.165922570292,848.908875901189,1143.95111228884,742.649330313262,1726.11471433242
"Estuary_979",0,0,0,0,0,0,0
"Estuary_982",137438.797159411,40479.0823069074,40437.9364105976,40520.2282032172,3530.19493150769,1584.11682877444,15943.3639788848
"Estuary_996",45053.531842102,13519.6598563847,13491.3200693223,13547.999643447,906.931574774834,346.182233735197,4981.17980878774
"Lagoon_10083",389.739105383628,52.7317009584048,52.336316172095,53.1270857447146,72.0666579764866,47.1026845548855,108.025074347586
"Lagoon_10095",50.7969185019946,15.8074930686357,12.8552560272131,18.7597301100583,0.458188204887992,0,5.98136322349687
"Lagoon_10116",59.4502532785055,18.5003243177381,17.9054458447393,19.095202790737,0.53624128457212,0,6.08832552748136
"Lagoon_10120",318.375411455918,43.0761931699858,42.7127343522195,43.439651987752,58.8707973323139,38.4414609169975,88.3272923750958
"Lagoon_10122",565.494471864665,76.5114020432891,75.6183611583636,77.4044429282147,104.565582792495,68.0565250425272,157.389033954036
"Lagoon_10371",687.94798158784,143.822626949458,138.431185591569,149.214068307346,76.4651962347847,46.8180627679211,143.710696268175
"Lagoon_10407",3024.89847097491,268.789895611624,264.127090280213,273.452700943034,699.812843779251,500.963802911745,989.531783325496
"Lagoon_10444",66.3376091373615,14.1045905100704,12.4303057197367,15.7788753004041,7.13737531180414,4.00998726293766,14.6785586613994
"Lagoon_10480",130.457407435292,40.5970406197885,30.8295563952234,50.3645248443536,1.17672581506634,0,16.0582542981997
"Lagoon_10493",65.4922476925003,20.3805325594292,17.8811078145946,22.8799573042638,0.590740074186354,0,7.29505885063483
"Lagoon_1125",3279.62566606136,984.149780239512,969.047121320226,999.252439158797,66.0191542899962,24.865387177057,367.394169236432
"Lagoon_1148",8892.23422272173,2668.38086025825,2658.09796445332,2678.66375606319,179.001460199472,68.2058009218703,984.861689355539
"Lagoon_1246",10759.7287227877,3228.77844491479,3218.00897664315,3239.54791318644,216.594289409044,82.5729083581219,1191.0814200951
"Lagoon_1255",1176.5262416019,159.184000488738,157.687315315851,160.680685661624,217.551467334608,141.918583784266,326.717394178636
"Lagoon_134",11397.8870785903,1542.13412173327,1538.43189976107,1545.83634370546,2107.58329970213,1384.58870978496,3143.20056553443
"Lagoon_14",3489.60212378866,472.143167348605,471.041086772729,473.245247924482,645.26232870976,423.936978095456,962.265337446447
"Lagoon_1415",5456.74943609274,1637.46088888313,1631.90131452076,1643.02046324549,109.84484804813,41.8739781869677,604.087730464482
"Lagoon_1454",12256.6322415523,3814.14138724867,3804.51279533554,3823.76997916179,110.554822818802,0,1219.1730368342
"Lagoon_1456",11734.6309976071,3651.69982014535,3639.88979954484,3663.50984074585,105.846371598416,0,1168.07560139723
"Lagoon_1564",13226.9597931312,1234.25829387855,1226.82469214458,1241.69189561252,3001.14650148,2186.19768827581,4219.47890980663
"Lagoon_1708",151025.189214696,46990.5568100743,46881.1587818007,47099.9548383479,1369.21902836337,4.81540891207298,15026.593032379
"Lagoon_1760",1387.91485513727,187.784879900073,183.29677940058,192.272980399566,256.639335863433,164.967101460522,390.955060145785
"Lagoon_20000",15548.4053745142,2409.72517571152,2391.63696356497,2427.81338785807,2569.02970926168,1668.84357147647,4001.30726524751
"Lagoon_20001",56257.0553755474,8023.17357838784,7996.08246998673,8050.26468678895,9990.89812341618,6543.30292831948,15116.1540715903
"Lagoon_20002",13.2412778287696,1.79154489023253,1.71419352946195,1.86889625100312,2.4484446833178,1.54277417651575,3.80008904370634
"Lagoon_20010",246.346019205688,43.3633556298991,41.9349782322047,44.7917330275935,35.5191031799543,22.2924916524565,59.6414383456573
"Lagoon_20011",114.055535024004,11.7815840919026,11.3380645321318,12.2251036516733,24.7401387781339,17.0431917643319,36.3465805719387
"Lagoon_20012",635.133940893823,85.9336222029342,83.8184485858369,88.0487958200315,117.442617010677,75.4366037272532,179.032551500731
"Lagoon_20015",543.516044405176,73.5377208080203,71.8326011806806,75.24284043536,100.501551770961,64.6493410626125,152.993775551899
"Lagoon_20016",559.718195574295,75.7298718612021,74.085391364424,77.3743523579803,103.497491543643,66.6768522279815,157.32784979456
"Lagoon_20017",2298.13217659604,310.937283493445,307.087065289447,314.787501697443,424.947620774374,276.378358760502,640.067920118133
"Lagoon_20018",2214.31916619524,299.597383186215,295.944185826917,303.250580545514,409.449757021161,266.349767244225,616.609513775878
"Lagoon_20019",721.959836187459,55.6987076669034,53.5320879873862,57.8653273464206,175.480051478683,124.842712223325,249.959941547799
"Lagoon_20020",1645.77008755991,137.228893247043,135.666139756338,138.791646737747,389.763146490515,282.593991258979,544.340726315738
"Lagoon_20021",2115.33180511241,286.204393231709,283.466298255296,288.942488208122,391.146004083336,255.119668429766,587.516392689848
"Lagoon_20022",423.551980974464,45.4570333103388,44.2132671635093,46.7007994571683,90.1685465174941,61.6900673475256,131.885392996042
"Lagoon_20023",7528.8142112341,929.773854287483,919.3293441542,940.218364420766,1481.02774429179,994.36146417401,2184.39232770989
"Lagoon_20024",490.94807233031,60.0719707171122,59.6581156412431,60.4858257929814,97.1345115237764,65.6804177719536,142.392301803835
"Lagoon_20025",10825.4236606503,1000.31147435507,993.062200422773,1007.56074828736,2466.09743602175,1769.66179775973,3467.49887217025
"Lagoon_20026",1329.63817510158,179.900045091243,175.368057659042,184.432032523444,245.863394958032,157.831251893138,375.011799464336
"Lagoon_20027",728.38953936269,78.1732326632854,76.1325993230719,80.213866003499,155.064381736042,106.226603028757,226.527968783616
"Lagoon_20028",1813.43949834007,194.624469687698,191.933272076751,197.315667298644,386.056992075777,267.801436995319,557.2293114559
"Lagoon_20029",18317.3450464161,1592.71164586864,1584.25849143539,1601.16480030189,4272.68541144427,3099.58971273097,5956.35578913357
"Lagoon_20030",10687.1756888471,1132.28410074608,1125.72461034047,1138.84359115169,2289.85642657965,1605.7118232701,3272.68965147723
"Lagoon_20031",927.291896463709,99.5201073761463,98.5561086894144,100.484106062878,197.408030790498,137.513768436864,283.772140348756
"Lagoon_20032",2324.53739413747,249.477227124116,247.755598232386,251.198856015845,494.862891852645,345.689439420049,709.398130886188
"Lagoon_20033",2519.84499870392,270.438300818338,268.311583305305,272.565018331371,536.441266216645,374.370877931558,769.737241705581
"Lagoon_20034",505.95428365325,54.3007275579737,53.6083837982074,54.99307131774,107.710893610633,74.7989239219325,155.30318339521
"Lagoon_20035",895.717604207408,68.674668714582,67.0085818471682,70.3407555819958,218.143065328672,157.667251405101,306.189171356923
"Lagoon_20036",1186.26479072037,160.501626184466,158.643265531203,162.359986837729,219.352222452103,142.778938978083,330.131973236715
"Lagoon_20037",742.164813903785,100.414899321182,98.6485300513022,102.181268591062,137.233695738949,88.7836770461719,207.768579468493
"Lagoon_20038",617.722016527494,91.4965425796561,90.5349421662276,92.4581429930846,106.304224332613,69.0048731195366,163.725559304556
"Lagoon_20039",3184.05978704664,990.847565131043,973.195388513169,1008.49974174892,28.7202192791607,0,321.550642296756
"Lagoon_20040",435.074004260447,89.38755305978,85.7753726825302,92.9997334370298,49.9274938444576,30.5613172260718,92.7746052562374
"Lagoon_20041",856.742470316545,266.609689337806,262.561682538476,270.657696137135,7.72781708225524,0,86.2966567393765
"Lagoon_20042",1834.9371098199,248.266990958633,241.951243343543,254.582738573722,339.298220976798,217.756119009188,517.651568433235
"Lagoon_20043",55.6749295406395,7.53281796684852,7.45940677853848,7.60622915515858,10.2948512213596,6.71346610068462,15.4659992821558
"Lagoon_20044",7930.0979472068,2467.76718019129,2460.31780904105,2475.21655134152,71.5294834838054,0,789.199480137877
"Lagoon_20045",280.440884218551,37.4206604051648,36.402365734328,38.4389550760017,52.3793151304574,33.7287722890127,79.7887848394272
"Lagoon_20046",100.936961158483,10.0019125975002,9.59585543233973,10.4079697626607,22.3191117350577,15.2985790171119,32.699360469128
"Lagoon_20047",1086.35205679296,103.869197759861,102.907661766337,104.830733753385,243.991594345814,175.548304261232,345.146325814397
"Lagoon_20048",33645.0238158162,3216.89604259319,3206.43255056807,3227.35953461831,7556.57703346933,5469.79483664033,10625.8083442977
"Lagoon_20049",993.543634170307,94.9955215488255,93.2730125898749,96.718030507776,223.147085548849,159.112731865075,318.435936433438
"Lagoon_20050",8025.34877445727,767.326331950625,759.998839035525,774.653824865724,1802.47059911834,1296.46816518023,2550.48220934388
"Lagoon_20051",2200.88432357363,210.43278523052,207.660599170982,213.204971290059,494.312384020992,354.244430595566,701.959338176927
"Lagoon_20052",7169.48993983368,685.495244144267,676.991542319626,693.998945968909,1610.24712948987,1154.86753088663,2284.93284120028
"Lagoon_20054",19743.6941295498,1887.75052914845,1871.14005778147,1904.36100051543,4434.3777680747,3191.94371479004,6269.94755086224
"Lagoon_20055",2279.42496252987,217.942278224914,214.585864543769,221.298691906058,511.952389026776,366.058114551502,728.607228855171
"Lagoon_20057",4845.91675344066,463.331829164916,459.166408866461,467.497249463371,1088.37917445432,783.283606552552,1539.19515969627
"Lagoon_20058",265.527805550623,35.9259120909993,35.0528377022551,36.7989864797436,49.0987465243657,31.5475539320296,74.8246058421453
"Lagoon_20059",80.8560437544159,10.9398227199725,10.6523564677647,11.2272889721802,14.951091050629,9.58712082098823,22.8288209100998
"Lagoon_20060",516.908679520488,49.4231032391138,48.6896046866027,50.1566017916249,116.096225030142,83.058709052107,165.136369878324
"Lagoon_20061",91.0771337623529,8.70814277840141,8.4978670124942,8.91841854430862,20.4556662236416,14.4963564255116,29.3631388661696
"Lagoon_20062",52.0163141880041,4.97342716051262,4.88046070971847,5.06639361130677,11.6827168056282,8.32548895678927,16.6806725228669
"Lagoon_20063",189.147710396947,25.591685216707,25.2132629636893,25.9701074697247,34.9753031294995,22.6919366673204,52.8058851884402
"Lagoon_20064",2294.02082149486,175.882576384011,172.209262194048,179.555890573974,558.685830866858,405.198263985994,781.596229557299
"Lagoon_20065",2982.36968274579,233.993554059993,232.432356252627,235.55475186736,720.991042052037,529.130167523058,996.606042289178
"Lagoon_20066",804.135324119896,106.283834615489,102.357690106361,110.209979124617,151.208337520943,96.7251370665648,232.006390378489
"Lagoon_20067",115.951513664574,15.6882397988169,15.1104066652416,16.2660729323922,21.4405943917164,13.5993659987174,33.074348295864
"Lagoon_20068",788.65314748083,75.4053616665034,73.1466243791205,77.6640989538863,177.129262688333,124.779493108533,255.702478098452
"Lagoon_20069",1936.36495516877,261.990178434334,260.914941070252,263.065415798417,358.053243860257,234.823446963227,534.899678790115
"Lagoon_20070",958.39781260081,84.1299416101049,81.8436518449438,86.416231375266,222.7586219628,157.836252748614,317.608995935419
"Lagoon_20071",5576.26173475302,667.467006831544,655.852721029367,679.081292633721,1118.10776325372,752.69339110574,1649.2943521302
"Lagoon_20072",9363.66242757236,1266.90352645054,1253.12150287561,1280.68555002548,1731.4348194824,1127.80935258804,2604.06061838513
"Lagoon_20073",5515.97084727521,757.961849837678,742.178862927127,773.744836748229,1008.30717516832,673.986103502741,1537.20390852219
"Lagoon_20074",1919.42313910044,215.866565160347,211.601792727984,220.131337592711,398.751918211005,272.075930169111,583.182321625545
"Lagoon_20075",4908.78875739908,650.003329755477,635.477277801254,664.5293817097,921.839918251283,598.224486762266,1395.10856095826
"Lagoon_20076",1106.99959663679,126.761736752331,125.713804231059,127.809669273603,227.710604086736,157.106256410823,330.269905031173
"Lagoon_20077",3986.78891089635,1240.64884118184,1226.87339238843,1254.42428997524,35.9608359762851,0,399.961367818192
"Lagoon_20078",1396.96248518178,434.720755763718,429.93407267,439.507438857435,12.6006016163397,0,140.132806592226
"Lagoon_20079",364.955251343905,113.57042466571,109.833730897921,117.307118433498,3.29189636712202,0,37.4022696454632
"Lagoon_20080",1745.90298836057,233.181095342602,226.215617011054,240.146573674149,325.874500560335,212.959440562989,497.793506660225
"Lagoon_20081",3201.67252354171,427.612250477221,424.069035071262,431.15546588318,597.59530828607,399.218699672931,893.730807789639
"Lagoon_20082",395.759476970957,52.8572486258007,51.6020210319126,54.1124762196888,73.8688934950695,48.578155991497,112.168326532183
"Lagoon_20083",71.8481225292382,9.59596496561882,9.18101596967484,10.0109139615628,13.4105223494685,8.64301081656217,20.7513598447672
"Lagoon_20084",0,0,0,0,0,0,0
"Lagoon_20085",356.990100320529,40.4537081490647,39.3067518847219,41.6006644134075,73.8580918745718,50.5893039616054,109.065605697114
"Lagoon_20086",4110.80603687483,362.01681085417,359.238323046802,364.795298661538,954.304390213518,689.415888542886,1335.26926244427
"Lagoon_20087",920.71035469145,104.333839916199,101.828798026077,106.838881806321,190.486822759551,131.057585996782,280.102433951831
"Lagoon_20088",10653.0351419268,941.586332098113,931.326975452956,951.845688743269,2469.62205069827,1777.4097358847,3467.90421765086
"Lagoon_20089",31.6936637142721,4.28815270054101,4.18907362228939,4.38723177879264,5.86047535740605,3.77016626006045,8.92070461687837
"Lagoon_20090",2672.8850541823,361.641347830866,354.298074531683,368.984621130049,494.24317536885,318.868267078514,750.268729631099
"Lagoon_20091",285.478762179854,38.6252765229342,37.451249418217,39.7993036276514,52.7878779146767,33.7061244763953,80.9252507095579
"Lagoon_20092",1589.2764108561,210.152016389828,206.855689917294,213.448342862362,298.750183130404,195.291228303613,449.03749336141
"Lagoon_20093",906.533448435564,111.479471064685,109.931800772489,113.027141356881,178.801604458867,119.875421382605,264.188429470218
"Lagoon_20094",7246.68796008036,1324.21390382819,1282.2042452521,1366.22356240427,996.248047869144,634.70440818097,1702.24107698194
"Lagoon_20095",70782.5894858987,9326.178020107,9286.99776533834,9365.35827487567,13339.1149591726,8897.45144962131,19806.565888029
"Lagoon_20096",183.375393826687,22.5848918634986,22.0678575443973,23.1019261825998,36.1337429937447,23.9932751339326,53.8800703022908
"Lagoon_20097",26.7704545885122,8.33069776339912,8.26847817328103,8.39291735351721,0.241469500388381,0,2.67600263445476
"Lagoon_20098",1294.210173986,184.733819628363,181.502653642449,187.964985614277,229.685220183695,151.616466199747,352.482237330146
"Lagoon_20099",529.498888702978,164.443601450891,160.393352415876,168.493850485907,5.10723770068891,0.223616287056222,54.1701782310744
"Lagoon_20100",640.177986354316,91.378144785397,89.4323294214611,93.323960149333,113.613248225119,74.706421524861,175.006202152193
"Lagoon_20101",143.172776645448,20.4362895827445,19.9082769344052,20.9643022310837,25.4090652268944,16.6301843876432,39.3134079218448
"Lagoon_20102",0,0,0,0,0,0,0
"Lagoon_20103",145.42603575492,45.2551280665734,44.8888132330472,45.6214429000996,1.31174284250938,0,14.5459673014811
"Lagoon_20105",3022.91842264603,409.000862584008,404.844750512465,413.15697465555,558.967845531477,364.360275461218,840.085848466286
"Lagoon_20106",102.833785704034,13.9134112057558,13.3440260766619,14.4827963348497,19.0149953145329,12.0096234689957,29.4483525475277
"Lagoon_20107",577.95492850287,44.3118043683151,42.7623115058073,45.8612972308228,140.755143287589,100.617203543076,199.631529122405
"Lagoon_20108",418.688364207287,63.0172920176513,61.4166398076775,64.6179442276251,71.0509090851641,47.144386510652,111.580563600389
"Lagoon_20109",607.553719722225,189.064642040359,188.175731712865,189.953552367854,5.48013455189447,0,60.5649007549678
"Lagoon_20110",1609.25807724798,144.33558334602,142.886728068892,145.784438623148,370.964945569557,266.698604063107,521.300889473976
"Lagoon_20111",2404.68623874014,274.863522051653,271.14205166974,278.584992433565,495.141058455328,338.938773183707,721.684358944436
"Lagoon_20112",492.804132176296,47.9424765922099,46.7442119305179,49.1407412539019,109.858334571962,76.7746028453456,158.166042227754
"Lagoon_20115",1990.28712684213,269.28584826174,267.194531064709,271.377165458771,368.023992624378,240.475077958238,551.800236432834
"Lagoon_20116",28081.4327069113,3802.5360407097,3766.53136701075,3838.54071440866,5189.41952637037,3384.96011645834,7795.48470076746
"Lagoon_20117",110.081851351099,8.43997554308875,7.39528067351391,9.48467041266358,26.8093340780466,17.400660408268,41.2862123845356
"Lagoon_20118",2449.04290929764,428.754282588628,425.751837173246,431.75672800401,355.453747397568,230.22576734967,580.393486392127
"Lagoon_20119",0,0,0,0,0,0,0
"Lagoon_20120",507.333953280165,88.8190257286561,87.6897521096657,89.9482993476464,73.6343794511854,47.4183284849458,120.913939881762
"Lagoon_20121",109.231213239354,19.1231236867778,18.3256928042909,19.9205545692646,15.8538031045958,9.90963824394585,26.7784133226355
"Lagoon_20122",2327.84778200314,314.957804905024,309.751920696379,320.16368911367,430.4423333702,278.776728626741,650.999501197796
"Lagoon_20123",1165.00248975198,157.624836863443,153.541128225984,161.708545500903,215.420610380039,138.187015403385,328.807375851836
"Lagoon_20124",580.248842419845,78.507668379405,77.9569936645226,79.0583430942873,107.293813451853,70.1612942980703,160.751964291718
"Lagoon_20125",0,0,0,0,0,0,0
"Lagoon_20126",311.130536105572,54.4696662083463,52.4844848737044,56.4548475429882,45.1574427580188,28.3810420742444,75.8900178364022
"Lagoon_20127",63.7509468093756,8.62550310330852,8.48624603868248,8.76476016793455,11.7881875745216,7.63762143481423,17.8216790081336
"Lagoon_20128",1361.97621403963,238.441365129372,233.897194528292,242.985535730452,197.677038368258,126.480161421591,326.635841617148
"Lagoon_20130",516.256805996446,69.8495458513192,69.2247936974274,70.4742980052111,95.4610459968029,62.3023143276846,143.297739277263
"Lagoon_20131",550.962665863237,80.3540281827573,79.3145907620634,81.3934656034513,96.0697270533099,63.5481019216707,147.652155296631
"Lagoon_20132",147.917802296998,20.0132786507838,19.7585186099077,20.2680386916599,27.3514808227379,17.7826667489169,41.2116786730419
"Lagoon_20133",393.100506235998,55.3776843009771,54.6629827261818,56.0923858757724,70.497028800852,45.7710404444315,107.322140356857
"Lagoon_20134",6306.66114213878,751.196404549825,746.701440696351,755.6913684033,1268.25955977443,864.850780673969,1848.11324529233
"Lagoon_20135",1132.88490415987,133.062419801044,130.421061557933,135.703778044154,229.698655359988,156.082038805182,338.472961082491
"Lagoon_20136",146.880162035383,17.2517346726332,16.2720236723925,18.2314456728738,29.780762012717,19.4736233544997,45.4729521215272
"Lagoon_20137",135.362688405089,15.8989556695639,15.0030640333438,16.7948473057839,27.4455307846298,17.9549897438062,41.8897821449553
"Lagoon_20138",1389.60591724506,163.215455726811,158.67452322376,167.756388229861,281.750255034231,189.894506265796,418.418722625322
"Lagoon_20139",98.0902800504381,11.5211439172213,11.0800048982801,11.9622829361626,19.8883446577295,13.2600496717071,29.836378802896
"Lagoon_20140",5.8572828319222,0.68796417377691,0.653373617577491,0.722554729976328,1.1875963618329,0.781928049923998,1.80219919094421
"Lagoon_20141",69.6898739285103,8.18538867144147,7.76897436167157,8.60180298121138,14.1300058592068,9.29755779710666,21.454654893628
"Lagoon_20142",1005.7548372596,118.130422500079,116.685531530902,119.575313469257,203.922333938817,139.643976539169,298.245273680867
"Lagoon_20143",144.954638238091,17.0255732550775,16.7247815836782,17.3263649264767,29.3903514551416,20.0154635836353,43.2154957362517
"Lagoon_20144",78.1820599182004,9.18283405449798,9.01738090116027,9.34828720783569,15.851843351909,10.7915943860863,23.3165391405403
"Lagoon_20145",38.1735502631303,4.48365491653871,4.40648603000111,4.56082380307632,7.73989761321825,5.2734835563627,11.375626823746
"Lagoon_20146",491.857287966561,57.7708474120277,56.3437320930298,59.1979627310255,99.7267747677449,67.4296350138714,147.651819458569
"Lagoon_20147",2292.56101764917,310.183505687932,305.790842795539,314.576168580326,423.917457773508,275.211758515985,639.638209446663
"Lagoon_20148",488.794750583062,66.1339297538883,64.3247124209041,67.9431470868724,90.3830373303139,57.8922411788136,138.151065743307
"Lagoon_20149",3466.97456378571,469.081658480206,454.030354640135,484.132962320277,641.078266589615,408.627319176121,984.40369005123
"Lagoon_20150",436.237624058715,59.0229505351441,57.8969238597248,60.1489772105634,80.6646990646969,52.1072314737523,122.302920328146
"Lagoon_20151",1821.44436477707,246.441422554338,244.69506824372,248.187776864955,336.803277490928,220.225561419348,504.648479625409
"Lagoon_20152",12.2765373338688,1.66101550127245,1.5971547380713,1.7248762644736,2.27005451840568,1.43743926426417,3.50724840442965
"Lagoon_20153",1081.89861286628,146.380882320808,144.171571954096,148.59019268752,200.053872505104,129.754414758686,302.133391797957
"Lagoon_20154",6303.18273798259,852.820624449045,828.614095206115,877.027153691975,1165.52152008036,745.752685685503,1783.28854584035
"Lagoon_20155",3781.765208814,511.672832752534,496.244633608758,527.10103189631,699.286204761796,446.620170247882,1071.77209818916
"Lagoon_20156",0,0,0,0,0,0,0
"Lagoon_20158",8.95464466386911,0.953502244073827,0.910041953585323,0.996962534562331,1.9138645237437,1.28700555976893,2.84562181571126
"Lagoon_20159",1359.53336090203,131.428352838875,128.792813908145,134.063891769604,303.907824655566,213.693982698784,435.091115013186
"Lagoon_20160",135.348600587336,18.954830899742,18.2330614716297,19.6766003278543,24.3851444943287,15.4261667642963,37.9870131633645
"Lagoon_20161",1734.09658232033,234.62326758794,225.700845984697,243.545689191183,320.651799036851,203.130761386227,495.209568022073
"Lagoon_20162",2202.11839326087,297.946618608196,289.0244783598,306.868758856592,407.193712097868,260.12203052382,623.966476341737
"Lagoon_20163",16988.7494966253,2298.57780689341,2281.45238700386,2315.70322678296,3141.38966942099,2053.30714830348,4708.59656112534
"Lagoon_20164",150.182326580609,20.3196687863564,19.2656712938286,21.3736662788842,27.7702140080204,17.3391041644457,43.4597881003978
"Lagoon_20165",2243.43427050272,303.536656799018,299.310022931086,307.763290666951,414.833430958658,269.379020637977,625.785357689467
"Lagoon_20166",1664.71872970795,517.196333678632,495.602224979062,538.790442378202,15.8632507611511,0.562225360872653,172.952624857967
"Lagoon_20167",6027.51446933768,981.769759114404,961.381015709709,1002.1585025191,948.300649112216,606.023911248846,1522.96695661226
"Lagoon_20168",10183.0832592533,1377.77116497697,1355.14852806016,1400.39380189378,1882.95392546853,1219.63367525415,2847.46739718403
"Lagoon_20169",2563.55626001389,425.064434890839,420.370402055197,429.758467726481,395.81191512821,255.16592062527,633.969212563532
"Lagoon_20170",4494.56980224723,983.311188530562,974.092717928113,992.529659133011,455.895007847024,284.856974941459,869.379877414758
"Lagoon_20171",8244.84048010447,1176.34784167846,1166.61871825094,1186.07696510597,1463.73252845579,953.912193303418,2225.67384330403
"Lagoon_20172",264.121734634006,35.735670695981,34.6206530762616,36.8506883157005,48.838749951174,31.1585877686354,74.929732908591
"Lagoon_20173",1354.68057853822,183.288282276222,179.739555252649,186.837009299795,250.493985777503,161.765599727384,379.901918909582
"Lagoon_20174",9888.54260162612,2384.82460154196,2362.40009661191,2407.24910647201,781.585624924741,474.840289794968,1689.26839000311
"Lagoon_20175",0,0,0,0,0,0,0
"Lagoon_20176",320.080093527075,42.7495842000309,41.8499370266896,43.6492313733722,59.7432625482737,39.3975415780629,90.4793419116495
"Lagoon_20177",10906.9006466449,3394.11841222943,3363.23044375659,3425.00638070227,98.3802438327373,0,1092.03101993406
"Lagoon_20178",125.681366002196,39.1107842862235,37.8959104125033,40.3256581599437,1.13364592133981,0,12.8574562249096
"Lagoon_20179",0,0,0,0,0,0,0
"Lagoon_20180",1158.70787812945,156.773175910915,153.063810606656,160.482541215174,214.256673744917,137.75742954599,326.314500470855
"Lagoon_20181",776.103052840549,241.51550901345,231.831952426385,251.199065600515,7.00044953662175,0,80.0924556987151
"Lagoon_20182",4997.38362823466,676.14600490015,667.024639871687,685.267369928614,924.066206696872,600.322175884518,1393.37698552151
"Lagoon_20183",4935.26534762447,668.325928238704,660.242473142514,676.409383334894,911.995388724127,593.298736910485,1373.57123642167
"Lagoon_20184",809.027751748004,239.091986507391,231.906055522888,246.277917491894,19.9667898798373,8.50747903425389,95.7344459317712
"Lagoon_20185",45.1883957663879,6.11398994719228,5.93259829675576,6.29538159762881,8.35578626116278,5.33933846708018,12.8006092485119
"Lagoon_20186",10216.7781823831,1385.30564372156,1368.73250871211,1401.87877873101,1886.20889805932,1227.1779408688,2841.35301697936
"Lagoon_20187",10680.9879122643,2546.98157593331,2524.63825380184,2569.32489806479,873.177563452845,533.090969638757,1852.71421691358
"Lagoon_20188",277.230671495171,38.1230550846408,37.3077785705667,38.9383315987148,50.648978234828,32.6206287903037,77.2731006606835
"Lagoon_20189",8356.46030573208,1136.97473693042,1129.07160851469,1144.87786534615,1538.84741756805,1006.13044302892,2308.53603501622
"Lagoon_20190",1903.33959813741,376.278846936607,360.396458614897,392.161235258317,233.189525782972,143.240770685851,421.959984430462
"Lagoon_20191",7627.31853716172,2001.61012316746,1976.65881193733,2026.5614343976,440.733545617091,254.283736415497,1142.78784335245
"Lagoon_20192",3367.51418229795,601.794396085426,593.945339124267,609.643453046585,476.517320228202,304.839288671121,790.443932204563
"Lagoon_20193",3007.43727324017,875.463184165735,868.819972855919,882.106395475552,87.548305098499,41.5126599898215,361.541947440199
"Lagoon_20194",21825.3343330213,6300.15397687238,6262.64260180124,6337.66535194352,688.536329904382,338.361493902346,2673.00245425373
"Lagoon_20195",2981.14503663679,454.758489076766,449.678076148274,459.838902005257,499.833963104699,323.764933142065,777.321281503985
"Lagoon_20196",330.150146373613,36.8173694352423,36.0399226058493,37.5948162646353,68.9000089350522,47.0395987963981,100.763299730797
"Lagoon_20197",1276.76645114744,397.316951932573,389.280906699772,405.352997165375,11.51643338935,0,129.242984603453
"Lagoon_20198",27.3524257011857,8.51180135395198,8.29071667789654,8.73288603000743,0.246718879824695,0,2.7843984443502
"Lagoon_20199",200.055020694029,41.8235671601714,40.2628665081782,43.3842678121647,22.2360510162637,13.6170863764611,41.7841521586889
"Lagoon_20200",5353.96949388469,724.392072522598,708.662943556868,740.121201488328,990.002499114217,637.796649201181,1504.91310969293
"Lagoon_20201",2418.98517928857,505.713821899868,486.392213381854,525.035430417883,268.869422360125,164.500080517454,505.670866874287
"Lagoon_20202",994.42843552996,250.605462374109,242.598676180808,258.612248567409,67.8204669669398,39.4410846413382,162.550572472401
"Lagoon_20203",495.55366444958,86.8741656489732,84.2289083731517,89.5194229247947,71.8070732444267,47.6133498874718,120.053539999416
"Lagoon_20204",329.651519949472,57.790311736137,55.6869155679999,59.893707904274,47.7674014668834,31.4789856155661,80.322810655737
"Lagoon_20205",393.972609412254,53.304494053478,48.7161306034266,57.8928575035294,72.8494752064199,43.8445175430839,117.715476923843
"Lagoon_20206",2111.86436605478,285.735248727212,279.221538295195,292.248959159228,390.504839927189,251.299384465676,594.23955029043
"Lagoon_20207",3027.41847436904,655.634797989373,642.223715795599,669.045880183146,313.774871688337,194.266960294042,598.852059091043
"Lagoon_20208",8855.84896045893,1198.19636435009,1173.99241603758,1222.40031266261,1637.53503127846,1056.59317443382,2485.54730241398
"Lagoon_20209",1716.09387728047,364.872984278955,349.868432735912,379.877535821997,184.637436165023,112.86672995881,353.387335126999
"Lagoon_20210",845.440638547821,179.75616188696,168.911606909198,190.600716864722,90.9623849824376,54.4904853943178,177.309456481474
"Lagoon_20211",5533.63520025196,748.70084259409,729.571964060233,767.829721127947,1023.22448487859,656.614767654209,1561.25376629349
"Lagoon_20212",7841.77753998791,1060.99250116036,1049.54494381165,1072.44005850908,1450.02308491916,944.590449430482,2180.62811896846
"Lagoon_20213",1392.13924609225,125.845732338872,122.671872731104,129.019591946641,319.931175652327,226.179613379433,456.737806556083
"Lagoon_20214",1288.59998758224,100.658757756376,91.9362275006464,109.381288012106,311.963844267333,210.618980467004,465.300618267847
"Lagoon_20215",1742.93218994797,164.708174682162,154.759167648575,174.657181715749,393.396141861076,266.232130787034,583.867503391018
"Lagoon_20216",1543.01380244855,139.484396063969,135.546769834023,143.422022293915,354.604053618083,249.918056302053,507.723353376068
"Lagoon_20217",552.932650470514,49.9836597006076,48.6477173545297,51.3196020466855,127.070904306556,89.6955565939576,181.674752791252
"Lagoon_20218",991.036110745477,89.587062128387,87.537427928816,91.6366963279579,227.752610893422,161.399521865696,324.399907404661
"Lagoon_20219",1408.76821319169,186.996244084583,185.745977446216,188.24651072295,264.105425461528,173.984699665562,393.791743552355
"Lagoon_20220",1679.64258871019,128.778197276411,127.895407343303,129.660987209518,409.060156054481,300.930370219536,564.406650206138
"Lagoon_20221",1457.40753246589,137.398452190952,136.216610182561,138.580294199343,329.278013779951,235.216517571183,464.699226325788
"Lagoon_20222",1342.62011929744,181.656502140944,180.573433658147,182.739570623742,248.26388625929,162.516090292332,371.570460268274
"Lagoon_20223",922.948627669425,128.283305616358,127.01297726139,129.553633971326,167.254074449668,108.938270087979,252.984662632295
"Lagoon_20224",284.450455535975,78.2629753038078,76.6559798380536,79.8699707695622,12.8209050633667,6.95394682495852,39.2684225439732
"Lagoon_20225",977.612759278262,95.0381515376777,94.4258394181971,95.6504636571583,218.003230110815,155.269900056644,308.156583655545
"Lagoon_20226",2387.31269638461,183.155741736698,182.405574762462,183.905908710934,581.285656772619,428.787288866879,799.884053292152
"Lagoon_20227",2113.00729979231,167.532265901714,166.883193338689,168.181338464738,509.073801564781,374.203101680263,702.377789724036
"Lagoon_20228",1579.15211620501,124.576085141376,123.560931320618,125.591238962134,381.08421398863,279.083649583802,527.789859617363
"Lagoon_20229",487.889616987513,46.1977559687103,45.906186099332,46.4893258380885,110.029378286861,78.7240178811827,155.009202170113
"Lagoon_20230",2189.35919931377,213.012825386578,212.351499783201,213.674150989955,488.041883825685,348.719727238673,687.650374727784
"Lagoon_20231",9089.37233857014,716.837375048818,708.933458507583,724.741291590052,2193.67054148473,1601.9078619298,3046.75941381471
"Lagoon_20232",606.871669576065,47.6883515348066,47.3406922104212,48.036010859192,146.638025780145,107.530469145503,202.845942376461
"Lagoon_20233",15341.5830995394,1176.23917624169,1172.41021906522,1180.06813341816,3736.28914806183,2758.61228015345,5136.76716899668
"Lagoon_20234",4513.759317621,346.371244814717,345.12904301853,347.613446610904,1098.9796262807,811.061658484867,1511.52216355229
"Lagoon_20235",3673.11945440311,306.988630753466,305.260250925666,308.717010581266,869.180949740953,634.962417929351,1207.25525115536
"Lagoon_20236",3589.13078321593,275.178657149165,274.273186571481,276.084127726849,874.096910944407,645.348674285837,1201.77796775217
"Lagoon_20237",3648.24752220793,280.028550820147,278.558090619551,281.499011020742,888.176788266055,654.37212194637,1223.64061939483
"Lagoon_20238",15415.308946852,1205.27560501636,1199.76957353392,1210.78163649879,3730.86047285512,2744.940672213,5144.71694864275
"Lagoon_20239",644.154994631632,200.454592779418,196.858614821215,204.05057073762,5.81027805157733,0,65.0596022641688
"Lagoon_20240",22.9286445394815,2.36682000797817,2.3384260128295,2.39521400312684,4.9751612600092,3.48512897596485,7.12782155197587
"Lagoon_20241",760.061366404094,70.5285643880767,68.75202868581,72.3051000903434,172.850685748178,121.887962723178,247.489024246048
"Lagoon_20242",198.132602701605,26.8073411455272,26.6413911533331,26.9732911377213,36.6366995655539,23.9772520379998,54.8456919800334
"Lagoon_20243",3603.37956243362,452.447021720788,449.230913078169,455.663130363407,701.391147966081,470.50534702254,1033.71201068451
"Lagoon_20244",5914.06149028998,551.863735813938,543.667296296383,560.060175331492,1341.87789399182,968.813387898651,1903.17912711197
"Lagoon_20245",659.148420471954,89.1827812898554,87.8378975914956,90.5276649882152,121.883134429469,79.054107832346,184.072918809371
"Lagoon_20246",3116.63501547486,290.825153852797,288.626331697569,293.023976008025,707.152544452408,514.331202471746,995.744992137226
"Lagoon_20247",4572.63214452414,426.689824230464,422.231749015357,431.14789944557,1037.51271476761,752.415629979218,1465.11342720861
"Lagoon_20248",1232.97732480559,115.053838002575,113.714131446754,116.393544558395,279.757831173424,202.638219531277,395.524935160763
"Lagoon_20249",2710.68751446061,366.756020706521,361.417313249298,372.094728163744,501.233228298912,325.275581924368,756.592613932946
"Lagoon_20250",3424.70117059052,463.362068380897,458.128853126294,468.595283635501,633.261493453893,412.315967813664,952.810410058851
"Lagoon_20251",459.845230276589,99.6053924478712,98.5329468308112,100.677838064931,47.6416487389955,33.0965761535511,90.0792351468015
"Lagoon_20252",639.918317916503,59.7132299217701,59.3789163792619,60.0475434642783,145.195014658273,105.813039590636,204.051700851469
"Lagoon_20253",1208.66312458085,166.41360327219,164.693160413525,168.134046130855,220.612415849844,143.683072105177,333.041701141702
"Lagoon_20254",660.608724269423,99.0850713000683,93.9724131815248,104.197729418612,112.448448298244,69.9196344265631,180.912151136549
"Lagoon_20256",2104.02099364493,196.334259914316,194.91274717043,197.755772658202,477.394302460726,347.333893756732,672.007536629836
"Lagoon_20257",985.342799708535,91.9461117198925,90.7891157427003,93.1031076970847,223.570506174778,161.785914669139,316.380094573715
"Lagoon_20258",9069.18920886106,1053.0729714227,1048.99123297257,1057.15470987282,1850.9721051467,1273.38860557927,2679.35813604947
"Lagoon_20259",8688.08745600541,1175.49823279753,1167.07178458776,1183.9246810073,1606.51425148996,1050.36460612898,2407.31351804818
"Lagoon_20260",718.51797908615,97.2154825703561,95.6069861875909,98.8239789531213,132.86115951282,86.0462875688318,200.942090538013
"Lagoon_20261",3937.90652023512,309.399315029351,305.873614778559,312.925015280143,951.557731815136,695.495507869467,1321.64779628705
"Lagoon_20262",3466.94354775274,272.395993507759,270.411775799404,274.380211216115,837.753999918147,614.862368823954,1158.85270844809
"Lagoon_20263",2827.29473271098,717.48278352452,710.073639076933,724.891927972106,187.845262836863,111.787565526895,447.440552460085
"Lagoon_20264",447.300627081692,35.2706394679112,35.0793853426734,35.461893593149,107.959494329917,79.408163678448,149.110196379785
"Lagoon_20265",1611.17803506955,139.818310505932,139.425945952255,140.210675059609,376.09700810369,273.597285077211,522.888514358439
"Lagoon_20266",4259.6799249832,455.622027097262,453.400430855001,457.843623339523,908.370081681607,636.296132607966,1298.89584785834
"Lagoon_20267",93.7153548086392,9.49519786408706,9.44425920799269,9.54613652018143,20.5133958991873,14.5179044738462,29.1219168902082
"Lagoon_20268",1853.76020131219,146.173074129188,145.815632660283,146.530515598094,447.419479932986,330.078520819423,616.131620243878
"Lagoon_20269",2724.63331716403,208.897636426966,206.508362948299,211.286909905633,663.557198062127,485.902030466586,919.719490177461
"Lagoon_20270",175.132580816652,19.6370444114693,19.5288125893643,19.7452762335742,36.442159291831,25.2443797241065,52.5270399711953
"Lagoon_20271",61.7826089061864,8.35918698500702,8.31618421648113,8.40218975353291,11.4242222128429,7.48456579483301,17.0844524988502
"Lagoon_20272",14181.3173603316,1188.18395276621,1184.09878908828,1192.26911644414,3352.81567918556,2448.95834748539,4647.8959496456
"Lagoon_20273",1181.24471108769,98.0750690569975,97.2557987555438,98.8943393584512,280.171299880391,204.018796980814,389.950035608333
"Lagoon_20274",1137.92658223104,87.2448310596538,86.5345386327142,87.9551234865934,277.130639836547,203.610679135798,382.863478706348
"Lagoon_20275",1107.11229016274,85.9871540752932,84.3930527760865,87.5812553744999,268.521272357717,194.936053112248,375.212187341468
"Lagoon_20276",4154.40240052239,362.06892435244,360.198284820539,363.93956388434,968.212268318836,708.674016908116,1349.87769977575
"Lagoon_20277",15966.5604711265,1229.62672567978,1225.24209187519,1234.01135948438,3883.02560277962,2864.64559492823,5342.19099065177
"Lagoon_20278",919.144571481928,70.4708142955194,69.8806764525438,71.060952138495,223.848468938709,164.425121064809,309.32414460286
"Lagoon_20279",1179.25590956932,159.553324564729,157.487559545295,161.619089584162,218.056210238462,141.738803590766,328.625482154463
"Lagoon_20280",18597.909772365,2154.58055946038,2096.70806491112,2212.45305400964,3800.65612874863,2555.83886703212,5625.33288031084
"Lagoon_20281",9303.55792217263,726.296061919086,704.700927344532,747.89119649364,2252.79622033981,1615.85274117805,3183.91164112173
"Lagoon_20282",445.512753213525,35.0037107211156,34.3430275195298,35.6643939227014,107.653927985387,78.0891852465359,150.62959281684
"Lagoon_20283",194.9051253386,26.3706634583126,25.7128558762721,27.0284710403531,36.0399067263605,23.1415702886448,54.9578911153845
"Lagoon_20284",2549.51222381492,357.777331265339,353.674826755262,361.879835775416,458.601977922437,318.006217893147,696.463542913977
"Lagoon_20285",3088.6698813006,417.897034939972,402.479313025579,433.314756854365,571.125947751295,362.231381723021,881.073338937208
"Lagoon_20286",2010.55860184633,384.641502918049,383.081436627297,386.201569208802,259.159466979164,168.112417192514,442.298523537274
"Lagoon_20287",22652.1844195605,3043.64770246815,3001.66287720822,3085.63252772808,4209.80827051931,2741.67558957641,6339.29121264553
"Lagoon_20288",783.727291220965,149.935467136493,149.224784446684,150.646149826302,101.021848785372,65.4861781850603,172.527961968803
"Lagoon_20289",599.290177120982,81.0839609644689,80.46735405453,81.7005678744079,110.814746651441,72.420618649077,166.124488011296
"Lagoon_20290",5964.88810737491,676.250555086516,668.734430094334,683.766680078699,1233.766265776,847.616590573049,1791.49167304603
"Lagoon_20291",1656.32455173053,280.125889811426,274.282039001542,285.96974062131,250.245794898207,161.59059492308,407.983496619736
"Lagoon_20292",3982.0262272073,1239.16674164464,1232.27162835339,1246.06185493589,35.9178765694099,0,397.295084182457
"Lagoon_20293",1040.85829029218,314.85357087222,310.805299277853,318.901842466586,18.4396622622392,6.18559234640143,113.769314678038
"Lagoon_20294",815.641346038091,110.356274118954,109.092441721457,111.620106516451,150.820241295903,98.1831975493111,226.960883250116
"Lagoon_20295",997.863186501306,201.570605249987,198.777167286407,204.364043213568,117.955165699596,74.3846607237434,210.84444322487
"Lagoon_20296",2953.73244955045,846.71220509195,835.148831342174,858.275578841725,99.1024625785991,49.4793882091977,370.521085372957
"Lagoon_20297",12897.4190771094,3697.1534603401,3677.49779891104,3716.80912176917,432.729102341101,217.877741549802,1604.56173270192
"Lagoon_20299",11346.0790042791,3252.44880399467,3233.23195414994,3271.66565383939,380.679153965529,191.556681906224,1412.39147299744
"Lagoon_20300",1612.41587347008,462.212547368298,454.880503546638,469.544591189957,54.0991394755568,26.9499377585285,202.704324633693
"Lagoon_20301",8197.281426364,2550.91200707021,2536.25830936219,2565.56570477823,73.9394784658034,0,818.006456595959
"Lagoon_20302",3570.48696777219,483.086886739578,479.706901872606,486.46687160655,660.218745210756,431.736211685345,989.149305599985
"Lagoon_20303",2479.01187362193,401.463693069422,397.183102736736,405.744283402108,392.340698983056,253.408925785213,622.515085948536
"Lagoon_20304",467.262829481545,54.8449482612449,53.5527849468777,56.1371115756122,94.7772823670404,67.1922944275042,140.150368982277
"Lagoon_20305",1724.00668321179,279.194342424569,276.87094019266,281.517744656477,272.84983760668,176.647916419217,431.919931296201
"Lagoon_20306",549.37014006146,74.3297799503156,74.0035410852847,74.6560188153464,101.584032598765,66.6031869767562,151.800571591204
"Lagoon_20307",772.798203994968,104.559597000519,103.675775218552,105.443418782486,142.89811590071,93.3081976966969,214.401618191056
"Lagoon_20308",613.555373470727,83.0140420305894,82.5666569271552,83.4614271340237,113.452524108472,74.3099912344396,169.704901839181
"Lagoon_20309",1197.56009098336,162.029880310048,161.547642664061,162.512117956036,221.440836423733,145.392878397655,330.441306510607
"Lagoon_20310",1851.37369693339,250.490861195088,249.010480891253,251.971241498923,342.337510299953,224.109432802127,512.341524381143
"Lagoon_20311",3531.21920473976,477.773958401289,476.402567183467,479.145349619112,652.957743148428,428.76231046512,974.262210892194
"Lagoon_20312",992.458226083886,134.27959798915,133.879779863251,134.679416115049,183.515450585171,120.491801876926,273.848146100599
"Lagoon_20313",1741.79989340135,542.030708827566,535.093287812862,548.968129842271,15.7110350384802,0,175.033316761304
"Lagoon_20314",2165.0669129293,365.143659635337,363.246939477756,367.040379792918,328.132416553753,212.538799215614,526.140338195656
"Lagoon_20315",25.781872733233,6.34885028688278,6.34885028688278,6.34885028688278,1.90676318102576,1.15906893851908,4.23228810156338
"Lagoon_20316",296.835671438466,40.1618663456245,40.0241415220488,40.2995911692002,54.8878840056868,36.0217273698439,81.9425020440404
"Lagoon_20318",2136.40817628171,332.582528888364,331.092056873667,334.073000903061,351.516733238804,228.985868870405,546.659681616227
"Lagoon_20319",432.901228250631,124.358372976192,123.359106073306,125.357639879078,14.2609293219429,7.11203853478697,53.7369751813826
"Lagoon_20320",2933.47271955521,912.867375598385,907.528800930284,918.205950266486,26.459923930388,0,292.761317476271
"Lagoon_20321",5759.27667901831,1792.22930974371,1742.97410815799,1841.48451132943,51.9486756447452,0,587.139989119528
"Lagoon_20322",515.336536478194,146.603338714623,145.691278096226,147.515399333019,18.4125736310597,9.46980475911704,65.2996650561702
"Lagoon_20323",12641.0799633437,3793.33415903389,3780.56242941092,3806.10588865685,254.466056028406,97.0078198326058,1399.38723808985
"Lagoon_20324",1834.70957029192,550.559485825276,546.352520611289,554.766451039264,36.9328656778992,14.0192016066795,203.970439713307
"Lagoon_20325",12434.7679230788,3869.57542998289,3854.34497994274,3884.80588002304,112.161606666171,0,1238.63375884792
"Lagoon_20326",6046.26317600096,1814.36211989331,1808.47614773926,1820.24809204736,121.711811693958,46.4048224535711,669.248839807601
"Lagoon_20327",3141.56149245388,942.719495216181,935.92417558261,949.514814849752,63.2399102824753,24.0154647614284,349.107185440627
"Lagoon_20328",3541.27382243593,1062.66513589757,1055.04146539857,1070.28880639657,71.2861547846383,27.0719699257183,393.512041061561
"Lagoon_20329",1342.61939794326,402.893110364639,401.247930393406,404.538290335871,27.0270470507713,10.2958720207868,148.736198459912
"Lagoon_20330",2384.04893737652,715.405194586451,711.657014936683,719.153374236218,47.9911156508852,18.2608531869542,264.410419356609
"Lagoon_20331",2755.3671322759,826.830325719789,821.85718395787,831.80346748171,55.4657837062748,21.0885483623506,305.828369216381
"Lagoon_20332",3621.93999074681,1086.87143256046,1080.53158195067,1093.21128317025,72.9099718765731,27.7260367954416,401.93992572922
"Lagoon_20333",519.358091300518,155.84893017161,154.309859176334,157.388001166886,10.4547242437288,3.95953334903799,57.8666928100454
"Lagoon_20334",1267.54883024134,380.365941038322,376.574938490052,384.156943586592,25.5158698932567,9.66277226433998,141.242608588693
"Lagoon_20335",1173.1849581176,365.083427116617,363.194098431556,366.972755801678,10.5821283222208,0,117.005806197637
"Lagoon_20336",996.562293330148,310.120220061409,307.065572473589,313.174867649228,8.98899188583794,0,99.8528563519279
"Lagoon_20337",868.470101750001,270.259210963583,267.533389837148,272.985032090018,7.83360031778501,0,87.0387058837738
"Lagoon_20338",672.723631909788,128.359794418483,126.811761920304,129.907826916663,87.0530397553497,55.3904198168272,149.51438324905
"Lagoon_20339",26153.5562655221,8097.18608655603,8056.4965747717,8137.87559834037,277.444165226789,28.6133177684322,2649.74370245287
"Lagoon_20340",6406.01340335064,1764.03512818352,1752.32422754218,1775.74602882487,287.234423703383,157.79694358832,870.799685792583
"Lagoon_20341",4274.08041832506,1330.05108537857,1319.33047760834,1340.77169314881,38.552205373292,0,427.492423902519
"Lagoon_20342",1650.27951050444,495.215729771742,488.625524593145,501.805934950339,33.2202722868841,12.5379484508949,184.498498441687
"Lagoon_20343",669.210326559545,90.5441571835064,89.7554121590659,91.332902207947,123.743681484125,80.7798709431593,185.710234489492
"Lagoon_20344",363.060307273113,112.98073702032,111.58978143727,114.37169260337,3.27480397160348,0,36.466336772089
"Lagoon_20345",2098.46955797255,283.922931193686,281.306046224015,286.539816163356,388.028005964704,253.175441601614,582.630959532158
"Lagoon_20346",7448.57522998532,2317.92212581913,2300.93197088925,2334.91228074902,67.1861485744677,0,744.464785166355
"Lagoon_20347",526.16338907574,76.5742199712212,75.813680513708,77.3347594287344,91.9085588447215,59.7439810931046,140.752712281836
"Lagoon_20348",2271.60425577971,307.348055806994,304.807998443182,309.888113170807,420.042342936225,274.327198598863,630.105830113974
"Lagoon_20349",877.024707665037,158.082911119655,157.551344585715,158.614477653595,122.749170521767,79.236176022088,202.535558914838
"Lagoon_20350",262.25732582401,35.4834161839886,35.2216859916432,35.745146376334,48.4940021181177,31.6995173924789,72.6817976318791
"Lagoon_20351",700.436166921966,192.432593041171,190.982799022076,193.882387060265,31.8540719689117,17.5456713951482,95.7493993574198
"Lagoon_20352",944.714882899321,127.819923656278,127.14823961429,128.491607698267,174.687228996913,114.433415652861,261.266268986476
"Lagoon_20353",3093.01503342704,849.751813663842,846.687132686133,852.81649464155,140.662530189832,77.7855088556633,421.165988113438
"Lagoon_20354",1203.76194005594,374.598678126008,369.829967936238,379.367388315778,10.8579326993046,0,120.957718013726
"Lagoon_20355",316.628156545261,98.5315160353196,97.0512256358479,100.011806434791,2.85598597203825,0,31.8878223415277
"Lagoon_20356",374.378133436589,50.6533614539705,46.2400784599712,55.0666444479697,69.2262606537596,41.6160706139741,111.968843710872
"Lagoon_2061",5352.15790316622,903.05140103436,895.075165966977,911.027636101742,810.763081138495,523.212871476353,1304.95285570868
"Lagoon_213",4274.21831756403,578.301738366413,567.245388479749,589.358088253078,790.345709100765,510.520849631774,1198.36144611459
"Lagoon_220",1171.4714132884,191.301780847325,189.782336992632,192.821224702017,183.815080401755,118.988554217004,291.781055671756
"Lagoon_224",7585.95689174156,1045.39523992398,1042.87050730581,1047.91997254214,1383.70401638059,908.378416701879,2072.95164893816
"Lagoon_233",168.324502346342,24.0413123632393,22.9572377021156,25.1253870243629,29.8578765330828,19.669492317623,47.0717311191933
"Lagoon_235",1248.48500530246,203.878133231701,202.695175285952,205.06109117745,195.899250316199,127.084565593551,310.302674165791
"Lagoon_2525",1487.23274185313,201.222589972728,195.007111920857,207.4380680246,275.004206296062,175.506400728771,421.790738316687
"Lagoon_258",412.166665916855,128.262144766666,125.048192353025,131.476097180307,3.71774332657003,0,41.9199150429966
"Lagoon_2585",3048.72980348309,412.493142411262,402.331083284875,422.65520153765,563.740627962058,362.097974956387,859.398909793222
"Lagoon_2729",21455.2423684649,2944.9013530171,2936.1527738314,2953.6499322028,3925.28180578906,2575.84803910588,5877.95490734377
"Lagoon_274",83.4395886270942,11.2893763412459,8.97058691038033,13.6081657721114,15.428814333036,8.07352821934229,27.6699370699598
"Lagoon_2744",57418.9808826019,7768.78811341604,7749.74853844664,7787.82768838543,10617.3437550019,6974.77368460197,15835.2496330504
"Lagoon_2826",9769.71159235485,1321.84197844561,1303.80545059948,1339.87850629174,1806.51737054233,1173.42490553953,2724.41962945988
"Lagoon_2902",3819.03116140821,645.893645173164,641.003746109612,650.783544236715,576.99832302136,377.641121011183,928.451189777714
"Lagoon_3005",0,0,0,0,0,0,0
"Lagoon_3054",115.340595893122,24.6977376228493,23.5578976397835,25.8375776059151,12.2354745880873,7.39275963305866,23.6840313571206
"Lagoon_3308",22209.3829753174,6911.33788808903,6897.97220855825,6924.70356761981,200.328634437363,0,2207.87649982081
"Lagoon_3319",2756.93048612842,857.929197978303,855.188243167214,860.670152789393,24.8675129848784,0,274.416570454589
"Lagoon_402",2617.69209525057,719.165145178122,715.409762956183,722.920527400061,119.046040642063,65.7250007748554,357.016474426784
"Lagoon_4124",4215.50643594862,570.358020783848,566.7418253826,573.974216185095,779.489295071258,510.06764284434,1167.08090624303
"Lagoon_4140",5531.42699647797,748.40207262347,732.497982410352,764.306162836587,1022.81616591874,659.248184169316,1554.08919776773
"Lagoon_4175",9700.58187754708,1312.48872803212,1281.04379155376,1343.93366451048,1793.73459497723,1152.93941239839,2732.66511783797
"Lagoon_4180",16356.2168900989,2212.99614523039,2167.36272471684,2258.62956574393,3024.42806514819,1950.62645224515,4592.54678367933
"Lagoon_4200",540.203075662517,73.0894761371385,70.5277314515048,75.6512208227723,99.888950720756,63.4749583063543,153.824149006304
"Lagoon_4208",4701.15464378016,636.066223303456,628.277371647921,643.855074958991,869.29050518139,565.449634483129,1309.17198574995
"Lagoon_4226",6145.76591161928,491.528294972321,488.749999623165,494.306590321478,1476.40740758729,1082.2119231599,2042.23405589843
"Lagoon_4269",7320.123476796,587.127719474107,584.776517130007,589.478921818208,1756.84901903074,1289.47186214958,2426.80373366088
"Lagoon_4277",1383.03329242317,106.26011443978,105.729972449026,106.790256430533,336.600976127044,248.032590696545,463.652301774728
"Lagoon_4280",0,0,0,0,0,0,0
"Lagoon_4285",0,0,0,0,0,0,0
"Lagoon_4334",8998.52275762274,1152.74009446625,1146.53112314766,1158.94906578484,1728.67687775213,1154.2593278827,2554.02661142946
"Lagoon_4424",1871.2108786245,168.17717578905,158.667546078153,177.686805499947,431.0032596553,295.164523090872,633.701590447326
"Lagoon_4433",296.722571888711,40.1465639765426,38.5384427192063,41.7546852338789,54.8669707679415,34.6845984472856,84.901193308887
"Lagoon_4507",69041.2711013273,6064.3157122782,6005.32844919021,6123.30297536619,16043.3897070778,11570.4730241272,22487.5402915712
"Lagoon_4516",4020.03478058763,308.216066627654,302.260185060938,314.171948194369,979.039270464311,711.200435437501,1367.57200978725
"Lagoon_4541",2398.14678985797,216.786172699993,211.282220637352,222.290124762634,551.124410880429,389.55736073627,786.921602148245
"Lagoon_4567",16016.5258899372,1227.98703998149,1209.97085293147,1246.0032270315,3900.66471523531,2846.9902421917,5423.77875296064
"Lagoon_4582",18828.5888241166,2547.50806790297,2520.63404005123,2574.38209575472,3481.59435946739,2268.5706360461,5234.57692803459
"Lagoon_4585",5779.71931669001,601.840948861507,591.024624018512,612.657273704502,1248.8829735358,868.06506185955,1802.028051349
"Lagoon_4616",5973.49368687002,490.103758965637,489.107584890111,491.099933041163,1422.66865450701,1043.37719831009,1965.46464148534
"Lagoon_4675",366.920901252366,33.1686860047642,31.8399388776569,34.4974331318715,84.3230557852558,58.7057562996448,122.123172944017
"Lagoon_4685",4239.63967892565,383.252294441805,369.971989883883,396.532598999727,974.322727146977,682.145953837216,1403.75137421006
"Lagoon_4720",926.013839534517,83.7092195477334,79.3795546678584,88.0388844276083,212.809672009614,146.358220391426,311.663417612888
"Lagoon_4764",27388.3801817065,3705.64783858489,3673.22908415414,3738.06659301564,5064.38537939934,3305.90617573873,7600.73540579846
"Lagoon_4788",2.50953698562198,0.226855553906392,0.0462251194670652,0.407485988345718,0.576723284259623,0.0852288256200069,1.44252708996579
"Lagoon_485",11864.5622580234,3692.13312907429,3683.98232612972,3700.28393201886,107.018351567371,0,1179.80067397703
"Lagoon_4862",1740.69685361268,150.665136543854,149.679465885398,151.65080720231,406.723402951463,294.873996536093,567.422281015917
"Lagoon_5137",7401.12447060534,567.444213161311,563.01201004511,571.876416277513,1802.46985357122,1324.73414128261,2489.34440026682
"Lagoon_5172",112.315776154745,23.4807723938064,22.2687475385156,24.6927972490973,12.4838622887043,7.53139269569839,23.7820677750527
"Lagoon_5224",61.2321710140763,4.69467055164923,4.16532962407646,5.224011479222,14.9124829287681,9.80077558606226,22.7398146742605
"Lagoon_525",5764.48224453229,779.934447685219,778.162431623303,781.706463747134,1065.91041183647,700.346188460972,1589.46980961917
"Lagoon_5258",1559.02477299817,171.115200206387,168.784628788231,173.445771624544,328.100122355358,226.535307700492,475.108131662314
"Lagoon_5473",7253.94768996722,623.282949487293,619.377938834072,627.187960140514,1699.50364031711,1233.71116740214,2368.55687979987
"Lagoon_5623",14248.1784590792,1103.66558849966,1100.66447803669,1106.66669896262,3458.74363588209,2552.15485282548,4756.82912437213
"Lagoon_564",8070.52671530852,2369.14044744436,2356.36751481433,2381.91338007439,215.12291206458,98.0026779235115,948.168946764455
"Lagoon_5671",18612.7682921204,1609.23017282806,1606.73978712921,1611.72055852691,4350.7643619918,3170.63980065306,6038.96730595541
"Lagoon_5783",15079.1307398954,1844.46272728391,1823.55215093262,1865.3733036352,2984.02572693799,2008.89353578344,4393.41286938816
"Lagoon_5836",321.009554619388,26.6524234493824,26.5039828075913,26.8008640911736,76.1380460352917,55.5988512437848,105.678423805499
"Lagoon_5841",1214.94341918471,93.7015128844231,91.5192320952426,95.8837936736035,295.335519372714,213.532303151038,414.353963531565
"Lagoon_5912",14618.6463346617,1158.85154704826,1153.96300519381,1163.7400889027,3522.18519577376,2588.19945805374,4861.20764892611
"Lagoon_597",2209.4471139747,607.006972809344,605.020055514624,608.993890104064,100.480087556494,55.5834511583779,300.753462312581
"Lagoon_600",2787.34919237942,785.023966818674,774.627517883269,795.420415754078,107.513118073139,56.2710092335864,363.685524067918
"Lagoon_6082",734.7285069319,228.640164072138,214.989852163792,242.290475980484,6.62725113252575,0,77.2520358198646
"Lagoon_6133",2341.3378254898,208.049280246461,206.360302735723,209.738257757198,541.670504853627,391.398859991345,758.971008566848
"Lagoon_6185",655.330444192344,203.932280928215,196.015516098998,211.849045757432,5.91108060661494,0,67.5460725603408
"Lagoon_6207",446.098165046483,138.821287980815,127.865511273864,149.777064687766,4.02380544871928,0,47.7550061323313
"Lagoon_6222",226.408148527439,49.0322239821413,43.6958871451432,54.3685608191394,23.4659292578298,13.2176171079615,48.6644123530744
"Lagoon_6248",1140.50164653854,354.912707386328,284.21275084096,425.612663931696,10.2873248517776,0,135.702588499961
"Lagoon_6253",20.7918522289448,6.47021649512533,2.46498963170367,10.475443358547,0.187542507105082,0,3.33999643315991
"Lagoon_6254",294.489169295317,91.6420845930098,76.0262459355045,107.257923250515,2.65629230704376,0,34.1981784277005
"Lagoon_6262",124.584038877926,38.7693070584217,31.8183791580388,45.7202349588047,1.12374803067889,0,14.5774662187493
"Lagoon_6304",521.870511312457,162.400884415324,143.883556553205,180.918212277442,4.70727201203837,0,57.6840676826627
"Lagoon_6323",1821.25015559023,344.345879970112,336.401666120183,352.290093820041,238.836632351436,150.423148806771,412.413403189697
"Lagoon_6325",1038.54599277218,196.359095796301,191.222088891464,201.496102701138,136.193716549279,85.5056072230809,235.884275210096
"Lagoon_6343",7984.52526387768,1509.6434554552,1478.27766387192,1541.00924703847,1047.08137929108,661.016883700239,1804.00436761238
"Lagoon_6366",5589.7577306254,1056.86197948362,1038.54133464717,1075.18262432007,733.034343439942,464.387288937511,1258.67781389499
"Lagoon_6380",918.591546770817,173.679169517156,162.520682505411,184.837656528902,120.463029674327,72.6716757697493,216.382828537986
"Lagoon_6383",720.238400083809,97.4482555313394,96.8236534497538,98.072857612925,133.179282559497,87.1412881047784,199.414810479614
"Lagoon_6412",0,0,0,0,0,0,0
"Lagoon_6423",2158.30095994279,467.413813403275,457.966609842216,476.861016964335,223.695736980004,138.53082504124,426.830521445209
"Lagoon_6430",4503.67100654697,1351.64171251716,1343.00154376907,1360.28188126525,90.4787804892488,34.2948275049184,499.885049521578
"Lagoon_6442",78.3415564692844,10.5996125902942,10.1997869717015,10.9994382088868,14.4861372067354,9.17980827453138,22.3655243580698
"Lagoon_6452",183.094093639397,24.7726308694105,22.0735640379369,27.471697700884,33.8559288548609,19.8662076341432,55.8591186584642
"Lagoon_6762",784.837137766384,61.6642552551038,61.1209156756691,62.2075948345385,189.64844462907,138.976754566004,262.735564786285
"Lagoon_6779",471.702283466612,37.0614088100895,36.2109846254765,37.9118329947026,113.982379378754,82.3365466183864,160.121716334485
"Lagoon_6814",12490.880135329,2619.38095492595,2607.82306300168,2630.93884685022,1380.32377320775,970.817356441834,2518.06318292877
"Lagoon_6827",6354.86023458677,1198.21589340774,1194.24386970556,1202.18791710992,836.673902309289,589.652996892146,1414.55598234439
"Lagoon_6905",5900.01939526105,750.696213864544,744.8383561492,756.554071579889,1138.548996692,760.044325453266,1683.76784798522
"Lagoon_6919",1618.01010873374,183.351047164002,181.710082537087,184.992011790917,334.751969753628,233.867876575427,484.998643641888
"Lagoon_6952",16257.0083466584,1523.74171115937,1516.36441403768,1531.11900828105,3681.91493152413,2642.59089870324,5173.22290809638
"Lagoon_6975",287.242750269241,24.0097310104097,22.5633669060703,25.4560951147491,67.9682700533038,47.1886993300026,99.5328207321003
"Lagoon_6982",8059.98956435296,750.26405558151,740.860815891506,759.667295271514,1830.62520281995,1305.1520591826,2589.69173136623
"Lagoon_6985",1682.19978723723,145.298457307801,142.085513518764,148.511401096838,393.358736563432,281.479938549642,557.146648557724
"Lagoon_6986",15157.1315755111,1893.59019655946,1874.26967556229,1912.91071755664,2959.87490523495,2138.76410942515,4371.19754908788
"Lagoon_6992",3048.76854124665,268.718599710833,260.535684400131,276.901515021535,707.527574881757,499.34488485241,1012.44601581189
"Lagoon_7024",7164.30308968578,879.743439725647,868.896774765961,890.590104685334,1414.33805262264,950.123318459605,2085.96353487254
"Lagoon_7099",2582.28047468796,528.982786162587,522.952921995307,535.012650329868,297.889244637243,187.938656452556,536.861646749668
"Lagoon_7137",440.325340101433,137.024842586165,136.000000784094,138.049684388236,3.97173456771493,0,44.0158413991477
"Lagoon_7140",3417.86588947874,1063.60568614689,1055.9667475916,1071.24462470218,30.8291503230983,0,341.556257151419
"Lagoon_7356",26878.3376004126,3146.66216779784,3128.91614726817,3164.4081883275,5460.05031523027,3741.73040954634,7928.94192171822
"Lagoon_736",1524.33481847636,474.357752161658,471.320178529813,477.395325793502,13.7495000626568,0,152.213002426914
"Lagoon_7402",1774.64688027054,240.109722900604,234.378980123167,245.840465678042,328.149954630826,210.94108211085,499.875613545352
"Lagoon_742",13007.9080143914,3962.83808726912,3954.3418366953,3971.33433784293,202.42413801917,58.7841025463255,1378.68699620175
"Lagoon_7421",15667.8050472985,2119.85402289949,2108.16645101764,2131.54159478135,2897.13383129597,1897.34980591588,4334.1345760554
"Lagoon_7502",10352.1060200207,1177.76530452307,1161.46390256806,1194.06670647807,2137.08256414777,1462.91821041266,3113.34593439736
"Lagoon_7509",8092.01203462765,986.024561243399,966.508919707417,1005.54020277938,1605.11861236472,1072.53251423225,2381.23335252738
"Lagoon_7517",244.61662382059,76.1222471667295,62.1317595073629,90.1127348260962,2.20644194686173,0,28.7315966112191
"Lagoon_7540",496.080852925255,67.119739400787,63.6228114576092,70.6166673439648,91.7303105144089,57.2605303118483,143.587223599395
"Lagoon_7559",59.9137220373861,10.9482544562501,9.37519370878194,12.5213152037183,8.23671847734127,4.64081818208645,15.6008852900319
"Lagoon_7572",111.333979727042,15.0634874570687,13.9364303986257,16.1905445155118,20.5867661913273,12.5427873587631,32.9207738482073
"Lagoon_7575",1042.74041042503,141.082777530507,136.309784888455,145.855770172559,192.813129291693,122.678806399609,296.57339935087
"Lagoon_7585",0.778658864501072,0.142287193872765,0.0949143041427222,0.189660083602809,0.107047161129123,0.0469835655761461,0.236306263379315
"Lagoon_7588",0,0,0,0,0,0,0
"Lagoon_7589",0,0,0,0,0,0,0
"Lagoon_7592",429.405564907371,80.17169516909,79.528466315782,80.814924022398,57.3282607698992,36.710408329837,96.8313508521123
"Lagoon_7600",859.32234354553,116.26631308171,111.459092074285,121.073534089136,158.897294545004,100.313182866856,246.182852647909
"Lagoon_7604",2365.44724605996,320.045012391912,284.725340628154,355.364684155671,437.394850268947,256.252806565339,722.574857783197
"Lagoon_7606",8172.98100027208,664.044823792826,661.459845358595,666.629802227057,1953.0254223043,1431.38954597341,2700.70076748272
"Lagoon_7608",8985.43990622971,702.712297893142,699.464933677334,705.959662108949,2174.51541448067,1599.74768543827,2998.79634383621
"Lagoon_7610",24645.4686742218,1901.79477874868,1892.58071290162,1911.00884459573,5989.93074542388,4412.33431826841,8252.74321158824
"Lagoon_7611",4.26975754651173,1.32870585089898,1.31234784001253,1.34506386178543,0.0385132130695358,0,0.428860941438834
"Lagoon_7623",49512.5287602944,6445.02106212278,6421.95885830386,6468.08326594171,9409.3857722111,6260.68167268738,13925.0662345884
"Lagoon_7625",11826.8254182852,1562.27081508818,1554.36325207786,1570.1783780985,2224.79695210092,1470.56991675546,3308.23719219744
"Lagoon_7630",2244.11191117269,303.628341581665,301.278268012885,305.978415150446,414.958733494943,271.150441211596,622.156110805906
"Lagoon_7631",2520.25185924666,784.277176078969,778.029087532666,790.525264625271,22.7326717704049,0,252.051533648637
"Lagoon_7636",21332.2305785926,2886.25079728358,2871.48781832612,2901.01377624105,3944.54275628756,2584.33903649351,5898.72801169012
"Lagoon_7645",11942.1492020282,3600.44483837633,3576.2219924423,3624.66768431037,223.550757605113,79.6522712707312,1309.48360256553
"Lagoon_7648",3345.61685747843,319.883905797566,315.796392517141,323.971419077991,751.416068135602,538.711309213062,1066.64850049315
"Lagoon_7649",5463.9287540229,739.269560419298,732.217056572336,746.32206426626,1010.33506590637,658.995350915102,1517.52153067473
"Lagoon_7669",7829.21093402346,2271.97834495879,2263.28650078863,2280.67018912895,235.01328822486,113.375692249047,944.808868099289
"Lagoon_7670",9588.82604944554,2976.39879761071,2965.58178497555,2987.21581024588,94.0391916822436,5.20653418462757,962.436381483863
"Lagoon_7673",34874.5774014767,7772.3627810693,7762.93741789145,7781.78814424715,3394.82564865756,2172.57375198857,6548.44405736279
"Lagoon_7675",14657.8882283066,1689.17469925562,1683.65602960586,1694.69336890539,3004.42769033043,2072.13660050276,4340.70445823421
"Lagoon_7676",24986.9794092955,6932.83737963229,6904.57143583992,6961.10332342465,1068.24329701824,581.139904428347,3335.61328134934
"Lagoon_7692",1269.14672300995,171.715551623246,170.165267484574,173.265835761918,234.67792055177,153.148740736117,352.307199382567
"Lagoon_7694",73716.1085618157,9308.64863868896,9278.4058248167,9338.89145256121,14295.98648389,9610.22700963415,21013.2281467092
"Lagoon_7704",628.465165553904,48.1844242430178,46.2267319038082,50.1421165822275,153.056406418998,108.768780950137,218.265683946167
"Lagoon_7706",1433.86745321055,109.934617637653,107.058517198828,112.810718076478,349.204079554896,251.902393409006,491.058419862314
"Lagoon_7708",978.319930377257,132.366686580043,131.214534687665,133.518838472421,180.901138326059,118.093081218899,271.488304893922
"Lagoon_7722",3777.31177436278,405.393894642405,402.37396241472,408.413826870091,804.139108626299,561.425979863837,1153.38107030011
"Lagoon_7725",19495.6818706041,2026.47086620744,2019.78641109296,2033.15532132192,4216.24142557871,2975.43690509859,5994.46006515596
"Lagoon_7731",27879.2871366586,2775.84430580358,2766.45274932572,2785.23586228145,6151.38222822588,4376.22761665771,8695.41405602909
"Lagoon_7738",2693.44475472746,272.875415997007,270.898970733487,274.851861260527,589.592528914274,416.588063078211,838.57136835016
"Lagoon_7758",666.725703031679,71.5552608722125,70.2787339613491,72.831787783076,141.936976495562,98.058797942729,205.680610739543
"Lagoon_7806",57.4099457920367,5.87518321835871,5.68225721088187,6.06810922583556,12.5080555237094,8.59149023003206,18.2672098980758
"Lagoon_7855",2943.84596604807,515.379522519821,511.762726612254,518.996318427388,427.269394268433,276.736249026031,697.666216040883
"Lagoon_7929",328.122860142005,44.3950229772132,43.4785240885871,45.3115218658393,60.6731980688581,39.1306716797284,92.1334277938733
"Lagoon_7955",56732.9207060609,8195.44411682859,8173.39281648257,8217.49541717462,9971.00442245918,6860.94046002029,15128.9116627881
"Lagoon_7963",22987.9215110144,4225.85773021933,4208.02138285583,4243.69407758283,3135.1046168226,2091.48782435863,5230.59947137423
"Lagoon_80000",86.4037453721143,7.22222121439752,7.21219486062931,7.23224756816573,20.4451220912072,15.0834800588233,28.2779427656732
"Lagoon_80001",36.6966155171735,11.4196197827892,10.3310659072594,12.5081736583191,0.331003471964905,0,3.98811334033362
"Lagoon_80002",10.0117658831246,1.35459192398676,1.18565789846964,1.52352594950388,1.85127562944857,1.06709210862268,3.09783609732455
"Lagoon_80003",0,0,0,0,0,0,0
"Lagoon_80004",0,0,0,0,0,0,0
"Lagoon_80005",461.161011400436,84.2696451901808,80.0358784021857,88.5034119781759,63.3987222703529,39.6185904255179,110.270491205104
"Lagoon_80006",17.9473786865326,3.84304976392386,3.67764437169383,4.00845515615389,1.90388036529074,1.15409028732215,3.67435287703698
"Lagoon_80007",85.3107234221029,18.2674785679706,17.7042359774075,18.8307211585337,9.04986817902098,5.55580820789769,17.2611920977377
"Lagoon_80008",246.84013284757,52.855569096484,47.7867851139712,57.9243530789969,26.1851098426363,14.9960841746599,53.0963937714431
"Lagoon_80009",1056.13094010691,226.147998041417,222.571583649434,229.7244124334,112.035690290217,69.8457156164381,210.577023533475
"Lagoon_80010",479.520150873485,102.679050506351,100.01012369442,105.347977318281,50.868097004848,31.3844136964383,96.5672880124873
"Lagoon_80011",1301.77269114361,176.12984511173,172.081326083992,180.178364139467,240.710788319364,154.873193475593,366.36267375025
"Lagoon_80012",0,0,0,0,0,0,0
"Lagoon_80013",54.856883926726,11.4683978494903,10.1704721684848,12.7663235304959,6.09732495268659,3.4397003993623,12.295470957694
"Lagoon_80014",0,0,0,0,0,0,0
"Lagoon_80015",1075.67062948905,295.957282796778,287.977644698058,303.936920895497,48.4832094719104,26.1242662638691,149.431924432191
"Lagoon_80016",273.928208331263,75.3679109539503,70.0192823991708,80.7165395087297,12.3466406358034,6.35189019244491,39.6846417893522
"Lagoon_80017",144.307862088353,39.7044983650509,33.3626870063677,46.0463097237341,6.50432215426072,3.0265395063784,22.6388707720841
"Lagoon_80018",569.349603729241,156.64940276483,150.551442851409,162.747362678251,25.6620338453101,13.6574697788908,80.015456923171
"Lagoon_80019",219.493114972332,60.3907777333932,56.7266101252029,64.0549453415834,9.89311261189738,5.14602815337036,31.4928957087209
"Lagoon_80021",48.0854512132379,13.2301088204731,13.1087154322966,13.3515022086495,2.16733351251781,1.18917415513162,6.56432480536034
"Lagoon_80022",440.46813832749,121.189283972438,120.125851011381,122.252716933494,19.8530186014078,10.8973726772631,60.1060861727861
"Lagoon_80023",0,0,0,0,0,0,0
"Lagoon_80024",0,0,0,0,0,0,0
"Lagoon_80025",0,0,0,0,0,0,0
"Lagoon_80026",12126.4025057288,2578.29523746382,2485.56206259786,2671.02841232979,1304.70010889559,801.836450123095,2484.76817835319
"Lagoon_80027",0,0,0,0,0,0,0
"Lagoon_80028",0,0,0,0,0,0,0
"Lagoon_80029",0,0,0,0,0,0,0
"Lagoon_80030",0,0,0,0,0,0,0
"Lagoon_80031",0,0,0,0,0,0,0
"Lagoon_80032",0,0,0,0,0,0,0
"Lagoon_80033",0,0,0,0,0,0,0
"Lagoon_80034",1355.03764093109,288.105816588749,269.824597848793,306.387035328704,145.790786413795,87.0447778997872,285.021586490987
"Lagoon_80035",0,0,0,0,0,0,0
"Lagoon_80036",0,0,0,0,0,0,0
"Lagoon_80037",0,0,0,0,0,0,0
"Lagoon_80038",0,0,0,0,0,0,0
"Lagoon_80039",0,0,0,0,0,0,0
"Lagoon_80040",0,0,0,0,0,0,0
"Lagoon_80041",0,0,0,0,0,0,0
"Lagoon_80042",0,0,0,0,0,0,0
"Lagoon_80043",0,0,0,0,0,0,0
"Lagoon_80044",139.212744345329,29.3335871947397,28.4583568931885,30.2088174962909,15.2437256720781,9.39507509675173,28.6302090000462
"Lagoon_80045",8298.07422405601,974.646084423193,974.135291224967,975.156877621419,1682.48026286178,1165.80114063045,2432.24058051711
"Lagoon_8046",643.38499745807,87.0499901560769,85.2707040545778,88.829276257576,118.968319879972,76.74363364912,180.619528390404
"Lagoon_8049",14522.1130626865,1964.84189738149,1948.29798726413,1981.38580749885,2685.28392642137,1753.46818853772,4028.81780858099
"Lagoon_8070",71517.9912715417,15968.5810595094,15925.8175807824,16011.3445382363,6932.19492555099,4368.52626447731,13418.9574079409
"Lagoon_8078",147.312663966247,19.9314034346332,19.5485136201418,20.3142932491247,27.2395846939987,17.5936622581276,41.3057296065535
"Lagoon_8082",182.103252649516,24.6385700834795,23.659784174942,25.6173559920171,33.672712447422,21.2938057574478,52.0886238504347
"Lagoon_8088",4108.66520266131,555.902401920075,550.893464929938,560.911338910213,759.733282624103,495.804118436944,1140.51972245077
"Lagoon_8092",121.402402662657,15.6694781433145,15.4258976658138,15.9130586208153,23.204785213295,15.2978785003834,34.6862223902218
"Lagoon_8095",5827.54110666481,583.384285545822,580.990737115662,585.777833975981,1282.65265221932,910.948806831891,1815.71606247334
"Lagoon_8102",435.909991552648,46.4897336035736,45.849964595399,47.1295026117482,93.0930047914999,64.6673104544693,134.234276487163
"Lagoon_8103",27586.1157939422,3828.31326193903,3820.29859784709,3836.32792603096,5005.03687643921,3285.86737427238,7508.99193077234
"Lagoon_8110",1935.44730166976,261.866019915918,260.14142485075,263.590614981086,357.883560551755,234.127282365675,535.967583794876
"Lagoon_8111",272.090363562375,30.0119964820728,28.8424185691649,31.1815743949807,57.1140588342353,38.3780207975721,84.8387960282691
"Lagoon_8118",14711.8379284294,3503.37000942251,3475.08460441732,3531.65541442771,1207.50761363985,749.834633992284,2554.97849010114
"Lagoon_8129",8556.82674548101,1157.73865866358,1150.15254316066,1165.3247741665,1582.24283350689,1035.1372888446,2369.49370747188
"Lagoon_8131",4805.49099385,650.182931467906,638.643538315704,661.722324620107,888.583339672804,574.779184484133,1345.50206006088
"Lagoon_8132",7751.91847365649,1048.83456948572,1041.80576330984,1055.86337566161,1433.40724496382,937.625186978855,2146.9221971786
"Lagoon_8136",2675.40777453018,361.982671893933,358.283268466846,365.682075321021,494.709651588375,322.454941620161,743.553553152742
"Lagoon_8140",4427.34801040024,599.43574663041,595.418450051324,603.453043209496,818.245359779852,535.219338934313,1225.75220551601
"Lagoon_8141",3992.55142922047,1158.72268494192,1149.85378301149,1167.59158687235,119.732208208768,57.5159561248315,483.533214165253
"Lagoon_8144",3748.29528389551,629.454154850261,622.251967578074,636.656342122449,570.787478005921,369.076180323208,919.283120825066
"Lagoon_8147",10022.3363273899,2728.64507494955,2714.81810581516,2742.47204408394,480.607240443983,268.773550572673,1391.63832588071
"Lagoon_8158",24953.9014917459,5013.00798790028,4965.79728980878,5060.21868599177,2977.48080877167,1887.55998949489,5277.56117780631
"Lagoon_8159",7756.38318667981,2280.37141063802,2268.97792510305,2291.76489617299,203.30004956872,91.8493444776977,907.437127322819
"Lagoon_8208",20729.3404056273,2804.67975688138,2791.54804815781,2817.81146560494,3833.06233440455,2512.39324334203,5729.54998006338
"Lagoon_8211",3595.34789977187,491.254142778445,488.593588290962,493.914697265929,660.012208207507,432.126889407479,989.643469561785
"Lagoon_8214",1089.93879009104,147.468718299317,146.31827112135,148.619165477284,201.540581675734,131.686444009215,302.192303137145
"Lagoon_8254",1659.20052909395,224.489831586412,221.268064009629,227.711599163195,306.802769834763,199.141257608666,463.013584965164
"Lagoon_8296",221333.481797299,17662.7047960799,17633.6765952252,17691.7329969346,53210.4894102333,39171.0108457643,73295.0303191167
"Lagoon_8312",2409.25730955049,325.972513982181,322.129564017491,329.815463946871,445.495769108981,289.916607615742,670.624776691972
"Lagoon_8318",710.55172749845,92.1084935160296,90.5803648967755,93.6366221352838,135.417275146249,89.0507162645756,202.819001467136
"Lagoon_8323",601.033717825583,62.1171575640655,61.1657041084532,63.0686110196779,130.339849220864,90.9754263920515,187.379904973181
"Lagoon_8324",22.2981598168605,4.85004328413055,4.74901107140608,4.95107549685503,2.29005047082633,1.43670810492179,4.39094664564534
"Lagoon_8338",219793.750928215,50551.6784229072,50479.8081154539,50623.5487303605,19828.4785618164,12407.7475728197,39710.2515831088
"Lagoon_8339",1241.92518827019,168.032477972956,165.894249076978,170.170706868935,229.64438656304,149.30482416928,346.013770633501
"Lagoon_8345",836.421893789875,146.432497222414,143.39300819063,149.471986254198,121.398157388042,77.5399245777815,200.929277051647
"Lagoon_8367",540.128097155816,139.022795887507,136.303757319548,141.741834455466,33.931622102757,19.7247539652613,84.2676864426093
"Lagoon_8377",9971.64468180667,1361.62736442911,1353.83049543592,1369.42423342229,1831.39297913221,1198.71482171037,2746.47247499813
"Lagoon_8402",30404.7666409858,4730.51928339085,4709.55400943165,4751.48455735006,5005.3910427192,3260.88832325684,7782.23905626401
"Lagoon_8405",29246.6472797335,9101.26416698025,9082.59884012427,9119.92949383624,263.804758463196,0,2907.8036067304
"Lagoon_8414",32893.434323232,4492.07381467024,4471.80492830546,4512.34270103502,6040.73278997189,3958.69576197683,9048.36470315425
"Lagoon_8440",112513.875709944,32093.8824254603,32060.8550869769,32126.9097639437,3934.18571562075,2018.98131058637,14097.4298466018
"Lagoon_8453",11091.8004389897,1952.44757176362,1933.99150942999,1970.90363409725,1599.25784680526,1028.10330176302,2624.31300672892
"Lagoon_8458",19955.284995791,4569.32463609404,4541.50748887099,4597.14178331708,1820.55717240819,1128.85829512797,3642.56491436491
"Lagoon_8474",7130.32734154452,816.894793501211,811.094527220023,822.695059782399,1466.30732453476,1056.47173960736,2124.44084587917
"Lagoon_8475",2844.24130962125,500.661012522293,498.159052955497,503.162972089089,410.093497231526,264.819656471828,669.975492111058
"Lagoon_8480",3140.89566341625,242.175158373431,239.33461404841,245.015702698452,763.571042009085,558.93562537488,1059.15899516348
"Lagoon_8481",309.50186769481,41.8756026991078,41.629047339228,42.1221580589876,57.2299903554473,37.4661426053052,85.6483880532748
"Lagoon_8490",2620.67370657626,248.012663702432,245.683465637972,250.341861766891,591.153263880353,421.686137539803,835.309812711043
"Lagoon_8509",260.406785177664,35.2330380345379,34.0807161538404,36.3853599152354,48.1518186472018,30.6726445384563,73.9835651609787
"Lagoon_8512",7669.69318243398,1037.70948758332,1026.56445218415,1048.85452298249,1418.20296636387,923.908006965735,2132.67086339772
"Lagoon_8513",2822.21594760434,381.845817710867,379.714995726569,383.976639695165,521.855950871518,341.743496153912,780.752500713502
"Lagoon_8518",894.408086381242,121.013414087382,119.735859224733,122.290968950031,165.384999252755,107.76227330226,248.65830353173
"Lagoon_8553",2190.13870233301,296.325766425656,289.915750718791,302.735782132521,404.978547448396,260.924175646912,615.562757002793
"Lagoon_8558",0,0,0,0,0,0,0
"Lagoon_8560",89.4034087791107,17.7915121990177,17.2574593376709,18.3255650603646,10.8363533261413,6.73536682494868,19.4678836849664
"Lagoon_8566",685.781816325142,213.408443422221,210.003536962681,216.813349881761,6.18575198325279,0,69.1288941651993
"Lagoon_8567",473.945977394566,64.1248907414848,61.8388373524597,66.4109441305099,87.6373506800292,55.6549536172137,135.035586398703
"Lagoon_8577",748.532770224127,232.935912766046,229.382974225863,236.488851306229,6.75176558742163,0,75.4022424454644
"Lagoon_8578",29.1242481971546,3.94051078107501,3.56738230682389,4.31363925532614,5.38536473413585,3.2106440761415,8.77106648582982
"Lagoon_8582",261.52115878696,35.3838127838758,33.0030136272877,37.7646119404638,48.3578774712969,29.7027122645589,76.7880442789431
"Lagoon_8583",3162.77513927347,427.923476343701,418.439889196713,437.407063490689,584.828751003057,376.595900277041,889.394362431066
"Lagoon_8585",1819.11111501659,246.125733861745,241.905790285887,250.345677437602,336.371836277717,217.715211257298,509.036210789791
"Lagoon_8591",1350.26721609288,180.03118513504,177.297892141817,182.764478128262,252.337880130062,164.545313800985,379.812178522027
"Lagoon_8593",540.615982678737,73.1453424564331,70.3279992025564,75.9626857103098,99.9653013571252,63.2951992823008,154.457460944297
"Lagoon_8602",6.69725078160058,0.906138030750559,0.878644546745735,0.933631514755382,1.23838864202576,0.790780092071162,1.89838408000261
"Lagoon_8607",17.3058094087865,2.34147601300882,2.20621303959905,2.47673898641858,3.20001721777872,1.98559173563915,5.03603593905111
"Lagoon_8613",273.139557435283,42.2249807402848,41.0424474927068,43.4075139878627,45.2370369460672,28.7829888973684,71.8310901997675
"Lagoon_8658",4397.83784461116,595.02746037589,591.093164187045,598.961756564734,813.204195847049,531.98384776834,1217.88890501496
"Lagoon_8687",745.252349355807,228.516358989645,223.744703595957,233.288014383334,10.1208957975774,2.30382752084034,78.9576515394681
"Lagoon_8712",9.37459158006509,1.26838224078281,0.967575063904687,1.56918941766093,1.73345572906983,0.870817557514218,3.19068514924388
"Lagoon_880",1636.69294228238,509.322476708854,505.777829434952,512.867123982756,14.7629703393871,0,163.522851124937
"Lagoon_950",4427.54707963373,725.889975919679,718.31497741616,733.464974423197,691.854874449837,446.618304682975,1102.60700379127
"OpenCoast_40001",9.15763046042396,1.07487635888955,0.748287219241254,1.40146549853785,1.8574884908428,0.938870596580023,3.49886022317792
"OpenCoast_40002",364.30052950321,49.2898616417843,45.5356126897908,53.0441105937779,67.3628109104386,40.9820514208117,107.856358207348
"OpenCoast_40003",0,0,0,0,0,0,0
"OpenCoast_40004",1277.87080124005,97.974354331075,93.3404615476621,102.608247114488,311.212654934003,219.624615406264,446.647663910123
"OpenCoast_40005",0,0,0,0,0,0,0
"OpenCoast_40006",0,0,0,0,0,0,0
"OpenCoast_40007",160.810248947161,13.4416301797672,12.1950514296145,14.68820892992,38.0514196356033,25.5045542458991,57.4306019720328
"OpenCoast_40008",251.606109217786,48.82591573786,47.0595323511485,50.5922991245715,31.7408764947673,21.0712910074222,56.4050787641879
"OpenCoast_40009",110.900748380775,34.5112038886133,21.0261428096618,47.9962649675647,1.00032475039459,0,15.3031569461801
"OpenCoast_40010",0,0,0,0,0,0,0
"OpenCoast_40011",19.05278469106,3.69732540592669,3.42624567356494,3.96840513828844,2.40356677999764,1.53412955980737,4.424353276419
"OpenCoast_40012",0,0,0,0,0,0,0
"OpenCoast_40013",1.41920716141676,0.259336936530625,0.235101981449207,0.283571891612044,0.195107388626635,0.116377920717735,0.353315325150758
"OpenCoast_40015",0,0,0,0,0,0,0
"OpenCoast_40016",0,0,0,0,0,0,0
"OpenCoast_40017",29.8547240410304,4.26406575503724,4.00777679642773,4.52035471364675,5.29571543014112,3.4338162078105,8.46876195132177
"OpenCoast_40018",105.453197978768,15.0522476535982,12.2196742515343,17.8848210556622,18.7149208711831,10.2075853490242,33.5385961345254
"OpenCoast_40019",45.893866834636,3.51868277021154,3.27100144976425,3.76636409065883,11.1769923289072,7.6964739994453,16.394761335809
"OpenCoast_40021",0,0,0,0,0,0,0
"OpenCoast_40022",13.0966390030662,1.77197525711485,1.76610290575851,1.7778476084712,2.42169951805696,1.58949261518265,3.61495680389143
"OpenCoast_40023",0,0,0,0,0,0,0
"OpenCoast_40024",0,0,0,0,0,0,0
"OpenCoast_40025",11.9297388908083,2.55450007651517,2.25423456305881,2.85476558997154,1.26552161371057,0.70740668526735,2.61682262870634
"OpenCoast_40026",33.2843173129578,4.5033681324432,4.0632090443093,4.94352722057709,6.15460311433903,3.65688813987837,10.0518386818401
"OpenCoast_40027",60.524894724288,8.18901825619617,8.18901825619617,8.18901825619617,11.1916582834681,7.37011643057655,16.6510037875989
"OpenCoast_40028",0,0,0,0,0,0,0
"OpenCoast_40029",0,0,0,0,0,0,0
"OpenCoast_40030",132.759892304614,10.1787009429947,9.23121003683093,11.1261918491585,32.3323441718656,21.7204942043081,48.4316586375137
"OpenCoast_40031",0,0,0,0,0,0,0
"OpenCoast_40033",110.899310142152,17.9595939342844,17.5504821864953,18.3687056820735,17.551474166334,11.1974774537178,28.1822735752681
"OpenCoast_40034",42.0422542757294,6.80853482231934,6.53433433918337,7.08273530545532,6.65381541931196,4.16900576636927,10.866720143181
"OpenCoast_40035",0,0,0,0,0,0,0
"OpenCoast_40036",0.959838801508198,0.220206519970447,0.220206519970447,0.220206519970447,0.0871434626604931,0.0543362653875386,0.173720922556533
"OpenCoast_40037",0,0,0,0,0,0,0
"OpenCoast_40038",46.7056617594308,10.0010249704697,9.59382674507465,10.4082231958648,4.95459498151763,3.01066148482502,9.54070417523726
"OpenCoast_40039",6576.89520697936,1809.55022972167,1775.05957635998,1844.04088308336,296.437384505189,161.026836147922,906.630813653371
"OpenCoast_40041",0,0,0,0,0,0,0
"OpenCoast_40042",166.138401865981,26.9052912103722,25.7769513279535,28.0336310927909,26.2938864511335,16.4460912385895,43.0107311010055
"OpenCoast_40043",0,0,0,0,0,0,0
"OpenCoast_40045",0,0,0,0,0,0,0
"OpenCoast_40046",2239.47396914367,616.163175447772,606.001995901768,626.324354993776,100.938784211723,54.9742585538989,307.935124859843
"OpenCoast_40047",31.0449659923572,6.60072828091488,5.99743663290328,7.20401992892648,3.34018027949782,1.93475889092833,6.70165820512755
"OpenCoast_40048",0,0,0,0,0,0,0
"OpenCoast_40049",0,0,0,0,0,0,0
"OpenCoast_40050",148.007185811166,33.9558551570161,27.3105468654921,40.6011634485401,13.4375258115775,6.73891546245471,32.0302576512973
"OpenCoast_40051",135.374378192928,27.5083570057505,25.1368075339844,29.8799064775165,15.8398726354069,9.2704357865358,30.4689424354057
"OpenCoast_40052",0,0,0,0,0,0,0
"OpenCoast_40053",0,0,0,0,0,0,0
"OpenCoast_40054",0,0,0,0,0,0,0
"OpenCoast_40055",110.124253096046,12.9258279971946,12.4508552658042,13.4008007285849,22.3370590866904,15.621998626664,33.4560705753351
"OpenCoast_40056",0,0,0,0,0,0,0
"OpenCoast_40057",0,0,0,0,0,0,0
"OpenCoast_40058",9.31230099825027,1.09303080454498,0.900040604293395,1.28602100479656,1.88886109810474,1.12927447826253,3.21064467484103
"OpenCoast_40059",35.0544110197733,4.11450951671262,2.97359192453218,5.25542710889307,7.11026343592899,3.73094441864436,13.1205547951777
"OpenCoast_40060",0,0,0,0,0,0,0
"OpenCoast_40061",251.516453421196,40.7318437368632,39.8084360824961,41.6552513912303,39.8062398131381,25.398394230132,63.9097664730891
"OpenCoast_40062",0,0,0,0,0,0,0
"OpenCoast_40063",0,0,0,0,0,0,0
"OpenCoast_40064",151.456438834206,17.7771909674714,17.3809026468166,18.1734792881263,30.7206753116298,21.8076936469161,45.3714086178451
"OpenCoast_40065",1155.72833076766,187.164478231017,183.643768627403,190.68518783463,182.911290564096,117.167547698686,292.559651361364
"OpenCoast_40066",0,0,0,0,0,0,0
"OpenCoast_40067",2524.35647070072,408.807025950439,403.904434774782,413.709617126095,399.51715953264,257.697238958334,634.735936889971
"OpenCoast_40068",192.407412169313,31.1594273046243,29.2958001132184,33.0230544960302,30.4513501461115,18.6911708618927,50.6657775570094
"OpenCoast_40069",29.5180528720138,3.46467979131695,3.10585334835502,3.82350623427889,5.98729591883057,3.89689187664717,9.54566051761414
"OpenCoast_40070",8.76767760348734,1.02910566429623,1.02910566429623,1.02910566429623,1.77839238111646,1.29121148155033,2.56923690095101
"OpenCoast_40071",0,0,0,0,0,0,0
"OpenCoast_40072",40.6489396581806,4.77116700016781,4.03325775662607,5.50907624370954,8.2450299677782,5.06049952311648,13.7538082497784
"OpenCoast_40073",175.86387093983,20.6420119345234,19.9160431834033,21.3679806856435,35.6713581791195,24.98851625994,53.3467129577097
"OpenCoast_40074",0,0,0,0,0,0,0
"OpenCoast_40075",0,0,0,0,0,0,0
"OpenCoast_40077",0,0,0,0,0,0,0
"OpenCoast_40078",144.714283270146,30.9874885837822,26.6697812040408,35.3051959635236,15.3514720621512,8.36930718192693,32.362529530553
"OpenCoast_40082",13.8622611149508,2.24492452041782,1.82488050378259,2.66496853705306,2.19391011120058,1.16430181687876,4.08874058306722
"OpenCoast_40083",0,0,0,0,0,0,0
"OpenCoast_40084",0,0,0,0,0,0,0
"OpenCoast_40085",0,0,0,0,0,0,0
"OpenCoast_40086",383.966149144246,51.9506199792165,43.5236332176959,60.3776067407371,70.9991806382625,39.1712698959263,122.767800372832
"OpenCoast_40087",67.8226401037666,14.5227771471194,13.6512999329343,15.3942543613045,7.19471044050771,4.28394675221537,14.1111527006757
"OpenCoast_40088",53.7952129025938,11.5191016948163,9.4727462012736,13.5654571883589,5.70666342872329,2.97266491270945,12.434784650602
"OpenCoast_40089",13.5352448462335,1.8313186276954,1.60699179975407,2.05564545563672,2.50280212451704,1.44629261977867,4.17981242646133
"OpenCoast_40090",62.2288554533895,9.81255216502596,9.11596148930681,10.5091428407451,10.1137496397039,6.67014906601879,16.8432335436882
"OpenCoast_40091",100.949311528841,21.6161498910314,20.4440409073426,22.7882588747201,10.7088291536189,6.4155928796111,20.8888714722038
"OpenCoast_40092",63.7496369305623,13.6506300688951,12.2715929049235,15.0296672328668,6.76264117264023,3.85097762321719,13.7769536858135
"OpenCoast_40093",0,0,0,0,0,0,0
"OpenCoast_40094",0,0,0,0,0,0,0
"OpenCoast_40095",0,0,0,0,0,0,0
"OpenCoast_40096",0,0,0,0,0,0,0
"OpenCoast_40097",0,0,0,0,0,0,0
"OpenCoast_40099",0,0,0,0,0,0,0
"OpenCoast_40101",0,0,0,0,0,0,0
"OpenCoast_40102",0,0,0,0,0,0,0
"OpenCoast_40103",0,0,0,0,0,0,0
"OpenCoast_40104",0,0,0,0,0,0,0
"OpenCoast_40105",1.50472576209485,0.322205046530168,0.0218162130209192,0.622593880039417,0.159623189750225,0.00684619745927132,0.570701061938143
"OpenCoast_40106",410.462991796005,66.4724482799631,65.181468992261,67.7634275676652,64.9619063230356,41.5867793081302,103.966359261424
"OpenCoast_40108",75.0699234726279,12.1572022451541,11.4650024188649,12.8494020714433,11.8809379500161,7.31484780462867,19.7142559047826
"OpenCoast_40111",547.022043837929,88.5875103085734,86.6895709140897,90.4854497030571,86.57441834877,55.3092789969,138.827729196043
"OpenCoast_40115",0,0,0,0,0,0,0
"OpenCoast_40116",0,0,0,0,0,0,0
"OpenCoast_40117",0,0,0,0,0,0,0
"OpenCoast_40119",1423.29245586604,230.49516290335,228.209581814624,232.780743992077,225.257314389513,145.601221660903,357.144957504628
"OpenCoast_40120",0,0,0,0,0,0,0
"OpenCoast_40121",0,0,0,0,0,0,0
"OpenCoast_40122",0,0,0,0,0,0,0
"OpenCoast_40123",6530.56897605117,535.573908768347,507.168240330133,563.979577206561,1555.579583053,1090.22580317931,2258.38375426426
"OpenCoast_40125",0,0,0,0,0,0,0
"OpenCoast_40126",0,0,0,0,0,0,0
"OpenCoast_40127",0,0,0,0,0,0,0
"OpenCoast_40128",10.4205531662036,3.12699867384851,3.12592937422008,3.12806797347695,0.209766655501541,0.0802101801532852,1.15009369944407
"OpenCoast_40129",0,0,0,0,0,0,0
"OpenCoast_40130",0,0,0,0,0,0,0
"OpenCoast_40131",151.498199474281,14.6219102034539,14.6172540503025,14.6265663566054,33.8893282502054,24.3159863659403,47.5696089309948
"OpenCoast_40132",0,0,0,0,0,0,0
"OpenCoast_40133",0,0,0,0,0,0,0
"OpenCoast_40135",0,0,0,0,0,0,0
"OpenCoast_40136",0,0,0,0,0,0,0
"OpenCoast_40137",118.238842468943,9.06537205209386,9.0617920647167,9.06895203947103,28.7958876948864,21.3218636816863,39.4766147600503
"OpenCoast_40138",0,0,0,0,0,0,0
"OpenCoast_40139",0,0,0,0,0,0,0
"OpenCoast_40140",763.745767868484,107.177726013923,101.825047637288,112.530404390558,137.381306315244,91.5558468862433,216.572785713403
"OpenCoast_40141",0,0,0,0,0,0,0
"OpenCoast_40142",0,0,0,0,0,0,0
"OpenCoast_40143",0,0,0,0,0,0,0
"OpenCoast_40145",35.6414570736947,6.81859439581901,6.34348174797814,7.29370704365987,4.59415657374877,2.78378941944589,8.35314020896694
"OpenCoast_40147",0,0,0,0,0,0,0
"OpenCoast_40149",0,0,0,0,0,0,0
"OpenCoast_40150",64.639282224573,4.95589376815802,4.70019641890452,5.21159111741151,15.7422507929725,11.0592856915401,22.6857495699089
"OpenCoast_40151",413.141768129439,32.6048677120335,29.5296783195096,35.6800571045573,99.6872578606942,66.6596240460659,149.869591550618
"OpenCoast_40152",0,0,0,0,0,0,0
"OpenCoast_40153",0,0,0,0,0,0,0
"OpenCoast_40157",104.95247175227,8.04670600924655,7.78539185833864,8.30802016015446,25.5601249705479,18.3185690784438,36.1643230500841
"OpenCoast_40158",0,0,0,0,0,0,0
"OpenCoast_40159",0,0,0,0,0,0,0
"OpenCoast_40161",0,0,0,0,0,0,0
"OpenCoast_40162",0,0,0,0,0,0,0
"OpenCoast_40163",245.132150826384,18.7942820038589,18.7837965158262,18.8047674918916,59.6994840122576,44.1971682725322,81.8560467294104
"OpenCoast_40164",0,0,0,0,0,0,0
"OpenCoast_40165",0,0,0,0,0,0,0
"OpenCoast_40166",0,0,0,0,0,0,0
"OpenCoast_40167",0,0,0,0,0,0,0
"OpenCoast_40168",0,0,0,0,0,0,0
"OpenCoast_40169",0,0,0,0,0,0,0
"OpenCoast_40171",112.496440310548,8.62510207860972,8.6202900616033,8.62991409561613,27.3973830732309,20.2830354390666,37.5655084162114
"OpenCoast_40172",346.272565066873,26.5487175636771,25.0544702850918,28.0429648422625,84.3312204963862,58.9516947884512,122.069376372202
"OpenCoast_40174",116.600619259969,15.7760637858738,14.6895282179659,16.8625993537817,21.5606205073608,13.2205753961693,34.2872853526893
"OpenCoast_40175",6.91373195646522,1.32267134519991,1.18363022290894,1.46171246749088,0.89117476457982,0.519427251780221,1.6740306558871
"OpenCoast_40176",178.08951052227,17.0411759107854,16.6922421279177,17.390109693653,39.9848662535505,28.8149537723653,57.1961856187091
"OpenCoast_40178",0,0,0,0,0,0,0
"OpenCoast_40181",0,0,0,0,0,0,0
"OpenCoast_40182",0,0,0,0,0,0,0
"OpenCoast_40183",1217.52079082798,164.730562999026,157.223844806997,172.237281191055,225.131769432002,141.501460326297,350.215805088478
"OpenCoast_40184",183.527469947873,15.3404922572953,14.3392160362779,16.3417684783128,43.4268388947133,29.9888291043047,63.8959866022414
"OpenCoast_40185",739.417880236058,100.043239195939,93.6774209654295,106.409057426448,136.72576023445,84.3096788688865,216.365083433777
"OpenCoast_40186",541.131898754106,61.3029158762452,57.257292383695,65.3485393687954,111.972929423807,75.4660901257137,171.393738770757
"OpenCoast_40187",10.4382140681499,1.18250829491166,1.05765420814977,1.30736238167355,2.1599122318506,1.3940063260274,3.42890183449562
"OpenCoast_40189",150.017452928431,16.9949458126828,15.7349201625741,18.2549714627914,31.0421427895301,20.7388937491546,47.8784658445682
"OpenCoast_40191",0,0,0,0,0,0,0
"OpenCoast_40192",1010.47193957866,84.4622168535494,80.540130686777,88.3843030203217,239.101002918932,168.440464882701,345.580850024257
"OpenCoast_40193",0,0,0,0,0,0,0
"OpenCoast_40195",304.411265758252,94.7297417913105,75.7749983461292,113.684485236492,2.74578961713944,0,36.2472271768524
"OpenCoast_40196",0,0,0,0,0,0,0
"OpenCoast_40197",49.5552364068704,7.81411354507122,7.43515264348963,8.1930744466528,8.05396870477276,5.44030122536759,13.1312199707443
"OpenCoast_40198",0,0,0,0,0,0,0
"OpenCoast_40200",0,0,0,0,0,0,0
"OpenCoast_40201",0,0,0,0,0,0,0
"OpenCoast_40202",0,0,0,0,0,0,0
"OpenCoast_40203",4.8950891901326,0.698732373633312,0.565047536101914,0.83241721116471,0.868724135939047,0.469877298522955,1.56094665031992
"OpenCoast_40204",0,0,0,0,0,0,0
"OpenCoast_40205",0.909306165412429,0.106729759889119,0.0523512668654441,0.161108252912794,0.184439167337595,0.0656847583251756,0.40221843372553
"OpenCoast_40206",0,0,0,0,0,0,0
"OpenCoast_40207",0,0,0,0,0,0,0
"OpenCoast_40208",0,0,0,0,0,0,0
"OpenCoast_40209",8.50305544423937,2.64606582369285,2.64318335405967,2.64894829332603,0.0766975601070392,0,0.84459220946627
"OpenCoast_40210",11.8267312211005,1.60015673421489,1.28127221150416,1.91904125692562,2.18688087009369,1.15314499035375,3.90205055574876
"OpenCoast_40212",209.588415648511,20.0552691141372,19.4764591319945,20.6340790962798,47.0570374606726,33.6212035050197,67.8656224056302
"OpenCoast_40213",0,0,0,0,0,0,0
"OpenCoast_40214",0,0,0,0,0,0,0
"OpenCoast_40216",0,0,0,0,0,0,0
"OpenCoast_40217",0,0,0,0,0,0,0
"OpenCoast_40218",425.414130841227,117.0473626178,111.445215255713,122.649509979888,19.1744962188687,10.1098975242576,60.3011712198717
"OpenCoast_40219",0,0,0,0,0,0,0
"OpenCoast_40220",0,0,0,0,0,0,0
"OpenCoast_40221",0,0,0,0,0,0,0
"OpenCoast_40222",0,0,0,0,0,0,0
"OpenCoast_40223",0,0,0,0,0,0,0
"OpenCoast_40224",0,0,0,0,0,0,0
"OpenCoast_40225",108.936087934316,14.5487027189665,8.27799540369919,20.8194100342338,20.3337219984807,7.65597784458798,43.1590611448159
"OpenCoast_40226",0,0,0,0,0,0,0
"OpenCoast_40227",0,0,0,0,0,0,0
"OpenCoast_40228",962.949744785924,264.943545099921,249.97948604991,279.907604149933,43.4025926779791,22.6772139237412,137.617805129078
"OpenCoast_40229",0,0,0,0,0,0,0
"OpenCoast_40230",0,0,0,0,0,0,0
"OpenCoast_40231",71.5557568054205,12.544245186354,9.89468743184201,15.1938029408661,10.3686237003097,5.59331972619551,20.3762465117421
"OpenCoast_40233",5596.36178219384,1539.76875560186,1516.64676539655,1562.89074580717,252.242250674429,137.5845821956,768.402111645821
"OpenCoast_40234",3.93620502207522,0.744222850391467,0.74079353886262,0.747652161920314,0.516189359727239,0.331248349678554,0.87524962497867
"OpenCoast_40235",0,0,0,0,0,0,0
"OpenCoast_40236",0,0,0,0,0,0,0
"OpenCoast_40238",437.900029634096,93.1055653445014,85.7611123597635,100.450018329239,47.1144031446324,27.6663322666292,93.445284186169
"OpenCoast_40239",0,0,0,0,0,0,0
"OpenCoast_40240",0,0,0,0,0,0,0
"OpenCoast_40241",0,0,0,0,0,0,0
"OpenCoast_40242",0,0,0,0,0,0,0
"OpenCoast_40243",0,0,0,0,0,0,0
"OpenCoast_40244",0,0,0,0,0,0,0
"OpenCoast_40245",0,0,0,0,0,0,0
"OpenCoast_40246",0,0,0,0,0,0,0
"OpenCoast_40247",0,0,0,0,0,0,0
"OpenCoast_40249",40.4915819113158,11.1407509232715,11.1407509232715,11.1407509232715,1.8250585205509,1.01064769733827,5.47739920895159
"OpenCoast_40250",103.470183021696,21.9996557081393,20.3808287934882,23.6184826227903,11.1325315972382,6.57480722620006,21.971482508832
"OpenCoast_40251",74.3108389236285,14.2164633950173,13.5493707770228,14.8835560130118,9.57861033671776,5.94603981027415,17.0454378604048
"OpenCoast_40256",788.40574720035,245.343984471277,237.207063022947,253.480905919607,7.11141983974717,0,80.8199989888602
"OpenCoast_40257",1.48994036636109,0.114233727888905,0.114179939798276,0.114287515979534,0.362860076823579,0.268658681878295,0.497486834263853
"OpenCoast_40258",4.21237541074771,0.403077251244633,0.389976667036108,0.416177835453158,0.945767479030892,0.673196539256547,1.36881164905241
"OpenCoast_40259",0,0,0,0,0,0,0
"OpenCoast_40260",242.532309526294,75.4736294014874,45.0969741766501,105.850284626325,2.18764143192717,0,33.7493661127412
"OpenCoast_40261",107.091099814977,11.7902224057072,11.3964174062636,12.1840274051507,22.5014186660466,15.4989639336634,33.2352460306947
"OpenCoast_40262",0,0,0,0,0,0,0
"OpenCoast_40263",67.5137860443029,12.7649098583083,12.7060903091387,12.823729407478,8.85367957093789,5.681571483778,15.0122810129978
"OpenCoast_40264",48.6594883669031,5.35717899045683,5.32749053655624,5.38686744435741,10.2240757795092,7.24531058660911,14.694144956722
"OpenCoast_40265",312.438208167886,42.272889565115,33.0958950640869,51.4498840661431,57.7729490723238,29.7863055576782,104.614764267824
"OpenCoast_60001",40756.1089017651,12682.8935291403,12663.7445890905,12702.0424691901,367.620102293921,0,4049.92658437944
"OpenCoast_60002",272.441342656292,36.8613136613963,36.460688080081,37.2619392427116,50.3771286705749,32.8146192720729,75.7659431268469
"OpenCoast_60003",19067.6644212836,2579.85499619967,2571.00514528006,2588.70484711929,3525.80182813955,2313.90463075205,5263.69985580922
"OpenCoast_60005",532.33936355554,72.0255158890645,71.7541059432086,72.2969258349205,98.4348717150548,64.5786953488877,147.003749197672
"OpenCoast_60008",932.887296771851,126.219651253232,125.830784489174,126.608518017289,172.500190046083,113.247706040256,257.437319968488
"OpenCoast_60009",31.8710738515414,9.91795947186118,9.70677304883064,10.1291458948917,0.287477086140904,0,3.22958274909591
"OpenCoast_60010",18.7168252705753,2.53238645910884,2.48983160579218,2.5749413124255,3.46092816078208,2.24084844521296,5.23571400193184
"OpenCoast_60011",3198.86133423436,432.805938521908,431.291971727903,434.319905315914,591.501449313275,388.162774555112,883.117140809025
"OpenCoast_60012",3573.41624683572,483.483218196873,481.647934627838,485.318501765909,660.760398202393,433.483141165054,986.814286924015
"OpenCoast_60015",261.778927174913,35.4186888467657,35.0908056600686,35.7465720334628,48.4055414239131,31.5817250940618,72.684696468041
"OpenCoast_60016",156.554006713125,48.7180413490574,47.2914280726413,50.1446546254735,1.41211714055239,0,15.988150750151
"OpenCoast_60019",0,0,0,0,0,0,0
"OpenCoast_60020",585.152301626433,79.1711064100564,78.9087401182328,79.4334727018801,108.200512093744,71.0178661064095,161.514727827156
"OpenCoast_60021",727.659189453311,98.452288333033,97.9741809997265,98.9303956663395,134.551460721812,88.1767628997538,201.158471188224
"OpenCoast_60022",650.900712555949,202.553792740286,200.064298950303,205.043286530268,5.87112442725467,0,65.3761203429841
"OpenCoast_60024",1967.98903197705,266.268916026495,264.660541596488,267.877290456503,363.900851902877,238.194487436839,544.683823928222
"OpenCoast_60026",1057.73062539748,143.110953616279,142.79722623968,143.424680992878,195.584969942248,128.517503615712,291.630184685519
"OpenCoast_60027",5100.05725408677,690.03774647794,688.564367018947,691.511125936933,943.051586853185,619.707930317052,1406.07262273843
"OpenCoast_60028",26.200803217686,3.54496867535292,3.47747970929434,3.6124576414115,4.84479052298232,3.1297317383649,7.34533053753671
"OpenCoast_60029",184.231947422428,24.9265824862546,24.8074948874857,25.0456700850234,34.0663293978812,22.3267453987371,50.9261958395476
"OpenCoast_60030",145.410218250978,19.6740025293574,19.539119307294,19.8088857514207,26.8878034567884,17.5852073765646,40.2780676945555
"OpenCoast_60031",2149.12116115614,290.776093104426,288.413374962619,293.138811246232,397.393993909382,259.572037466357,596.048916200672
"OpenCoast_60032",42730.078519249,5781.37962365439,5775.28361161289,5787.4756356959,7901.21881899433,5197.7552504516,11767.867125915
"OpenCoast_60033",8410.61129281607,1137.95570791801,1135.25445647009,1140.65695936594,1555.20613415462,1021.72901082308,2319.33581737741
"OpenCoast_60036",566.351160336414,76.6273119935169,76.2938430571815,76.9607809298522,104.723993057806,68.6644587514633,156.486921224033
"OpenCoast_60038",422.784719189068,57.2027725062809,51.7991766338123,62.6063683787494,78.1771224252505,46.619258970431,127.299615703457
"OpenCoast_60039",2387.5863355259,742.992991752305,740.899595225754,745.086388278855,21.5360287464436,0,237.563775972968
"OpenCoast_60040",312.324963809036,42.2575676033626,35.8909996724138,48.6241355343115,57.7520090579289,32.3018997051724,98.8690755864333
"OpenCoast_60041",4711.80334284575,1466.26608226017,1463.31847616153,1469.21368835881,42.5004661524687,0,468.444944114402
"OpenCoast_60043",12.4462477175453,1.68397731618388,1.32467475981546,2.0432798725523,2.30143566545131,1.19220728383392,4.15466907418968
"OpenCoast_60044",295.219187495184,39.9431560680983,36.7537158178972,43.1325963182994,54.5889799597344,33.0783442361075,87.7029458472089
"OpenCoast_60045",1550.59392605614,209.795358195396,201.916791673495,217.673924717297,286.720322867041,181.725112506145,442.60364692517
"OpenCoast_60047",38.540473499044,5.21452606442066,4.38280557807117,6.04624655077014,7.12651895470823,3.94452502026405,12.2940346532326
"OpenCoast_60048",298.375562693448,48.7248564985058,48.0517549609027,49.3979580361089,46.8179824315632,30.1271917133655,74.7500093212207
"OpenCoast_60049",44.2312899072059,7.22298848477291,7.11681088191949,7.32916608762633,6.94031285641348,4.46205400826273,11.0906453454285
"OpenCoast_60050",49.6630518523477,6.71941091562264,5.66240150755907,7.77642032368621,9.18319491801761,5.09616135680316,15.812054658162
"OpenCoast_60051",383.219200978376,62.5798587745854,61.7800879433497,63.3796296058211,60.1307615707004,38.7344968992765,95.9073632223326
"OpenCoast_60055",0,0,0,0,0,0,0
"OpenCoast_60056",1518.34111721003,247.945751267331,246.300313625544,249.591188909118,238.242257874492,154.42384515813,377.686536836468
"OpenCoast_60057",12.1881589171143,2.29809078197851,2.00564492425945,2.59053663969757,1.60467958487067,0.990278929028697,3.04815831952126
"OpenCoast_60058",693.642968218599,113.272192208223,110.82428667272,115.720097743725,108.839222645055,69.4839248598237,175.110039541979
"OpenCoast_60059",805.310255623265,115.020185028812,112.262960910925,117.7774091467,142.848211924313,96.1855897405093,220.652781582745
"OpenCoast_60060",0,0,0,0,0,0,0
"OpenCoast_60061",28.0232127185524,3.79154068082015,3.34961645241519,4.2334649092251,5.18177226378753,3.01465480717367,8.60804531542437
"OpenCoast_60062",1253.63002860312,102.226419051772,90.504014283212,113.948823820332,299.198452407232,194.811559937104,459.551964783138
"OpenCoast_60063",3672.97106146344,1142.99186461681,1135.92673688858,1150.05699234504,33.1301989744003,0,366.684838138997
"OpenCoast_60064",1486.69578943743,462.644862715034,458.815642927519,466.47408250255,13.4099960207257,0,148.730866884871
"OpenCoast_60065",362.982102957666,59.2751320466182,58.2708402376441,60.2794238555924,56.9553671414562,36.5342905075327,91.2160679149862
"OpenCoast_60066",144.728578284422,45.0380862763292,44.6657854669342,45.4103870857241,1.30545177612548,0,14.4786741432744
"OpenCoast_60067",684.06068599558,92.553410815202,90.0411221188303,95.0656995115736,126.489661447443,81.0370099069472,193.300255673533
"OpenCoast_60068",745.736462386464,100.898143360889,100.218647205867,101.57763951591,137.894129259881,90.1967824852804,206.541200349017
"OpenCoast_60071",4139.46757976026,748.956186286672,746.733277455022,751.179095118321,576.54272742836,372.187637497497,952.742082419974
"OpenCoast_60072",29041.0178296477,9037.27433840808,9020.20806407113,9054.34061274504,261.949980823423,0,2886.89120986074
"OpenCoast_60073",28119.5355343945,8750.51826294822,8740.19507201052,8760.84145388593,253.638210520239,0,2793.31176790566
"OpenCoast_60076",3499.44267974765,473.474594569857,471.558317918016,475.390871221697,647.081945912137,424.402486126215,966.62810481745
"OpenCoast_60079",597.927145961731,80.8995428486221,80.0901714591693,81.7089142380751,110.562708559784,72.0811543132523,166.141458950753
"OpenCoast_60080",71.9983470770446,9.74137635952414,9.62041679413619,9.86233592491209,13.3132143580163,8.65837511472256,20.0534163806546
"OpenCoast_60081",1846.9045962155,348.235894905896,344.85591133109,351.615878480701,243.161425848269,170.271187293165,413.729282513391
"OpenCoast_60082",256.082292098988,48.2845981007233,47.6266983805727,48.942497820874,33.7155126522935,23.5154863630214,57.5882539643463
"OpenCoast_60083",1242.27297411874,168.079533398265,166.759048402857,169.400018393674,229.708695644296,150.083143562571,344.446704067137
"OpenCoast_60085",45091.3545658084,6100.86027275387,6093.91433515776,6107.80621034998,8337.84237276362,5484.52290164198,12419.205961045
"OpenCoast_60086",382.14901857398,72.0546181666397,70.928368110938,73.1808682223414,50.3133190709343,35.0205899165263,86.1083641448748
"OpenCoast_60087",10398.3393545723,3235.85922374935,3229.6191438469,3242.0993036518,93.7930209782421,0,1033.7128214542
"OpenCoast_60088",176.825655285327,33.3406719744946,32.6947799350001,33.986564013989,23.2806711044199,16.1429130686307,39.9903349227582
"OpenCoast_60089",1630.77848147702,220.644328543841,206.706213125273,234.582443962409,301.547249009916,186.035591812746,476.984302723565
"OpenCoast_60091",0,0,0,0,0,0,0
"OpenCoast_60092",498.995283762084,67.51406189301,64.0706438824971,70.9574799035229,92.269217920447,57.6635794942474,144.280209137163
"OpenCoast_60095",2688.61994462649,545.467719127663,531.099217688332,559.836220566994,315.455273341184,201.703712838122,572.666592261681
"OpenCoast_60096",4101.1921956335,773.284303560673,767.39276270956,779.175844411786,539.95844940313,378.897019112686,916.818274684222
"OpenCoast_60098",253.299578398735,47.7599143690026,46.9008355024419,48.6189932355634,33.3491436300562,23.1570945535427,57.207601871646
"OpenCoast_60100",7.19269438673412,1.16482122669267,1.14798120202985,1.18166125135549,1.13835144288347,0.732429655802412,1.81296936405782
"OpenCoast_60101",64.1003920381433,8.56118565979427,8.36305484039931,8.75931647918923,11.9644008747396,7.8729819971802,18.1569563929684
"OpenCoast_60103",205.677494689716,33.3084514350304,33.043607229633,33.5732956404278,32.5515391395634,21.0823294204437,51.5099876353992
"OpenCoast_60104",734.726859142998,99.4085440420476,96.4349296060669,102.382158478028,135.858343524132,86.7914366454601,208.177055571991
"OpenCoast_60107",769.219388666974,124.571269642068,123.689905103437,125.4526341807,121.740470802983,78.9160610478256,192.476297372925
"OpenCoast_60110",222.107134699322,61.0200527636328,59.8017932938518,62.2383122334139,10.1008728384369,5.49401631637627,30.7365774876528
"OpenCoast_60111",19319.8777418206,2613.97945846833,2591.17637401452,2636.78254292215,3572.43859324006,2332.05873661307,5361.45783727503
"OpenCoast_60113",20907.2767959012,3797.89461410242,3792.62782364128,3803.16140456357,2896.82448871312,1872.33587733617,4789.29328633489
"OpenCoast_60114",10930.2931424807,3401.39792300856,3396.05991294279,3406.73593307432,98.5912441451756,0,1086.2056598208
"OpenCoast_60115",10630.9489793121,2920.66740009632,2915.64060900615,2925.69419118648,483.468772569196,267.861149244431,1444.86286638571
"OpenCoast_60116",6624.7422686848,2061.55354659202,2052.07185950167,2071.03523368238,59.7551752635369,0,660.330074507426
"OpenCoast_60117",5281.27942582255,1643.48134452172,1638.50536885595,1648.45732018749,47.6371404209195,0,525.595087596012
"OpenCoast_60118",276.033645621254,44.7022815669763,44.128802944595,45.2757601893576,43.6864520974056,28.1548547088855,69.4645492213405
"OpenCoast_60119",5811.77012079968,1598.02480237584,1577.95011327812,1618.09949147356,262.962108005427,143.927376261124,797.072523989949
"OpenCoast_60120",4052.21258702099,548.26436302394,546.223986943935,550.304739103946,749.294629466051,491.601588249541,1118.95296951136
"OpenCoast_60121",7633.86769977132,907.239906094534,898.411001824923,916.068810364144,1537.20087004924,1044.92968434912,2247.43611633341
"OpenCoast_60122",13724.7351457467,3379.7501666799,3375.18438790799,3384.31594545181,1015.04727433966,616.185798849488,2256.06203653285
"OpenCoast_60123",97414.628125705,26762.9662425173,26742.1842274103,26783.7482576243,4430.17182961468,2456.81589779411,13227.2345471521
"OpenCoast_60124",7190.23809669941,1770.61401533267,1766.687121976,1774.54090868934,531.772125611449,322.532753905817,1182.94935842169
"OpenCoast_60125",583.488669898596,94.4930997605138,93.8230970093097,95.1631025117179,92.3458072277155,59.8605783155135,146.004440142665
"OpenCoast_60126",2331.48480317932,377.572414791246,375.820395633045,379.324433949447,368.992334034803,239.779190225695,581.980306961962
"OpenCoast_60127",1672.83342662268,411.93939208421,410.93244034207,412.94634382635,123.718599454637,75.0213040011996,275.279431485613
"OpenCoast_60128",49.0467115537287,6.55063081929336,6.28261504939239,6.81864658919432,9.15461668732612,5.91445543799853,14.1341928988646
"OpenCoast_60132",3779.32398260377,1078.194012523,1074.2122750172,1082.1757500288,131.983319946553,67.5223606728002,474.624668433204
"OpenCoast_60133",186.883131288592,24.9599282121908,24.3913504523264,25.5285059720552,34.8819192577293,22.9620236460042,52.9173675609838
"OpenCoast_60135",30285.9856750104,4730.47011363268,4724.94855788339,4735.99166938196,4967.4053593624,3246.05528195626,7708.18802078463
"OpenCoast_60136",32096.2824354602,8817.89254712413,8802.89672672386,8832.8883675244,1459.65805153458,808.725885699625,4362.14845817178
"OpenCoast_60137",0,0,0,0,0,0,0
"OpenCoast_60138",354.680722502634,47.3708103608499,46.6392408877032,48.1023798339966,66.2015037917185,43.9061934757689,99.7101560514368
"OpenCoast_60140",11545.6660305314,1709.85869116568,1695.50482843706,1724.21255389429,1987.17902847078,1292.69732250594,3054.02247526639
"OpenCoast_60141",0,0,0,0,0,0,0
"OpenCoast_60143",3568.83289595703,482.863090822986,481.344946358255,484.381235287717,659.912890791414,433.210451722429,984.908511751691
"OpenCoast_60144",138.647710852477,22.4533099767418,22.1541369146179,22.7524830388658,21.9430735153298,14.1346799462237,34.9081047198521
"OpenCoast_60146",327.257808091997,80.5880492192221,79.9960469711297,81.1800514673146,24.2031735099161,14.6043659968039,54.1164699724099
"OpenCoast_60148",7444.28665681317,2225.43279509118,2202.78499256786,2248.0805976145,158.302235286967,62.4649188761338,838.221371935007
"OpenCoast_60149",25546.6773561771,6308.62035786349,6299.70719402829,6317.5335216987,1871.68119835798,1134.64476042476,4181.89156503907
"OpenCoast_60150",259.577064511276,63.921497772592,63.4389031106098,64.4040924345742,19.1976740545636,11.5816342749722,42.9332338590502
"OpenCoast_60152",10737.1105873643,2203.21918454858,2141.9898947002,2264.44847439695,1234.91099663135,783.876680317718,2264.6326412172
"OpenCoast_60154",2060.57095931243,278.795250794972,277.041084684869,280.549416905075,381.020176086462,249.336976216382,570.45048104032
"OpenCoast_60155",88152.0716078178,26743.2003091538,26716.0607586971,26770.3398596104,1483.97454038558,476.407247931303,9444.86652744506
"OpenCoast_60156",3365.31168043647,690.550702257702,660.560034053265,720.541370462139,387.05575093486,241.736717771353,720.599971845458
"OpenCoast_60158",13257.9897578538,1793.80601423762,1773.07353259468,1814.53849588056,2451.53488612474,1595.76617933521,3689.56160829046
"OpenCoast_60159",132.229294038007,41.1484340116874,41.0005331578004,41.2963348655745,1.19270823222283,0,13.1669473484441
"OpenCoast_60160",10887.6686559806,2256.48804843839,2252.59877334173,2260.37732353504,1229.85233189315,782.096580132477,2215.73250250009
"OpenCoast_60163",815.503120623704,253.776416106891,252.217280197739,255.335552016042,7.35583814802582,0,81.4113354254049
"OpenCoast_60164",1423.27527784964,413.093995992982,411.078289220857,415.109702765107,42.6529807272503,20.5404605926508,171.866969490273
"OpenCoast_60165",645.979206708048,177.471495145334,175.946021236575,178.996969054094,29.3775066346497,16.1642361914691,88.3981909527489
"OpenCoast_60166",2924.38228357339,422.663504007048,420.629311899858,424.697696114239,513.752947015986,335.789573235177,781.274330946122
"OpenCoast_60169",22934.749436423,5647.73909349601,5639.67044912491,5655.80773786711,1696.197023541,1029.59851716303,3770.29016468711
"OpenCoast_60170",104.85285215555,14.0040443704067,13.5300150460324,14.478073694781,19.5708874183219,12.7371596757225,30.011217582431
"OpenCoast_60171",82.8452700416802,13.4163811065872,12.9753849288301,13.8573772843442,13.1115028134592,8.27849506640243,21.2607466428202
"OpenCoast_60172",69289.987083662,21562.3510805648,21538.7421184833,21585.9600426463,624.995683494632,0,6882.48001359736
"OpenCoast_60174",0,0,0,0,0,0,0
"OpenCoast_60175",1233.43473327981,166.883719412758,165.530258255926,168.23718056959,228.074416530769,148.977232430333,342.082267158166
"OpenCoast_60176",19716.0892689132,3990.70990906386,3983.85258054017,3997.56723758756,2322.57903573484,1482.26853784525,4108.01707925652
"OpenCoast_60177",412.072609437623,55.7534240569104,55.6950729850837,55.8117751287372,76.1963462111109,50.1255656865753,113.483942761766
"OpenCoast_60179",19716.7677312737,2667.67867404133,2655.70155920965,2679.65578887301,3645.82752118981,2390.13140328868,5448.63343737511
"OpenCoast_60181",3102.56583868441,502.445168917022,499.718793715267,505.171544118777,491.027438288114,318.828272999329,775.061830986282
"OpenCoast_60184",3760.72970911976,609.031547498498,603.532341918947,614.530753078049,595.191712658741,385.062912768692,942.846714592584
"OpenCoast_60185",10301.8322976609,1393.83790987352,1389.89832778727,1397.77749195977,1904.91181016047,1250.90849500854,2842.14756698486
"OpenCoast_60186",1187.66166679191,192.335923817355,189.646226608634,195.025621026077,187.965218506083,120.997208171686,299.218981515253
"OpenCoast_60188",12931.9255104063,3752.82605246997,3744.08554592652,3761.56655901342,388.105815217218,187.496033881091,1558.18615165056
"OpenCoast_60189",3134.66921098932,507.644151036732,506.255295497235,509.033006576229,496.108277014157,322.998661627516,780.986298026046
"OpenCoast_60190",9799.78261164275,2973.4008007442,2968.15698303983,2978.64461844857,164.587589329927,52.6563533571863,1050.37713947583
"OpenCoast_60192",0,0,0,0,0,0,0
"OpenCoast_60195",294.895122461197,47.7568043102835,46.132197031454,49.3814115891131,46.6715628530165,29.4330509362107,75.7636643008266
"OpenCoast_60197",3619.4787355294,586.1566520167,582.084365202011,590.228938831389,572.83663388717,371.378773885001,905.561541138959
"OpenCoast_60199",310.509013913021,76.4636169939764,75.7355956561394,77.1916383318134,22.964474351112,13.826562684371,51.4577029996911
"OpenCoast_60201",7565.23435208185,2354.22527802435,2349.11141804992,2359.33913799879,68.2384138557784,0,752.253058492367
"OpenCoast_60202",1201.99408182776,194.656987436341,191.225532875923,198.088441996758,190.233537505727,122.004829850257,303.918129076425
"OpenCoast_60203",9982.24541871621,2767.44714385641,2762.72768919242,2772.16659852041,428.967661670703,234.242182276072,1331.63322764642
"OpenCoast_60204",3587.76969470326,581.021529926643,579.348591319509,582.694468533776,567.81820401429,369.633308088548,894.001744447388
"OpenCoast_60205",2823.50720642469,382.02052502926,380.427914996918,383.613135061602,522.094717539989,342.385123497226,780.013374625257
"OpenCoast_60206",3093.47542825436,330.859360361471,326.021513623495,335.697207099448,659.702406519857,457.590168524865,952.460117157124
"OpenCoast_60208",160.784298149936,21.7541155396864,21.4330524370694,22.0751786423033,29.7306245709047,19.2897471933624,44.8861965726835
"OpenCoast_60209",7085.77527358758,1037.21046954403,1035.79938156935,1038.62155751871,1231.72563081145,807.385272378786,1873.4078025001
"OpenCoast_60210",2064.25004920003,567.116617347918,563.264522527032,570.968712168803,93.8768909064243,51.7473524914772,281.974613944944
"OpenCoast_60211",527.516708826471,70.4546156319868,68.3120892277277,72.597142036246,98.4615097013376,64.3090185277307,150.48470338273
"OpenCoast_60212",28948.6274728781,4688.08682129169,4676.58659725531,4699.58704532808,4581.55318179862,2983.73414625723,7210.36365297521
"OpenCoast_60213",5.30902244590724,1.30735998224511,1.25457610932138,1.36014385516885,0.392642095158843,0.229039925910191,0.906702850835698
"OpenCoast_60214",55954.3327966458,16900.0917437945,16826.9376386764,16973.2458489125,1017.0451610195,353.159560908504,6090.3752870359
"OpenCoast_60215",19790.0757811294,6158.47368232965,6138.10533989119,6178.84202476812,178.506483545787,0,1970.06557311447
"OpenCoast_60216",0,0,0,0,0,0,0
"OpenCoast_60217",1054.77867393363,170.81618136406,169.104885837645,172.527476890476,166.934497816227,107.891516960007,264.701097460738
"OpenCoast_60218",27.9555483103422,4.52726257016801,4.44747567136986,4.60704946896615,4.42438355428666,2.837557853222,7.0683874387464
"OpenCoast_60219",0,0,0,0,0,0,0
"OpenCoast_60224",0,0,0,0,0,0,0
"OpenCoast_60226",11480.2066074207,3571.46027597416,3557.82101694415,3585.09953500418,104.61668178801,0.734642421842141,1144.48543210869
"OpenCoast_60227",57137.2915192862,17145.7533931662,17100.546639432,17190.9601469003,1150.17872422446,438.79363941507,6320.58354229682
"OpenCoast_60230",11.6492215231887,1.55585863176537,1.44879797804605,1.6629192854847,2.17433859217488,1.36389879253297,3.44702158248386
"OpenCoast_60232",35154.4250841516,5693.08500382286,5679.36215279869,5706.80785484702,5563.71345237331,3623.52036722936,8755.69694405562
"OpenCoast_60233",1751.61361321058,236.993321867392,235.643701692239,238.342942042544,323.890873218769,212.079331523015,484.63064881984
"OpenCoast_60234",0,0,0,0,0,0,0
"OpenCoast_60235",4359.74533071367,1356.70914946479,1343.96734236697,1369.45095656261,39.3249028830374,0,436.636536875035
"OpenCoast_60237",794.991918755946,107.56240660768,107.15705864996,107.967754565399,147.001955697162,96.441352784964,219.534434282978
"OpenCoast_60238",7680.03106776226,1243.74298814753,1240.06929506225,1247.4166812328,1215.47976006063,791.183274906945,1913.85494336515
"OpenCoast_60239",642.772003665503,85.8480000718842,84.3949676169499,87.3010325268184,119.974023221847,79.449444417266,180.964010652721
"OpenCoast_60240",216.018752929734,34.9831669812519,34.6007153500529,35.3656186124509,34.1881978943782,22.0757883400407,54.2598676327737
"OpenCoast_60243",71541.0568710247,20520.9823148621,20482.2177473638,20559.7468823604,2387.17950580873,1203.63834905532,8856.88212701105
"OpenCoast_60244",3523.59323981361,570.628470957361,567.923922058687,573.333019856034,557.661320363356,362.344193458827,879.63889753464
"OpenCoast_60248",591.481034078645,145.653675811355,144.218467165067,147.088884457643,43.744466110968,26.3290419679963,98.052798133938
"OpenCoast_60249",7023.59749620375,977.09714270911,971.465790493224,982.728494924995,1271.92901155029,917.851452358049,1916.4393230503
"OpenCoast_60250",0,0,0,0,0,0,0
"OpenCoast_60251",207.315826650716,19.7732130209818,19.0526523431205,20.4937736988431,46.6113878308439,32.6636976717273,67.6913001696944
"OpenCoast_60252",8556.63568635966,2662.73945923826,2650.81477305127,2674.66414542526,77.1808538909642,0,852.791466657329
"OpenCoast_60253",26.1183735471593,4.79322378198652,4.56899917619604,5.01744838777699,3.57014061154936,2.20054442528776,6.20323405254854
"OpenCoast_60254",592.846127972991,184.487786563915,182.690408963002,186.285164164828,5.34747207431638,0,59.3952697337134
"OpenCoast_60255",186.278008068102,45.8714228093553,45.4264185851276,46.316427033583,13.7766581541315,8.29321032801339,30.8755844260753
"OpenCoast_60256",1470.20770791957,441.17979915468,437.296357727929,445.06324058143,29.5954109982465,11.2208612014736,163.635967372509
"OpenCoast_60257",1672.87285380648,151.132770784058,149.656308921637,152.609232646478,384.537845733316,277.586344591585,540.661764709241
"OpenCoast_60258",15445.3916952616,2106.06250901929,2095.82104636308,2116.3039716755,2839.70636572043,1860.40893509158,4253.46455366344
"OpenCoast_60259",5402.16874694218,1681.10089236094,1671.64634252099,1690.55544220088,48.7275620974185,0,539.01767722347
"OpenCoast_60260",1227.47986529431,172.136993980774,168.171097208202,176.102890753345,220.914333685117,141.928521950772,339.273573370475
"OpenCoast_60261",6366.06726760319,1696.43887220272,1681.75969513481,1711.11804927064,342.039527556494,195.337954319032,924.187123850267
"OpenCoast_60262",127.571468355039,39.6989652374047,38.549587415143,40.8483430596665,1.15069464456246,0,13.0241093813429
"OpenCoast_60264",23927.9661031526,7446.14377164006,7426.19794693932,7466.08959634081,215.830254250437,0,2380.49233506519
"OpenCoast_60265",290.367441482433,90.3594441149185,87.0699513387987,93.6489368910383,2.61911432217155,0,29.8590813275774
"OpenCoast_60266",8961.30547374482,2616.95666716626,2609.31628167948,2624.59705265305,252.542958581564,118.530455697743,1063.94994497618
"OpenCoast_60267",3.87458084702001,0.517485227944981,0.488909958907565,0.546060496982396,0.723194305079296,0.460259962200317,1.13191441994225
"OpenCoast_60268",1045.01642938882,313.588437842906,307.176207229526,320.000668456287,21.0362730116866,7.88202674183273,117.654333515134
"OpenCoast_60269",582.45236206696,78.8058045876597,77.6734776140922,79.9381315612272,107.701266269802,69.906129852683,162.540867507829
"OpenCoast_60270",133.809321723074,41.6401228270033,40.0903593791975,43.1898862748092,1.20696008194213,0,13.7706883774754
"OpenCoast_60271",0,0,0,0,0,0,0
"OpenCoast_60272",4182.9570326874,1301.69439900199,1292.99454702535,1310.39425097863,37.7302724348404,0,417.806862630867
"OpenCoast_60273",152.527476673755,36.1537381338742,34.7625631164205,37.5449131513279,12.6870851718289,7.52956304636915,27.4626543805212
"OpenCoast_60274",2979.23020816905,403.089847165273,400.438316714573,405.741377615972,550.889457792539,360.394485043115,825.007467819143
"OpenCoast_60275",2692.35880579352,786.245525037416,781.703423099366,790.787626975467,75.8746881657284,35.5095561281731,320.566713796282
"OpenCoast_60281",29146.1981108326,8746.1885551229,8715.40089787547,8776.97621237033,586.715541946809,223.633931685073,3227.02227944152
"OpenCoast_60282",18519.8127163057,5268.53072583342,5259.58866592048,5277.47278574636,661.698504054823,341.868630918559,2336.14393351781
"OpenCoast_60283",2205.65433273504,661.872557380123,656.647264819636,667.09784994061,44.4000165049657,16.849323546053,245.271215534548
"OpenCoast_60284",32340.7445233243,7751.28260616541,7710.2986779603,7792.26653437053,2604.54719764827,1624.92882473875,5550.87755200208
"OpenCoast_60286",45129.8074322202,12668.6138638753,12635.6418026835,12701.585925067,1782.40177399598,949.674043267648,5868.34404529111
"OpenCoast_60287",75.037030733616,21.3465928652341,20.7593098095716,21.9338759208966,2.68101474597708,1.34933685392495,9.70932361973105
"OpenCoast_60289",17735.3884258216,5519.07552423143,5502.38612888614,5535.76491957673,159.973203600911,0,1765.02649609693
"OpenCoast_60290",9282.09000426869,2884.57259318585,2875.65253994825,2893.49264642345,87.6454470810239,2.70614092666159,927.750031373352
"OpenCoast_60292",2252.20218290549,700.862797298358,690.431128966493,711.294465630223,20.3148636898075,0,226.789539766158
"OpenCoast_60293",144060.256438554,44830.1112011135,44752.4659317307,44907.7564704963,1299.42351307576,0,14318.4151065351
"OpenCoast_60295",6499.61747401575,1052.58085385631,1047.67760724285,1057.48410046978,1028.66165749827,668.434420274437,1622.44998296318
"OpenCoast_60298",12704.0678509442,3405.08811406929,3397.26869202254,3412.90753611604,662.881452481549,378.714232491376,1812.94206241069
"OpenCoast_60299",54028.7061910918,8749.68133474396,8735.25017104542,8764.11249844251,8550.85067470553,5573.22390367888,13446.3810543048
"OpenCoast_60300",12014.0341784327,3508.44047610334,3500.84371564922,3516.03723655746,338.573408172584,159.028862792898,1425.31883916736
"OpenCoast_60302",213.747282926156,28.9200073799089,28.3289231330691,29.5110916267487,39.5240100858755,25.4960308197622,60.0058863077224
"OpenCoast_60304",3655.32201668877,1067.4582347672,1055.81589323675,1079.10057629766,103.012428196709,47.9613528788932,437.442005665253
"OpenCoast_60305",781.533385937286,243.205374369824,241.309476738959,245.101272000689,7.04943114115432,0,78.1482316523937
"OpenCoast_60306",159.901002099472,21.3562214306917,20.6380160052552,22.0744268561282,29.8456784515804,19.4286336234443,45.7574979484688
"OpenCoast_60307",97.4497502004201,13.1849512021168,12.319221487982,14.0506809162517,18.0194333095597,11.0872993391838,28.569717863045
"OpenCoast_60308",9074.6187588888,1582.33412603291,1575.46586970905,1589.20238235678,1323.44954675087,855.835774637399,2151.27760649669
"OpenCoast_60309",9106.53390625165,2659.36750962938,2649.40385073136,2669.3311685274,256.63571249146,120.351468298207,1082.08410392259
"OpenCoast_60310",6372.5762876484,862.209571718829,860.037755538812,864.381387898846,1178.35308134907,774.03397998493,1757.57548872765
"OpenCoast_60313",1458.2493144313,425.850371575035,423.255450494812,428.445292655257,41.0956413990117,19.2267460161681,173.681649564104
"OpenCoast_60314",12698.2791369152,3708.25951043066,3699.57215956531,3716.94686129601,357.856452000962,168.056274756279,1506.7628779655
"OpenCoast_60315",18.7556220430916,2.50498253396468,2.27123363997148,2.73873142795787,3.5007552004537,2.13813993811282,5.67704423371696
"OpenCoast_60318",1950.74081150081,305.282117789535,303.198358662263,307.365876916807,319.364597461139,207.490940461566,498.702325914189
"OpenCoast_60319",8511.41064876437,2634.26935737865,2629.15254214769,2639.38617260961,91.1694464621862,9.94746361028836,860.567015191393
"OpenCoast_60321",360.421879924409,112.159684813677,111.650644232056,112.668725395298,3.25100535691817,0,35.9233617202399
"OpenCoast_60322",203.361696911069,27.5148375920677,25.9173567940714,29.1123183900639,37.6036113758258,23.3256211146643,59.1950473931299
"OpenCoast_60323",1079.4052287219,146.043527446074,144.201685617673,147.885369274475,199.592820842967,129.781517055905,300.700250858098
"OpenCoast_60324",11718.1635605926,3607.95019044597,3597.53048684791,3618.36989404403,144.322963291381,26.6632471458448,1204.77065582925
"OpenCoast_60326",711.574819064947,202.429357974678,201.423672237377,203.435043711978,25.4240148381091,13.09236129216,90.0532437639952
"OpenCoast_60329",566.610684282341,66.5058971162203,65.5331710845186,67.4786231479219,114.928510097828,82.223998819985,168.465274880757
"OpenCoast_60333",4187.6111307066,1303.14270776459,1295.74724879704,1310.53816673213,37.7722523989735,0,417.852748813142
"OpenCoast_60334",1657.46203762172,233.469652136669,229.990979679858,236.94832459348,297.266266930183,196.734245627749,453.426157401103
"OpenCoast_60335",1278.19597561468,150.028180559753,147.379671353887,152.67668976562,259.262952791822,184.916214536039,381.168425041307
"OpenCoast_60337",448.073954645126,60.6244060634855,59.9565228429552,61.2922892840157,82.8533549534301,53.9608705586597,124.627654877499
"OpenCoast_60338",404.164419586534,118.02753243567,117.058815951848,118.996248919492,11.389956360134,5.31749826405872,48.2382818963721
"OpenCoast_60340",2668.40262452525,779.249637164434,773.900203421753,784.599070907114,75.1995672347957,35.1550881049629,318.05801864944
"OpenCoast_60341",1790.51160254758,557.189305596782,551.946114891991,562.432496301572,16.1504146549792,0,179.326303168617
"OpenCoast_60349",31623.5918341312,8754.47279844931,8727.27031208899,8781.67528480963,1371.71754275784,749.836234570968,4237.29113727045
"OpenCoast_60350",62.5124994016085,7.33740109215714,6.65656523852491,8.01823694578937,12.6797263412319,8.35194456883111,20.0181098563664
"OpenCoast_60352",143.488009049133,41.9025891974893,41.1129023751977,42.692276019781,4.04370618013352,1.8675892561604,17.306445069821
"OpenCoast_60353",413.622285073201,69.6796051241307,67.7450070380669,71.6142032101944,62.7663867791591,39.7359971313722,102.853621869339
"OpenCoast_60355",608.757338574479,189.439196190992,187.391398092344,191.486994289641,5.49099119394181,0,61.0538242662623
"OpenCoast_60358",508.160799288991,152.488847773653,147.489609857933,157.488085689372,10.2293217666751,3.78452829901002,57.9034907887655
"OpenCoast_60359",64.9548368944713,8.67530447901658,8.21901910995093,9.13158984808224,12.1238838429621,7.73738672315511,18.9286320529714
"OpenCoast_60360",2710.2506053324,480.690927009356,475.726900766101,485.654953252612,387.158419324132,248.515120038143,638.145704280485
"OpenCoast_60361",2796.17742582697,839.076675004535,832.139862960011,846.013487049058,56.28729851952,21.3523980647854,311.052953244592
"OpenCoast_60362",10086.3862352485,3026.72189071864,3008.40765787745,3045.03612355983,203.039845670272,77.1946168083465,1119.5654602074
"OpenCoast_60363",0,0,0,0,0,0,0
"OpenCoast_60364",491.341355385784,90.707827407877,88.8609400910501,92.554714724704,66.6245880002048,43.4683133289317,113.202482403746
"OpenCoast_60367",563.685745581342,76.2666813771555,73.9104860052781,78.6228767490329,104.231131215446,66.5194374047503,159.866516056367
"OpenCoast_60368",19004.0765482851,5913.87858106085,5881.79628902482,5945.96087309688,171.416770465532,0,1895.81361171205
"OpenCoast_60370",10611.7075541986,3184.36026571671,3166.00633933405,3202.71419209937,213.614610213215,81.2385401086636,1177.5388018053
"OpenCoast_60373",3674.73034135044,497.191015184714,490.843854428278,503.53817594115,679.494387419109,441.75946898545,1023.860957747
"OpenCoast_60374",3199.04799477708,437.354789366959,432.935389767898,441.77418896602,587.012369040609,382.51167931352,884.413956400295
"OpenCoast_60375",26949.6457998184,2936.68282198233,2928.73270804693,2944.63293591773,5692.86325957753,4023.48827033944,8145.71364490047
"OpenCoast_60376",0,0,0,0,0,0,0
"OpenCoast_60377",0,0,0,0,0,0,0
"OpenCoast_60378",9218.21976913198,1247.22513476356,1240.65451197532,1253.79575755179,1704.54101751019,1116.58906077779,2549.38470702198
"OpenCoast_60380",1495.84625548945,281.753751597105,275.800056427559,287.707446766651,197.231177873172,132.776014169649,339.175258222348
"OpenCoast_60383",216.961115090291,24.5857843723897,24.114086444239,25.0574823005403,44.8873342906724,31.0357582448374,65.6938902993182
"OpenCoast_60386",5338.7556550076,1083.12774958659,1066.90908870337,1099.34641046981,626.395198703394,405.196462892352,1124.54132024764
"OpenCoast_60388",10164.7237788846,3050.22941389478,3038.47088502253,3061.98794276703,204.616787341858,77.966027987749,1125.79811903375
"OpenCoast_60389",2007.0642654804,160.418671861845,157.796430173269,163.040913550421,482.263376587634,349.725641130785,674.143041952273
"OpenCoast_60390",4702.46916104301,832.322571052709,823.743318322732,840.901823782687,673.455079004873,439.383280534139,1108.93160860044
"OpenCoast_60391",1021.30977889939,306.474548257635,303.184673179852,309.764423335417,20.5590560437391,7.77960546902578,113.890783260057
"OpenCoast_60392",1325.08491154443,412.353173623511,409.019272622321,415.687074624701,11.9522659021308,0,132.537907851354
"OpenCoast_60393",50862.1275794165,13750.4160002228,13699.4881331957,13801.34386725,2536.14587198214,1432.85224132329,7150.29483810231
"OpenCoast_60395",19236.4508203334,2257.87251826078,2240.94540161018,2274.79963491138,3901.83139891818,2696.21158521928,5679.21916298469
"OpenCoast_60396",70.4195407655235,7.97986147952528,7.73398777305204,8.22573518599852,14.569179669003,9.95394021448887,21.5656361025775
"OpenCoast_60398",797.922482727111,161.882663097742,155.795947577478,167.969378618006,93.6200950963062,59.1690215780956,171.818914396188
"OpenCoast_60400",10838.1781287669,3280.82043598836,3232.62184562862,3329.01902634809,189.672582624088,62.6967221071533,1184.42472562421
"OpenCoast_60404",437.135061568927,49.5356431076245,48.350113789205,50.7211724260441,90.4393749573615,62.228459126663,132.977092320943
"OpenCoast_60405",22983.8911518753,3127.06061519219,3109.84666860581,3144.27456177857,4232.61117054982,2771.4031527815,6340.47029825629
"OpenCoast_60407",17591.2414188329,5465.18282752274,5448.85144936848,5481.51420567701,167.708587201729,6.23671541161064,1759.68127884578
"OpenCoast_60409",0,0,0,0,0,0,0
"OpenCoast_60410",40430.0685849718,9990.70928986899,9973.66634622097,10007.752233517,2955.40297172484,1790.51835544707,6613.45770579917
"OpenCoast_60411",27874.7445661549,8267.55849613546,8222.90047762999,8312.21651464092,658.213461393013,280.09799042741,3189.6520707871
"OpenCoast_60414",10621.9856607874,3305.45571778043,3292.2017404031,3318.70969515775,95.8103106603023,0,1058.13932309378
"OpenCoast_60416",1814.15668097933,516.092703615753,514.030534184627,518.154873046879,64.8184072006398,33.411531991215,229.36818671249
"OpenCoast_60417",42.3433355062066,4.79829814632959,4.61543935830343,4.98115693435576,8.76046131611281,5.94024826315717,13.0592360910178
"OpenCoast_60418",13518.65034941,2495.71380312352,2480.2742586843,2511.15334756275,1833.09322526106,1213.28154426122,3071.35939520868
"OpenCoast_60421",1800.27680472594,192.60042335154,190.042703276574,195.158143426505,383.866212289754,266.60854120581,553.505357325188
"OpenCoast_60423",13596.8367487029,3970.66394914667,3955.28592169097,3986.04197660236,383.179146155479,179.672294234543,1615.84771170566
"OpenCoast_60424",14726.6610930237,1992.51724588611,1984.05584826519,2000.97864350703,2723.10690271102,1785.65026343867,4068.65657513096
"OpenCoast_60425",0,0,0,0,0,0,0
"OpenCoast_60427",115.4791647268,13.0859663138034,12.7512866556661,13.4206459719408,23.8916170233653,16.4113971670041,35.185276543432
"OpenCoast_60428",0,0,0,0,0,0,0
"OpenCoast_60429",17164.5456243175,3168.79217464355,3145.66769426621,3191.91665502088,2327.46697971917,1538.77360314843,3903.99224987055
"OpenCoast_60430",46556.6293080158,11104.7399203542,11069.7653235125,11139.714517196,3803.15835036551,2347.82597861506,8027.77055398814
"OpenCoast_60431",6371.85530338943,862.11202254859,856.073375144123,868.150669953057,1178.21976414974,770.46603762971,1765.23969557122
"OpenCoast_60432",84986.5909065778,26446.9772242179,26386.2101814032,26507.7442670326,766.579049977332,0,8451.74454890896
"OpenCoast_60433",2647.87859237944,358.257973548939,354.160809230122,362.355137867755,489.619230516883,318.74472830711,736.788780331102
"OpenCoast_60434",179.865668921235,51.1683253902331,50.4209279684989,51.9157228119673,6.42646045503545,3.27731590987777,22.9811892595515
"OpenCoast_60435",936.123732729911,291.312344388221,285.483498212999,297.141190563442,8.4438360692238,0,94.7406694550107
"OpenCoast_60437",2811.71776490804,843.740018583574,840.685023594409,846.795013572739,56.6001269176292,21.5716636948973,311.340296338941
"OpenCoast_60438",7218.20230425565,2166.03751000302,2159.80588217682,2172.26913782921,145.303049842684,55.4198122114487,798.676074208588
"OpenCoast_60439",21401.1020194248,6422.0408040026,6392.0290663769,6452.05254162831,430.806073637405,164.017078308766,2372.21986207695
"OpenCoast_60442",4347.17889391171,773.009967155549,767.512728933654,778.507205377445,619.000186463918,398.537641799257,1018.3062431715
"OpenCoast_60443",8251.22895795782,2567.69993942689,2554.88928577638,2580.5105930774,74.4260852007796,0,822.771493444969
"OpenCoast_60444",25425.7804901014,3243.26270852212,3233.17809648241,3253.34732056183,4898.32646221326,3312.9625197423,7214.0938578072
"OpenCoast_60447",1133.12028839955,352.615702547057,348.762856994838,356.468548099277,10.220745001364,0,113.656638524407
"OpenCoast_60449",21425.6154004065,4392.40024686166,4376.26755940036,4408.53293432295,2468.29606050251,1569.24076757684,4417.05042618734
"OpenCoast_60450",779.666972229,208.349058353199,205.371816294774,211.326300411625,41.3081028242488,23.3901142606867,113.229279134652
"OpenCoast_60451",1390.63849893492,189.55523106623,183.703501249979,195.40696088248,255.741122677722,163.169895856231,392.943961891136
"OpenCoast_60453",423.355500520706,57.2799992204516,56.7748623882897,57.7851360526134,78.2826656012838,51.0973761494607,117.496443306981
"OpenCoast_60454",2316.86235667158,720.98439677263,712.305151281058,729.663642264201,20.8980984571777,0,232.646378692934
"OpenCoast_60455",888.326145377845,252.711712757425,250.600047744251,254.823377770598,31.7392022540151,16.2887823881678,112.800977336183
"OpenCoast_60456",1421.98366219776,426.708731773267,423.12595691901,430.291506627525,28.6246566990768,10.8572540096088,158.204858363913
"OpenCoast_60457",0,0,0,0,0,0,0
"OpenCoast_60458",128.589489825153,36.5812380795073,36.0048665318025,37.1576096272121,4.59440245740509,2.34028461339354,16.4483130162382
"OpenCoast_60459",528.350479406587,164.417385686536,163.522818520181,165.311952852891,4.76572132424742,0,52.7081588806318
"OpenCoast_60463",9320.89760135384,2900.5701245653,2892.82860890684,2908.31164022377,84.0744963642117,0,927.287769346709
"OpenCoast_60465",12396.6395322106,3833.10991937635,3817.59929810726,3848.62054064544,136.418025232811,16.9620866047176,1259.67161035562
"OpenCoast_60468",85.075961361464,24.2024756583015,23.6735755187339,24.731375797869,3.03969792925294,1.53876155829008,10.9476743667509
"OpenCoast_60469",18.1869436794769,5.65959500361642,5.60636037392037,5.71282963331247,0.164046231988882,0,1.82148191207064
"OpenCoast_60471",233.105221562927,72.5400138981672,72.0182107265638,73.0618170697706,2.1026090984976,0,23.2950721092022
"OpenCoast_60474",2719.08054516216,733.307053708691,722.709096223845,743.905011193537,137.369727657685,76.9934587458128,388.160679465173
"OpenCoast_60477",1501.30207520415,243.128434332043,238.713460669599,247.543407994488,237.603503169077,152.302857855586,379.794644576578
"OpenCoast_60479",2082.15830946145,281.716019270134,279.967636265578,283.464402274689,385.011893002516,251.97087263902,576.377617958535
"OpenCoast_60484",4693.04652985536,822.550126826857,814.861678761699,830.238574892015,680.210302498127,437.480800417694,1113.83782653619
"OpenCoast_60485",16844.0049463412,5054.54751676065,5039.8922782479,5069.2027552734,339.071307107265,129.321753372076,1863.78883051066
"OpenCoast_60486",633.273165340445,180.154042621845,178.745863301363,181.562221942327,22.6263576518189,11.6183236847284,80.3709465811288
"OpenCoast_60487",0,0,0,0,0,0,0
"OpenCoast_60488",0,0,0,0,0,0,0
"OpenCoast_60489",0,0,0,0,0,0,0
"OpenCoast_60490",1501.22077915911,203.115171420227,197.504299517021,208.726043323433,277.59073427431,177.753869565319,424.409621424314
"OpenCoast_60491",15451.6468972611,2140.14708241948,2119.00975189957,2161.2844129394,2807.6247705525,1829.00611806241,4242.85841505213
"OpenCoast_60493",1778.36592502298,165.946137800348,164.115463766228,167.776811834467,403.504415051261,292.453232962608,570.133961243994
"OpenCoast_60494",930.17592761138,266.642739057544,261.80878245249,271.476695662599,31.2088947228956,15.5111734548265,117.197602273756
"OpenCoast_60496",34.8865740014474,3.25539987871247,3.07453612321476,3.43626363421019,7.91562998229098,5.47881356491351,11.677004564754
"OpenCoast_60498",795.154443495596,240.529588191322,235.003749277206,246.055427105437,14.0868161604032,4.6770032437742,87.7811087514512
"OpenCoast_60499",157.95903067435,45.2802823074993,43.6413018835375,46.9192627314612,5.29977890473428,2.58558096091692,20.2552380386042
"OpenCoast_60500",434.9975219261,87.8704765974186,86.3901834612591,89.3507697335781,51.4200798985379,32.3281822271302,92.1840897251298
"OpenCoast_60501",413.700896789691,125.142111891821,122.995261347459,127.288962436184,7.32905226920561,2.44783003701088,45.4107693779176
"OpenCoast_60504",6980.41449987449,651.369220586449,647.256278122204,655.482163050693,1583.82930641836,1153.40862310098,2227.43916789638
"OpenCoast_60506",7938.02769608012,2275.50228378062,2253.6343970084,2297.37017055284,266.333564781196,133.519256719756,991.784119321501
"OpenCoast_60510",131.708788096895,37.7554298854939,36.9323521459306,38.5785076250572,4.41904115101276,2.18810123504631,16.6544998712366
"OpenCoast_60511",320.180799257239,91.0852828022098,89.262225483588,92.9083401208316,11.4398109279506,5.80196603900722,41.1271197328959
"OpenCoast_60513",200.252353625709,57.4040184103617,55.374585311699,59.4334515090244,6.71878774412647,3.28073332648694,25.6576646283043
"OpenCoast_60516",3729.97300096425,1128.2951094917,1119.40585293331,1137.18436605009,66.0795451470578,22.2782182044818,405.694382282079
"OpenCoast_60517",3387.70089060469,316.119349178028,313.806361869726,318.43233648633,768.6563530025,559.201935923365,1082.08689510832
"OpenCoast_60518",354.991648678776,48.0303700662384,46.6085781496787,49.4521619827981,65.6415057571925,41.9477203347108,100.552729365023
"OpenCoast_60522",560.968621055791,169.689740797569,167.892756669549,171.486724925589,9.93802135070582,3.34137208433821,61.1784711567157
"OpenCoast_60524",13778.3928926623,1864.21655837721,1848.41068630942,1880.02243044499,2547.76262978218,1663.56961767848,3822.71227523815
"OpenCoast_60525",19.314846109265,1.8023422901556,1.76061132381162,1.84407325649957,4.38246458249214,3.1374037633207,6.26647257780486
"OpenCoast_60528",4398.33020608375,337.219976900441,331.698709622107,342.741244178775,1071.16933838964,780.467552052017,1491.93247466055
"OpenCoast_60530",333.864745792688,26.2383761915909,25.7125942413676,26.7641581418142,80.6684540586857,58.3941655327262,113.002998298994
"OpenCoast_60531",15084.0163235795,2215.45182296516,2209.74093575019,2221.16271018012,2614.60104400825,1711.49133113214,3985.42634614312
"OpenCoast_60533",5282.81769737386,1598.02158641424,1592.05020617176,1603.99296665671,93.5894684618492,31.6847029097119,572.229934933812
"OpenCoast_60534",7011.06725556231,2181.77401925843,2168.01684043143,2195.53119808544,63.2398266451721,0,700.02443996927
"OpenCoast_60535",3300.83782649606,1027.18772322731,1018.28975058007,1036.08569587454,29.7735571949945,0,330.346163902028
"OpenCoast_60536",1682.5142364366,227.644176189873,223.921399175915,231.36695320383,311.113707459492,201.529259258323,470.446138181121
"OpenCoast_60537",12715.7035990453,1720.43469695083,1701.51535859114,1739.35403531053,2351.26075249947,1531.36382273203,3536.68653846474
"OpenCoast_60539",5077.43764020184,1580.04781925441,1575.13436498627,1584.96127352255,45.7984875146206,0,505.34997126806
"OpenCoast_60541",472.003200417036,63.862033016425,63.2853867168876,64.4386793159624,87.2781117891141,56.9568480451988,131.025314609124
"OpenCoast_60543",0,0,0,0,0,0,0
"OpenCoast_60545",6556.21366032031,611.785415034859,607.567295655318,616.0035344144,1487.57976113631,1082.68298293845,2093.28411581983
"OpenCoast_60546",12720.3556482886,975.269667554289,960.406495621823,990.132839486755,3097.91541458421,2259.77998969841,4309.99000717764
"OpenCoast_60548",1790.70568307555,242.282478920121,237.729271191336,246.835686648907,331.119387857499,213.956344072202,501.899229519444
"OpenCoast_60549",2579.45743212006,349.000590565845,333.270970403392,364.730210728297,476.967473773321,299.943873363053,741.618095147537
"OpenCoast_60550",530.25409582116,152.001788381377,148.969351880628,155.034224882125,17.790875641517,8.82586685911815,66.9289103516172
"OpenCoast_60557",2189.14146527084,167.841476142315,164.999939159889,170.683013124741,533.143512452059,388.235150964446,742.973115954753
"OpenCoast_60558",234.533900368589,21.8852567977065,21.1060136455644,22.6644999498486,53.2148434393193,37.6108489958668,77.0178011772597
"OpenCoast_60560",4059.74674919788,378.830523008474,374.145878993776,383.515167023172,921.140983552178,666.726762977245,1303.24935240636
"OpenCoast_60562",17670.2615952271,4682.53598811409,4669.99242285347,4695.0795533747,975.658477293571,563.598061245327,2576.39928617575
"OpenCoast_60563",21611.8348270619,6725.3868798334,6709.19288389998,6741.58087576682,194.938750140099,0,2149.48955459232
"OpenCoast_60564",1460.57350951913,267.955282495232,265.858488275765,270.0520767147,199.734960987887,128.146652725666,334.072566904516
"OpenCoast_60565",4370.64008150986,591.347603028284,589.203827778549,593.491378278019,808.175057471988,530.283445000694,1206.76580249864
"OpenCoast_60566",4290.72398587861,1220.62849673251,1217.37463716438,1223.88235630064,153.304230785676,79.1282792167795,541.767898781666
"OpenCoast_60567",14513.486256707,1963.67469053246,1958.01479791976,1969.33458314516,2683.6887437277,1762.21331812778,4004.31365239516
"OpenCoast_60568",267.123403263886,36.1417964616037,35.1499274514979,37.1336654717096,49.3937884975251,31.6349347063481,75.5051197924761
"OpenCoast_60569",22035.1821264572,5345.87069926982,5334.01537270245,5357.72602583719,1710.01496944303,1043.93504093497,3705.78839317662
"OpenCoast_60570",3344.13200151415,951.341272782302,948.233794417323,954.448751147281,119.483235422544,61.6343614831764,422.499508830917
"OpenCoast_60571",2022.61961101627,273.660433370502,271.762780655883,275.558086085121,374.002592273019,244.586502590295,560.301441706412
"OpenCoast_60574",8776.28670060591,2528.92975221033,2519.27348882944,2538.58601559122,281.325012190692,139.424527008745,1077.04292417299
"OpenCoast_60575",9501.03336189629,2955.21594716832,2940.74010059765,2969.69179373898,87.1099456444944,0.971802628652174,948.727755140569
"OpenCoast_60578",3028.03061640437,942.292847518877,926.343962593809,958.241732443945,27.3128361599675,0,305.526349474881
"OpenCoast_60579",716.798496371581,132.330066627606,124.278631656462,140.381501598751,97.1959798955377,60.7936681223347,171.698810933748
"OpenCoast_60580",372.512467892892,105.972636598089,102.448822104627,109.496451091552,13.3095807458936,6.65908320532102,48.4700689788743
"OpenCoast_60581",221.346104779975,68.8806943464803,66.9723692245863,70.7890194683743,1.99654186511537,0,22.5704120044092
"OpenCoast_60582",6012.36273076908,1870.98715818803,1861.37529592163,1880.59902045443,54.2315118315371,0,599.611281884021
"OpenCoast_60583",4651.39024197896,1447.46612940143,1435.70936280583,1459.22289599703,41.9555399826502,0,465.259474086011
"OpenCoast_60584",4928.07474452831,1533.56757974976,1527.01900360345,1540.11615589607,44.4512341956454,0,491.051527966865
"OpenCoast_60585",198.739690469289,56.5376217200182,56.1232991073519,56.9519443326846,7.1008145651529,3.64796501155766,25.2105400930133
"OpenCoast_60586",271752.784666185,76312.7757989215,76246.6635733629,76378.8880244801,10705.1833790376,5709.33870742142,35247.7944284324
"OpenCoast_60587",16689.975859161,2258.15373374448,2240.27851504513,2276.02895244383,3086.14343611745,2016.25066354061,4627.92553663578
"OpenCoast_60589",1853.7847294078,576.879269944412,573.060866625029,580.697673263796,16.7211382592583,0,185.149982779761
"OpenCoast_60590",85455.2156935111,26354.4013946244,26336.3218310904,26372.4809581583,1009.21322259484,164.937894713867,8723.25387481374
"OpenCoast_60591",172.194100813048,53.5850822320124,53.2411844116686,53.9289800523562,1.5531907893337,0,17.1947472630701
"OpenCoast_60592",408411.661512841,125915.190074432,125832.036724332,125998.343424531,4862.30805859533,815.300752920129,41728.5789489185
"OpenCoast_60593",0,0,0,0,0,0,0
"OpenCoast_60594",44145.9132173396,11305.1882803302,11288.1400713847,11322.2364892758,2830.77459099408,1681.55316601542,6823.00956000266
"OpenCoast_60597",0,0,0,0,0,0,0
"OpenCoast_60599",835.278787082995,243.925217949962,241.918471054839,245.931964845085,23.5394024618836,10.9893564138476,99.6950370725735
"OpenCoast_60601",0,0,0,0,0,0,0
"OpenCoast_60603",814.545854929604,165.255215971058,161.456373163359,169.054058778756,95.5705122359508,61.3187684029652,172.928453344421
"OpenCoast_60605",5403.78834271058,1621.56832865814,1608.45468018198,1634.68197713429,108.778736561216,41.272346307562,601.021927412658
"OpenCoast_60606",9958.70866766441,3099.05055029049,3077.29347087234,3120.80762970864,89.8275521823331,0,995.040113820146
"OpenCoast_60609",2066.85111322898,620.220499528813,613.638752014567,626.802247043059,41.6058954382392,15.7457411719054,230.455770537597
"OpenCoast_60610",17.3578299471867,2.31829478890823,2.2464592737117,2.39013030410477,3.23985593848043,2.11481734328627,4.95443814688603
"OpenCoast_60611",601.361074318679,175.614577298288,174.661366196045,176.567788400532,16.9472523092958,7.93414407956796,71.5764305851889
"OpenCoast_60612",681.2787187489,204.438057756693,200.688482546411,208.187632966976,13.7142007738919,5.14959150148853,76.5441438637772
"OpenCoast_60613",8486.52645835509,1245.56506359697,1243.30250902875,1247.82761816518,1471.90557363292,964.261699542889,2241.45445377188
"OpenCoast_60614",3419.61253225661,480.583344924473,477.421355288298,483.745334560648,614.410784029415,401.348989098649,928.931774432215
"OpenCoast_60615",7181.30215138756,971.630181082737,954.861892553111,988.398469612363,1327.89458081307,859.3757032978,2009.74355487847
"OpenCoast_60616",3189.78150599483,957.189352621116,948.148703720021,966.230001522211,64.210583413488,24.3291415873596,355.252841813835
"OpenCoast_60618",2837.70067375629,383.940901159226,375.849799708906,392.032002609545,524.719231584275,338.264819738016,797.131738639408
"OpenCoast_60621",416.814179821217,38.8945280318823,37.812961986692,39.9760940770725,94.5735404886696,67.38257765065,135.845523717013
"OpenCoast_60622",13662.6327439631,4251.67468359387,4234.33336335402,4269.01600383371,123.236947350547,0,1361.13553745423
"OpenCoast_60623",0,0,0,0,0,0,0
"OpenCoast_60624",673.14530494183,62.8137673814744,61.0846118332968,64.5429229296519,152.734090713949,108.852583449177,219.327760003297
"OpenCoast_60626",677.226579753945,63.1946067705126,62.3218197970136,64.0673937440117,153.660116332498,111.057284094275,217.711831465069
"OpenCoast_60627",692.255564223591,93.6621778394519,91.528359030318,95.7959966485857,128.004976380584,82.3755231272862,194.785193185458
"OpenCoast_60629",455.808000085243,42.5331907951785,41.9602170297943,43.1061645605627,103.421088912117,74.7729729092188,146.482032208341
"OpenCoast_60630",9524.7223920549,748.352600246732,745.574484112885,751.13071638058,2301.55875691317,1695.28746328124,3172.42217001787
"OpenCoast_60633",3361.18317662229,963.511376810371,956.468697782653,970.554055838089,112.773088175852,56.6671283386418,418.992164110695
"OpenCoast_60634",2022.6031443997,579.796172358544,571.723664648677,587.868680068412,67.8615805096819,33.8724501428977,253.785318801297
"OpenCoast_60635",10713.0865791075,999.679153040818,991.704820484911,1007.65348559673,2430.75830045519,1767.21482692539,3424.17683959446
"OpenCoast_60636",902.956180450244,258.83997000703,256.255206831525,261.424733182536,30.2956285349421,15.1821452459775,112.858128869109
"OpenCoast_60639",0,0,0,0,0,0,0
"OpenCoast_60640",933.391565287928,87.0983429987567,86.0991564880711,88.0975295094423,211.782970122091,153.428422236659,299.370293938972
"OpenCoast_60641",3182.56140526318,296.976997863388,294.190828212524,299.763167514251,722.110989715934,524.24711751267,1018.64590381278
"OpenCoast_60642",3659.0945713254,1138.67363965075,1116.54583385583,1160.80144544567,33.0050330333552,0,370.110605794273
"OpenCoast_60643",481.206569723288,65.1072488835608,64.1177602986701,66.0967374684515,88.9799068075331,57.7059842688031,134.396699519185
"OpenCoast_60644",16692.5631615985,2891.82601926298,2880.6025265565,2903.04951196947,2453.29963071247,1588.01230645956,3974.33401841846
"OpenCoast_60645",581.242756298586,78.6421449271987,77.2251982328455,80.0590916215519,107.477598067172,69.5026784095609,162.786819630489
"OpenCoast_60647",213.573327323425,61.2225873587043,59.0455702156936,63.3996045017151,7.16572778352962,3.4982252038125,27.3698691321189
"OpenCoast_60648",3696.99517773393,678.665836382553,672.649149541651,684.682523223456,505.14898947963,323.736472379355,846.052690932246
"OpenCoast_60649",15841.1794623274,2143.31158125289,2130.82911940117,2155.79404310461,2929.19249437895,1917.74620746106,4383.44788764604
"OpenCoast_60654",1724.68011139976,494.394033699218,488.245966299165,500.542101099271,57.8657847720982,28.9267143788809,216.086076717281
"OpenCoast_60655",44.6778985225223,4.84563483942043,4.67323781272835,5.01803186611252,9.46067504647644,6.40348616986279,13.970588125183
"OpenCoast_60656",8303.91948680113,2584.09670509764,2571.74787064121,2596.44553955407,74.9013537709463,0,827.852201017242
"OpenCoast_60657",71990.4419479805,22402.705629792,22355.3090671924,22450.1021923917,649.353786370784,0,7158.00359757416
"OpenCoast_60659",6863.31736011681,2135.79572929475,2115.27597796927,2156.31548062024,61.9071225882537,0,687.520877878916
"OpenCoast_60661",0,0,0,0,0,0,0
"OpenCoast_60662",20128.6925634284,5746.25127218728,5689.45491346167,5803.0476309129,699.157373548131,374.076645760898,2539.62156434026
"OpenCoast_60663",204.171675830527,27.6244277398703,27.2046029750053,28.0442525047353,37.7533845778227,24.4841426775047,57.0233134262951
"OpenCoast_60664",29053.0580094027,7194.49789314647,7151.41378347358,7237.58200281936,2108.58181204436,1270.70678812321,4757.48817227399
"OpenCoast_60665",21639.184116723,6203.05380152147,6172.53671591872,6233.57088712422,726.029344494402,365.699296868603,2691.05810276405
"OpenCoast_60666",8884.54834519804,1136.49118651865,1131.08131489738,1141.90105813992,1708.43003909722,1141.99757336746,2521.76340873923
"OpenCoast_60667",20270.5537136183,2742.60591745256,2726.07887768599,2759.13295721912,3748.22808718516,2453.47098991739,5610.23701301222
"OpenCoast_60670",836.792157566665,113.21797891877,110.957929732765,115.478028104775,154.731237855652,99.8621367594882,234.805323813042
"OpenCoast_60672",2523.26407993187,341.397630014782,336.878173909368,345.917086120196,466.576761020202,303.190356518431,703.364741777731
"OpenCoast_60673",4519.08378927386,611.432036688754,606.696635566695,616.167437810812,835.62378347463,546.026972010026,1252.87379021532
"OpenCoast_60675",0,0,0,0,0,0,0
"OpenCoast_60676",43726.9985225495,4080.33376051378,4072.18978050168,4088.47774052589,9921.48843639178,7256.62920004544,13893.3383235565
"OpenCoast_60679",61.5790841383072,8.33165008391296,7.82549361269394,8.83780655513198,11.3865884480144,7.04294425142454,17.9702066621017
"OpenCoast_60680",6423.71986627591,599.421911497814,593.334388300779,605.509434694849,1457.5174268824,1057.31998743047,2057.6233914481
"OpenCoast_60681",145.118123781144,13.5415281115457,12.9600674480356,14.1229887750558,32.9267463044145,23.0947988544844,47.9923026721438
"OpenCoast_60682",6138.95794916948,1159.8661744323,1154.90703475761,1164.82531410698,805.889550471263,517.36654568611,1365.43678255937
"OpenCoast_60683",903.568206133865,122.252778289912,117.293992946087,127.211563633737,167.078796996213,105.564593651478,258.663512721932
"OpenCoast_60686",94.9477853854878,8.7813844898538,8.57598670825144,8.98678227145616,21.6218458684333,15.2613287158835,30.8921939532866
"OpenCoast_60687",4790.01988537174,367.250824611451,365.818887053568,368.682762169335,1166.56144288343,860.750322478983,1604.85437650181
"OpenCoast_60689",453.300690419554,61.3315834137657,60.0481327735101,62.6150340540213,83.8198306654798,54.0433194961591,127.317235909843
"OpenCoast_60690",13104.1511193138,1772.99164644316,1761.13499969846,1784.84829318787,2423.08858347232,1585.02149972861,3629.19152948199
"OpenCoast_60692",368.98755672562,111.61658693218,109.549341184966,113.683832679393,6.53691860693093,2.18023170120167,40.5570931602959
"OpenCoast_60693",116.583230477628,10.8788278935339,10.6325935857925,11.1250622012752,26.4522883377074,18.9472478557649,37.8048415186051
"OpenCoast_60694",5524.95255164551,747.526080237638,740.707228378716,754.344932096561,1021.61897632477,666.636505540844,1533.83469526301
"OpenCoast_60695",948.031454200128,128.268655753277,122.36189933591,134.175412170645,175.300496196146,110.125709402319,272.823338080311
"OpenCoast_60696",21202.7881384195,1978.51339404418,1969.54245119912,1987.48433688924,4810.83139575912,3509.71836591071,6753.80766574008
"OpenCoast_60698",24260.1780768796,4973.68934968956,4960.51315744917,4986.86554192995,2794.66227230805,1778.54650436733,4996.13100810466
"OpenCoast_60702",1430.17096487783,125.490886506036,124.700160551023,126.281612461048,332.464158157495,243.44072371862,464.373302777774
"OpenCoast_60703",3562.6324097963,482.024165045439,473.752230428043,490.296099662836,658.766358895433,426.377007385238,996.935402647765
"OpenCoast_60705",4.62317883814271,1.32527302842681,1.2961665557612,1.35437950109241,0.15511506733487,0.0767929329353402,0.584691182089646
"OpenCoast_60706",856.96858640659,115.947849740812,111.862182308865,120.033517172758,158.462061312443,100.675964077979,244.068151584608
"OpenCoast_60707",4122.49317453439,316.545509725391,314.673970954829,318.417048495953,1003.51802969227,738.829585701551,1383.49861208273
"OpenCoast_60710",2777.34290401845,230.523066366456,224.246881671724,236.799251061188,658.809904929291,470.286181966232,934.083407712533
"OpenCoast_60712",276.820201265965,31.3689472669524,30.6364757084918,32.101418825413,57.2716493804224,39.430324501874,84.1611723586324
"OpenCoast_60713",501.71857967279,38.4667635035128,34.6336649048015,42.2998621022242,122.188542893511,81.4909762465918,184.128811503799
"OpenCoast_60714",157.863901834654,21.3589859182286,20.8894966790681,21.8284751573892,29.1906140882458,18.8005470111612,44.384566153358
"OpenCoast_60717",6920.44238894349,2153.57246701532,2139.20083683779,2167.94409719286,62.4223903482703,0,691.228552728157
"OpenCoast_60718",173.33190078768,23.4518061765731,22.9243770157674,23.9792353373789,32.05080177465,20.6319393141906,48.7577785193372
"OpenCoast_60722",1618.72866794604,489.655994605158,481.483910154758,497.828079055558,28.6771121578428,9.58240801070193,177.601856870957
"OpenCoast_60723",91.7781636845745,28.5604467570027,27.0217184350303,30.0991750789751,0.827839036434862,0,9.59683843097759
"OpenCoast_60725",3138.37048721799,240.618865255003,237.611200278459,243.626530231547,764.318748457068,559.085177125786,1060.49195512556
"OpenCoast_60727",5339.74303118706,409.398098201112,407.223662900359,411.572533501864,1300.4410178153,958.173324471432,1791.55102818459
"OpenCoast_60728",2763.18001137966,792.088748883588,786.090551245454,798.086946521722,92.7091225602926,46.5728719157125,344.537406093141
"OpenCoast_60732",5716.39192614994,530.442585101213,525.986723353612,534.898446848814,1300.00327357126,932.502667259389,1830.87354164412
"OpenCoast_60733",9.62055598820479,2.75781314459379,2.50884664991353,3.00677963927405,0.322785088389266,0.148639610916915,1.29803909476792
"OpenCoast_60734",350.565156844433,47.4314657210518,45.355480749779,49.5074506923245,64.823003152104,40.8199326748011,100.66514974106
"OpenCoast_60737",848.109153037723,243.117609124188,239.746098057799,246.489120190577,28.4554227700212,14.2040434138882,106.410363520876
"OpenCoast_60740",28617.4041988486,2362.84205903978,2350.52255631186,2375.16156176769,6800.73693947352,4967.7969395928,9430.94327330445
"OpenCoast_60742",4849.4807046138,1390.14435839622,1379.67406758471,1400.61464920774,162.707858028161,81.7404350341685,604.651085044347
"OpenCoast_60743",35.4979676092682,10.7379284622377,10.0648016038452,11.4110553206302,0.628875745926055,0.200307909528716,4.07093271565939
"OpenCoast_60746",48592.3069453398,15121.4399983203,15062.3854164237,15180.4945802169,438.302608646966,0,4840.15769224307
"OpenCoast_60747",5549.26306680961,425.461999332293,423.285522957167,427.638475707418,1351.46752729081,995.965936369803,1861.48512954994
"OpenCoast_60748",85511.357721828,6623.6376350451,6611.16393772697,6636.11133236323,20757.9542210614,15329.8433184063,28524.6956934268
"OpenCoast_60749",1880.12916340879,147.720793354601,145.107229747971,150.334356961231,454.315366060529,329.944858179938,634.94147761299
"OpenCoast_60750",3500.80447538474,473.658845519556,463.665053313525,483.652637725587,647.333755543393,417.298547982172,983.427030042026
"OpenCoast_60751",32339.8692193278,8206.89089037899,8178.80797275617,8234.97380800182,2148.65863234196,1287.59748548743,5083.04905595314
"OpenCoast_60753",176.005220255205,15.4436439152591,14.9612874253059,15.9260004052122,40.9149876626601,29.2075537231445,58.5644201406577
"OpenCoast_60754",4698.56014514418,635.715187638007,622.540239048857,648.890136227157,868.810756438609,560.286215143971,1319.40994366188
"OpenCoast_60755",2854.68386481547,264.895393538788,260.094605660183,269.696181417394,649.202926813773,461.112234870697,923.12775583572
"OpenCoast_60756",318.423771385593,25.0183939739339,23.8594162469217,26.1773717009461,76.9440818614468,54.2515471043009,110.560881782396
"OpenCoast_60757",1457.38433511789,197.184100541451,187.877527578119,206.490673504783,269.48493740665,169.089774820307,419.864369459725
"OpenCoast_60758",1040.37746216736,298.232934148713,294.783855953602,301.682012343823,34.9063330118987,17.4648209985419,130.237361293656
"OpenCoast_60760",172.742042213327,29.214997889329,28.3205784413046,30.1094173373533,26.0987314478006,16.684793271755,42.9561020679574
"OpenCoast_60762",481.014418555819,145.504060193257,143.149060140316,147.859060246198,8.52156677250161,2.84892739234448,52.7492215881796
"OpenCoast_60764",3598.10230964294,608.529053118363,605.603623855101,611.454482381624,543.619287452404,356.785483375268,872.341728197784
"OpenCoast_60765",13729.8462651396,1857.64819967339,1849.38882239165,1865.90757695514,2538.78587288697,1664.44994015248,3794.01207314212
"OpenCoast_60766",12618.9563255389,989.871857938646,966.127391818228,1013.61632405906,3050.84414706216,2200.01361655732,4289.55906036494
"OpenCoast_60767",222.480876101318,47.63955189848,44.5287276000089,50.750376196951,23.601049437923,13.9736654325592,46.5203634631399
"OpenCoast_60769",182.203731542841,24.6521648777464,24.3908829022825,24.9134468532103,33.6912919995867,21.9517946120542,50.657341934861
"OpenCoast_60772",177.846319347733,15.6051918441016,15.4090567954329,15.8013268927704,41.3429780742359,30.081692930673,58.1059602777116
"OpenCoast_60773",4445.61789360705,601.492101005035,597.124365811325,605.859836198744,822.03920470688,537.411929230193,1231.91500027078
"OpenCoast_60777",4315.44088470956,1305.39573456956,1292.09942151777,1318.69204762134,76.4515911232886,25.7151352023282,470.447863734054
"OpenCoast_60778",3604.09296990139,1090.21713321837,1082.43531553605,1097.99895090069,63.8494766737524,21.5424370781684,391.714852429131
"OpenCoast_60779",10.5027598136663,0.807537282837174,0.807280133312108,0.80779443236224,2.5555514370969,1.89180457052255,3.50401582440089
"OpenCoast_60780",199267.470821122,62010.044244825,61964.9268647191,62055.1616249308,1797.39258680652,0,19785.7037064997
"OpenCoast_60781",744.778560400221,102.188023367835,96.7349946118044,107.641052123866,136.297519457919,84.9218529620688,214.334603309841
"OpenCoast_60784",56.7097162543802,7.67282460921764,7.11168678952793,8.23396242890734,10.4861936325974,6.40051811057514,16.7423902721116
"OpenCoast_60785",90429.9497712279,7126.30228885563,7111.74951853853,7140.85505917274,21830.2719273893,16087.6048392105,30048.2905830087
"OpenCoast_60786",62.9928102719851,19.0549582382087,18.0989991468107,20.0109173296066,1.11596953898369,0.360203094542333,7.13896267597376
"OpenCoast_60787",1131.31877537155,342.217340768386,337.01357461684,347.421106919932,20.0422442933375,6.70718482801577,123.943659068409
"OpenCoast_60789",8014.14291384185,2304.89037181636,2282.28100601503,2327.49973761768,261.318330624945,129.583731952604,993.848277865241
"OpenCoast_60792",211.204301828851,16.594214713151,16.3719764036547,16.8164530226473,51.0355147754654,37.2266043670693,71.0247726882728
"OpenCoast_60793",7.71390208075098,1.30461368940701,1.24566670413758,1.36356067467643,1.16545489587026,0.733872420265672,1.94534656253838
"OpenCoast_60795",6658.95694780702,510.542229188365,500.774575714557,520.309882662172,1621.72237506892,1178.29311932837,2264.87831276475
"OpenCoast_60797",113.614965857146,8.71085943226742,8.34676063736932,9.07495822716553,27.6697887848494,19.6394367938101,39.5027593417793
"OpenCoast_60799",12377.6732339551,3851.80813367448,3819.05101934561,3884.56524800335,111.646612570275,0,1238.55703559527
"OpenCoast_60800",250.796849912657,19.7834637144427,19.3378859075268,20.2290415213587,60.5241955960893,43.6823664172596,85.0187487966581
"OpenCoast_60802",26.7424708868635,8.08944169557585,7.92570305281305,8.25318033833864,0.473764907106714,0.157735946771948,2.94435009764934
"OpenCoast_60804",4518.49138898624,371.825428243838,367.2013959414,376.449460546275,1075.04069942345,779.921883319129,1501.04638850689
"OpenCoast_60805",9459.1693279203,1599.78201258452,1594.47757431015,1605.08645085889,1429.13859790884,939.370951018921,2289.92333655869
"OpenCoast_60806",4929.85380009515,408.822557097907,404.988191281127,412.656922914687,1169.76592823056,850.443095057965,1629.5806371942
"OpenCoast_60807",79.7582426779614,13.4891127929102,13.2453482943874,13.732877291433,12.0502740949998,7.80336809017758,19.5922382691111
"OpenCoast_60808",2137.12879387717,289.153525811582,282.723890084561,295.583161538602,395.176485275828,254.451501076105,601.01909512849
"OpenCoast_60809",177.199951380453,15.5484760449314,15.3518019009195,15.7451501889433,41.1927203866033,29.9699194341901,57.8993826058957
"OpenCoast_60811",470.130694716629,136.859391311384,128.564274340618,145.15450828215,13.681158443828,6.13964857257349,59.4864053565701
"OpenCoast_60813",1021.48586183626,80.2576252991998,79.2928225107267,81.2224280876729,246.832362519389,180.296041233979,343.045259564993
"OpenCoast_60814",1220.10473064991,165.080170056932,150.500161238735,179.66017887513,225.609565744474,135.450145114862,365.30903037943
"OpenCoast_60815",13.4438915601086,2.27369816010337,2.2442857986496,2.30311052155714,2.03117035635901,1.32219914472479,3.28577101075486
"OpenCoast_60819",569.32590557223,163.202050678761,160.851406490329,165.552694867193,19.1017975445224,9.52983335070922,71.4697769583425
"OpenCoast_60821",1544.94597372373,209.03119024482,205.215266492963,212.847113996678,285.675960001254,184.693739843666,432.789131793245
"OpenCoast_60822",553.155500201568,66.6201061657386,60.9467099591243,72.2935023723529,110.505816553806,69.1431896589997,174.060211702234
"OpenCoast_60823",3334.16682528381,563.890964326125,558.671159055758,569.110769596491,503.742594798005,329.135678321537,811.931364624327
"OpenCoast_60826",1995.96928198831,164.678570466058,161.307288736485,168.049852195631,474.45075331942,341.292329088419,667.885772757134
"OpenCoast_60828",6436.01655395724,1844.02401982261,1819.51180733466,1868.53623231057,216.852840920035,108.47705394775,807.980954369687
"OpenCoast_60830",4222.27307665689,714.091934089596,710.401206670378,717.782661508814,637.922127786706,418.525959766893,1024.03659708591
"OpenCoast_60831",43568.9946848144,3384.85853043501,3367.85236363811,3401.8646972319,10566.3692575894,7776.15677633463,14569.1246824571
"OpenCoast_60832",63.8626432027962,13.1044008102109,11.5439895629025,14.6648120575193,7.34505616975643,4.22460639920849,14.6660047416703
"OpenCoast_60833",1748.54233191782,236.577777508481,231.567800465364,241.587754551598,323.322962594924,208.411020418827,491.228434254915
"OpenCoast_60835",1639.01231678278,221.75836646071,216.941486000289,226.575246921131,303.069767496304,195.24733740026,460.703002072967
"OpenCoast_60836",147102.761659057,12795.6400087689,12716.1761166169,12875.1039009208,34308.1353020779,25204.1000025651,47872.2673935778
"OpenCoast_60837",646895.220088456,49850.7704348048,49725.289377018,49976.2514925916,157291.54798972,116153.472164716,216184.295335893
"OpenCoast_60839",24389.1196773694,3339.75044531133,3331.61972348321,3347.88116713946,4469.88956657912,2935.0752921715,6686.025959206
"OpenCoast_60840",200.826744231725,33.9648231181904,33.1425231221755,34.7871231142053,30.3419086522501,19.5255950701686,49.6296289762662
"OpenCoast_60841",301.508607631266,50.9926432656379,49.6653814458823,52.3199050853935,45.5534279839699,29.2598763088411,74.6430645884948
"OpenCoast_60842",23.213377183936,4.7633073659498,3.91431018255782,5.61230454934178,2.66984814211835,1.43247009672131,5.61276099615203
"OpenCoast_60843",15414.9409665328,4722.81467090299,4709.71037165578,4735.91897015021,213.203575990461,56.3606325514927,1608.08081467608
"OpenCoast_60844",16584.1811231531,1444.67292720113,1439.32681374521,1450.01904065705,3865.74771024372,2834.66409042329,5381.48197542351
"OpenCoast_60846",165087.697416024,12881.1233178434,12829.2342740186,12933.0123616681,39981.6082717416,29480.693995101,55093.5616081487
"OpenCoast_60847",517.979505018838,87.603283786311,85.9039590336219,89.3026085390001,78.2589335157712,50.6094817474098,127.405054848974
"OpenCoast_60848",31186.6522489953,6233.53082399599,6217.94195524458,6249.11969274741,3752.7470926548,2498.9189506833,6582.20289374567
"OpenCoast_60849",3174.18908981086,243.365077515799,237.305957159031,249.424197872567,773.042010932538,558.366958021249,1085.72886132765
"OpenCoast_60852",37867.0197602451,3626.40411083443,3591.19140243115,3661.61681923771,8498.99428659365,6048.76074628938,12030.2912959181
"OpenCoast_60854",0,0,0,0,0,0,0
"OpenCoast_60856",132575.763604542,10400.7994170955,10285.3092558655,10516.2895783255,32051.2858467148,23417.5051105642,44498.3012062721
"OpenCoast_60857",399.414147375001,30.9417117523579,30.656725377651,31.2266981270648,96.954692378591,71.0749668468512,134.206668068131
"OpenCoast_60858",195.200711953726,26.4106563273391,16.4333619776999,36.3879506769784,36.0945636473635,14.7900257799299,73.9888330431893
"OpenCoast_60859",4224.69583860431,571.601346963163,563.889502810685,579.313191115641,781.188507516322,507.500552529616,1177.93682193514
"OpenCoast_60860",1183.59430646844,160.14030966518,157.149169791727,163.131449538633,218.858423209079,141.434252812554,331.700614061887
"OpenCoast_60861",21.1222448888621,4.04091281477404,3.80187181720125,4.27995381234683,2.72264122108849,1.66842295119517,4.90163014067211
"OpenCoast_60862",26424.0625360287,2042.14896654706,2030.32072899725,2053.97720409687,6419.1000981147,4723.16856568256,8853.53538890409
"OpenCoast_60863",51.1708715642271,15.9238635220718,15.4816983269597,16.366028717184,0.461561261509329,0,5.21815408373982
"OpenCoast_60865",5988.31212981047,482.672775633675,478.736285838626,486.609265428725,1434.84465145293,1048.12424532191,1991.09765247795
"OpenCoast_60866",23.4270557607629,7.29026548219181,6.94843222002048,7.63209874436314,0.211312042962082,0,2.43342278805781
"OpenCoast_60868",60.8426097390919,8.23200509769913,7.12487363054281,9.33913656485546,11.2504069668555,6.41238626748852,18.9895776818728
"OpenCoast_60869",657.223177309729,188.398541574797,184.550232845805,192.24685030379,22.0508920315509,10.9338985727852,82.9937532770326
"OpenCoast_60872",269.08973129694,21.1422435034681,20.5993131432196,21.6851738637166,65.0229793551251,46.8387237868742,91.5879550998016
"OpenCoast_60873",1413.63982910675,114.912103745156,113.545008827476,116.279198662836,337.749505933116,247.004903462476,470.794956354923
"OpenCoast_60874",9729.006015317,3012.26941421064,2981.36123735849,3043.17759106279,103.055601954011,10.48360041856,990.673769438135
"OpenCoast_60875",2566.38458289765,347.231834066051,344.592966044065,349.870702088038,474.550173223604,310.133669439658,711.403760912344
"OpenCoast_60876",183.119001941975,30.9700012034366,30.4807319681543,31.4592704387189,27.6665344084034,17.9574267070303,44.8818924925723
"OpenCoast_60878",110469.177918251,10047.8277798532,10005.0071273625,10090.6484323438,25325.5076813501,18590.9801508336,35440.2215723691
"OpenCoast_60880",699.582112318264,54.965811211063,54.1451189173673,55.7865035047588,169.047376974368,123.11518601351,235.615900996659
"OpenCoast_60881",894.324321107139,70.266607636008,69.4878062595115,71.0454090125045,216.104983225709,158.001392634608,300.062326987915
"OpenCoast_60885",10493.886731509,824.499350109159,818.613574277253,830.385125941065,2535.74812018733,1861.36376621756,3507.15544676748
"OpenCoast_60886",6520.89333686616,499.956892137528,491.782618749658,508.131165525399,1588.09836326038,1157.13557352861,2211.8650734635
"OpenCoast_60887",0,0,0,0,0,0,0
"OpenCoast_60889",12.398627805464,1.40499826253102,1.33882593584145,1.47117058922059,2.5651663470566,1.72312055747069,3.85700838339042
"OpenCoast_60892",178.806099890795,13.7090636786273,13.4893657387734,13.9287616184811,43.5464375674042,31.7396840912314,60.6310799863297
"OpenCoast_60893",2585.09971085325,226.830541514442,218.644182791717,235.016900237167,600.944236897877,426.839050250485,864.223793510642
"OpenCoast_60895",3551.68904311199,328.626836308972,323.27835759595,333.975315021994,808.659512185917,574.894523688654,1147.3969590838
"OpenCoast_60897",608.731339959513,47.827712174622,46.1773787895927,49.4780455596513,147.094150193814,104.998136359684,208.971947544562
"OpenCoast_60898",4807.3679457551,421.824299394192,420.226307202567,423.422291585817,1117.54299051605,820.369403687641,1557.04384970606
"OpenCoast_60899",127.98617285875,24.4851325576441,24.3362880382364,24.6339770770518,16.4973198534563,10.6797976002726,28.2121372845595
"OpenCoast_60901",58.6240153955029,11.2154051954068,10.9305804251418,11.5002299656718,7.55659077438721,4.79680329270445,13.1706733988066
"OpenCoast_60905",25789.0332114409,2043.22203485571,2031.41915675176,2055.02491295966,6214.6842897798,4559.87113448375,8590.1921960337
"OpenCoast_60906",14216.9914938655,1152.52118801549,1125.67507735076,1179.36729868023,3399.90165823519,2443.9551763705,4791.34027179459
"OpenCoast_60907",5318.3111030481,428.369092273335,420.066153009148,436.672031537521,1274.6073060337,920.612509673853,1788.32236343215
"OpenCoast_60908",124.859766495688,9.81016843086059,8.8066513409023,10.8136855208189,30.1711773987237,20.0245661967425,45.6719116096767
"OpenCoast_60909",4432.11038759688,599.664535441859,596.87864794072,602.450422942998,819.54153177054,537.190783146648,1224.98252665076
"OpenCoast_60911",9567.45592027254,2714.32489245604,2709.22032608633,2719.42945882575,349.27016777443,184.637324076927,1214.53446107238
"OpenCoast_60912",1185641.85227115,105528.789379189,104964.607229006,106092.971529372,274125.588136557,201056.106893831,383107.777165551
"OpenCoast_60914",6272.76952442191,492.848315271143,491.426451867745,494.270178674542,1515.755214144,1117.40559894219,2087.56430619903
"OpenCoast_60915",2017.78741934917,154.703761441501,153.490937203514,155.916585679487,491.411948108297,361.15514636121,678.695725898945
"OpenCoast_60916",22026.0635079518,1994.17216157117,1979.86807082385,2008.47625231848,5058.79363431008,3641.75712804987,7096.08187877838
"OpenCoast_60917",3625.57936291421,284.859928925695,283.330102160746,286.389755690645,876.086838873063,644.236062792326,1209.57536472076
"OpenCoast_60920",518.931755963687,40.7722044739033,39.5993319707018,41.9450769771047,125.394933103229,90.0409717268148,177.156238219728
"OpenCoast_60921",1083.2001115037,100.513658746791,99.6235546253933,101.403762868188,246.337848957809,176.618964482086,347.089185904842
"OpenCoast_60922",0,0,0,0,0,0,0
"OpenCoast_60923",3593.21286513202,486.161700652363,480.959896724605,491.363504580121,664.420990891562,432.863907052144,999.105792646245
"OpenCoast_60925",2958.54822646689,274.533305215598,273.002506985946,276.064103445251,672.823422381363,483.996182089462,944.92415480592
"OpenCoast_60927",2570.35687657245,197.06926172681,194.66236883636,199.476154617259,625.984713720454,458.029103144376,868.307967157482
"OpenCoast_60928",275.203930009502,46.543864662857,45.7429543037849,47.3447750219291,41.5791857654856,26.9490165174335,67.5452123646189
"OpenCoast_60930",975.973134642851,85.6371279239807,84.902639830011,86.3716160179504,226.879229520006,165.747662188311,317.612927288847
"OpenCoast_60931",26151.0878642091,2042.71516266116,2035.34812334824,2050.08220197408,6331.12468233724,4663.06680257113,8721.29306752144
"OpenCoast_60934",1114.5122891656,103.419217476616,100.125383306173,106.713051647058,253.458762637101,177.508638237254,365.262049197768
"OpenCoast_60935",8441.60398601225,1079.07064905189,1074.47471534329,1083.66658276049,1624.0153633091,1160.40770757371,2395.60804588323
"OpenCoast_60936",13688.5070837668,1074.06667194502,1063.87939239883,1084.25395149121,3309.13018134794,2421.64910988456,4586.93075392223
"OpenCoast_60937",196288.863272685,61083.1313618268,61015.369943547,61150.8927801066,1770.52554671962,0,19497.3861038021
"OpenCoast_60941",221.52856300115,20.5563553287064,19.9222458046931,21.1904648527198,50.3793058298917,35.3194225744441,72.5316397206703
"OpenCoast_60942",16173.2084552753,1265.26680341186,1261.22977629377,1269.30383052995,3913.55627605185,2885.45495148494,5389.52107719046
"OpenCoast_60943",19173.267532681,2594.14309717174,2571.44262195713,2616.84357238635,3545.32889946805,2314.29835976142,5320.91526385224
"OpenCoast_60944",552.982299867049,74.8185051720118,70.5556518270858,79.0813585169377,102.251957068416,63.5000866443772,160.798762317773
"OpenCoast_60945",652.593780766817,110.369923172188,108.185895928843,112.553950415532,98.5971313671545,63.7366680992553,160.576969259493
"OpenCoast_60946",0,0,0,0,0,0,0
"OpenCoast_60950",193681.063924498,15543.4792147268,15518.2986411242,15568.6597883294,46475.1342645367,34192.2487067816,64048.757964562
"OpenCoast_60951",29.5393374885959,3.99667236220702,3.8388037644964,4.15454095991764,5.46211889501626,3.45492338804676,8.4475666184992
"OpenCoast_60952",3454.74037879448,264.874944842173,262.724515594423,267.025374089923,841.367471851608,618.175330810408,1162.34574603849
"OpenCoast_60953",7956.61509757795,610.033679531301,606.336039856468,613.731319206135,1937.75404086413,1426.67303495639,2671.536330662
"OpenCoast_60954",205.236419112181,15.7354762533309,15.3833679300372,16.0875845766246,49.9832775105805,36.1961598353816,70.0283093335425
"OpenCoast_60955",30541.8428562291,2399.65707943904,2391.56341168632,2407.75074719177,7380.14642155407,5437.93753121527,10169.2044855719
"OpenCoast_60961",2150.16469788716,616.362762624622,610.201096233292,622.524429015952,72.1414752858265,36.1520914513915,268.746347672449
"OpenCoast_60962",8874.56075618305,2682.11054882881,2678.43577103866,2685.78532661896,159.612550908568,55.0073088664625,961.41336778058
"OpenCoast_60963",39969.2248836785,5407.8361267617,5373.03685083218,5442.63540269122,7390.70937324099,4835.73316574896,11066.6919854722
"OpenCoast_60964",458880.832800974,107457.190538297,107396.054545571,107518.326531024,39481.0409329025,24453.5736535689,80918.1028918366
"OpenCoast_60967",3751.03019543022,293.589062456211,289.065604031729,298.112520880692,907.5283164225,660.557954477017,1265.06693729283
"OpenCoast_60969",51486.4616930909,16022.072014273,15968.6572929134,16075.4867356325,464.40788447168,0,5125.51750991181
"OpenCoast_60973",2678.53791744412,810.242120267096,797.490996413265,822.993244120928,47.452506277686,15.871525405775,293.605633144324
"OpenCoast_60974",180.326201351371,20.7188976601244,17.9232448175848,23.514550502664,37.0233552745981,22.1782187744279,60.4791672331444
"OpenCoast_60975",8.86225652401577,2.68078098488193,2.48509536897183,2.87646660079203,0.157002176673161,0.0494579305118211,1.02618922278777
"OpenCoast_60977",1062.121967885,298.971089689408,286.472450288064,311.469729090751,41.1309856470468,20.9296070417473,142.658999280541
"OpenCoast_60978",30191.8282822587,4214.09563225654,4206.22585509074,4221.96540942234,5453.6297020055,3580.35465553821,8192.20294463342
"OpenCoast_60979",10913.7875512627,3253.83934752197,3211.73609498843,3295.94260005552,240.864564267854,97.3241444851254,1241.14289274548
"OpenCoast_60980",0,0,0,0,0,0,0
"OpenCoast_60981",41186.6155130717,3236.63093529361,3223.2009370384,3250.06093354881,9951.73521814707,7320.70937176662,13723.4764943248
"OpenCoast_60984",1198.43582144325,162.148366641272,160.491452798271,163.805280484272,221.602767743071,144.442307518444,333.070736984686
"OpenCoast_60985",7920.35606685367,2464.73560444419,2437.7505220514,2491.72068683698,71.4416117230201,0,794.461668266865
"OpenCoast_60986",5175.53120791017,396.807977710473,395.820616717869,397.795338703076,1260.44887037444,931.342627571457,1731.57970964868
"OpenCoast_60987",154343.545831467,48030.1680272943,47939.8035394581,48120.5325151305,1392.17878339984,0,15342.7784830851
"OpenCoast_60988",16799.0065423539,1312.23259850872,1307.86676166567,1316.59843535176,4066.97728641843,2996.28600379387,5600.81998041303
"OpenCoast_60989",2174.09371677304,210.884247977154,204.669261512814,217.099234441493,485.28230107074,337.753792671267,701.466722252232
"OpenCoast_60990",0,0,0,0,0,0,0
"OpenCoast_60992",0,0,0,0,0,0,0
"OpenCoast_60993",115.041170133214,8.82020651411352,8.53708202611331,9.10333100211372,28.0171265742429,20.087251826149,39.6262643621421
"OpenCoast_60994",262.262063630785,80.9722399910824,78.4618679967698,83.4826119853951,3.00669540413124,0.430072552836375,27.4893548596138
"OpenCoast_60995",230.518156778165,44.1006047730355,43.2076602516842,44.9935492943868,29.7136142089006,18.9613578514652,51.5289993833491
"OpenCoast_60996",3955.26332993209,535.147128539811,526.117315267052,544.176941812571,731.367742337742,473.505583740346,1106.49311501889
"OpenCoast_60997",5033.79386063312,680.611622787943,676.90767841053,684.315567165357,931.259509325389,610.087451546568,1392.84667397398
"OpenCoast_60998",6376.44510895435,1286.00283009673,1276.98706087646,1295.018599317,755.798658241539,480.037621667078,1340.28491512766
"OpenCoast_61003",5276.55643862571,713.918086146059,704.522958271302,723.313214020816,975.68805106628,634.070662444172,1470.73686850899
"OpenCoast_61004",11.0393499526336,3.16452234615859,3.12086540113152,3.20817929118566,0.370387902174228,0.184899391504952,1.38498415001548
"OpenCoast_61005",52.8577747662256,7.15165692587032,6.68344200306696,7.61987184867369,9.77393113202277,6.01509780276026,15.4937394256365
"OpenCoast_61006",485.054427176371,82.0348299962038,81.1579523013103,82.9117076910973,73.2844481299421,47.8134180526271,118.287369639299
"OpenCoast_61012",39599.7916474631,3036.11602561099,2995.5034892875,3076.72856193449,9644.13325782315,7048.24350420587,13392.8184460678
"OpenCoast_61013",234.300540501533,20.5587886053136,20.0578910138843,21.0596861967429,54.4665874686823,39.157186992484,77.4424387213261
"OpenCoast_61014",7442.50847379104,2316.03421195903,2301.15472207047,2330.91370184759,67.1314264335952,0,743.189875951406
"OpenCoast_61015",30230.396591816,3811.72790499242,3803.06358298445,3820.3922270004,5868.34738767298,3950.59970099173,8614.66648521627
"OpenCoast_61016",9.92899994024646,3.0898054914053,3.05939262648733,3.12021835632326,0.0895595794610232,0,0.994852229552344
"OpenCoast_61017",1280.65845862135,173.273089451468,169.45000567892,177.096173224016,236.806555583673,152.505005111028,360.095552222167
"OpenCoast_61018",690.394144149443,93.4103277034197,88.5927018241216,98.2279535827177,127.660781194673,79.7334316417094,199.730172284859
"OpenCoast_61019",337.330308418563,64.5349191467349,63.7470183510142,65.3228199424555,43.4816189119731,27.9749012067919,74.8111585176354
"OpenCoast_61020",414.400876080988,31.7721151691293,25.5671482269951,37.9770821112636,100.923189360764,60.1579958282237,165.312004484324
"OpenCoast_61021",1431.46863329007,112.469763400962,110.229034484919,114.710492317005,345.90080766485,250.638808373684,484.483061368703
"OpenCoast_61022",1567.15710436973,137.510786578154,136.88302288339,138.138550272918,364.308589812075,267.224212128342,507.974625767114
"OpenCoast_61023",50.1676306160795,6.78768042235556,6.70023666572675,6.87512417898436,9.27649657721926,6.03021299915407,13.9794191639349
"OpenCoast_61024",26764.7107200417,2915.56202028145,2907.47465011596,2923.64939044693,5654.7659993831,4121.60657694356,8091.3250500389
"OpenCoast_61025",2774.15295233408,213.849257571202,210.894039603723,216.804475538681,674.462259295693,492.402302305539,937.469310204198
"OpenCoast_61027",126.906250525261,9.97095964154949,9.65249174644502,10.289427536654,30.6656908391443,21.9478383392427,43.4576929450642
"OpenCoast_61030",10426.9425569547,1563.70346577332,1493.24969617732,1634.15723536931,1775.10781038913,1113.72713020285,2837.97212692002
"OpenCoast_61031",0,0,0,0,0,0,0
"OpenCoast_61034",4511.96273014038,863.187038685515,859.160220230101,867.213857140929,581.588547132737,377.036023071663,993.179311493473
"OpenCoast_61035",0,0,0,0,0,0,0
"OpenCoast_61038",815.682097354353,190.745370916924,188.751228321281,192.739513512568,70.4441934769131,43.2188323206567,145.524358664457
"OpenCoast_61042",3598.06656569947,863.29002393271,856.012927165228,870.567120700192,288.846871069917,195.562348916908,618.563062555712
"OpenCoast_61044",68.6830941302269,11.6160282947746,11.03252591481,12.1995306747393,10.3769852766653,6.49970531270706,17.404663762628
"OpenCoast_61046",745.420464478947,58.5673072566682,56.3429789984352,60.7916355149011,180.123779674135,128.112680859265,256.755219901568
"OpenCoast_61049",21881.3666619958,1925.5192776714,1920.47227124629,1930.56628409651,5081.11314116627,3689.82677518687,7073.30388492188
"OpenCoast_61051",425.353460589799,81.3746956703521,79.7216574714618,83.0277338692424,54.8277359451074,34.9852518517106,95.0877651228731
"OpenCoast_61054",195603.489601878,15001.7885794746,14892.4612322596,15111.1159266896,47632.4048259427,35025.8904377119,65751.5451575104
"OpenCoast_61056",0,0,0,0,0,0,0
"OpenCoast_61057",785.102615034558,118.137369831255,116.991268109023,119.283471553487,133.26033852896,86.5070298495101,206.05642971586
"OpenCoast_61060",57928.6443466464,4775.99532738858,4760.50495770326,4791.4856970739,13773.3358788511,10159.8785064871,19060.1189603459
"OpenCoast_61061",17782.2036747422,1445.93812462356,1440.44653938116,1451.42970986597,4248.10131406563,3113.46314908546,5874.28183937517
"OpenCoast_61064",3891.70316748801,305.769141073073,302.145538707022,309.392743439124,940.393130188262,687.018607491424,1306.72914464014
"OpenCoast_61066",17472.8544145662,5021.88400752217,5001.66896793072,5042.09904711363,573.098704566076,286.491485288653,2157.80133948647
"OpenCoast_61067",21227.4395639551,1878.20047925606,1864.53075329007,1891.87020522205,4919.03794351801,3609.01790984849,6883.48971185764
"OpenCoast_61070",9688.9171056299,742.849274488645,737.919972192815,747.778576784475,2359.63887190511,1736.2822875125,3255.03615776771
"OpenCoast_61071",8041.82248700508,762.566082380387,758.480127963005,766.652036797768,1812.50589618351,1297.75418497239,2551.47665352748
"OpenCoast_61072",6998.73345919949,711.446123311167,707.309982559608,715.582264062727,1529.6183176591,1081.39460941759,2173.46694321696
"OpenCoast_61074",742.333787664907,65.1363559918236,64.3988189545334,65.873893029114,172.566346156356,125.719927092647,242.236986657063
"OpenCoast_61075",35139.1784340424,3710.2482238326,3692.8983763954,3727.5980712698,7541.6681025321,5298.08907733207,10761.3097693959
"OpenCoast_61076",3112.29097842613,968.513829576428,966.66873831651,970.358920836346,28.0728646254037,0,309.389800846371
"OpenCoast_61077",10117.0736241269,1368.84006134437,1325.1903700162,1412.48975267254,1870.74808383731,1192.67133301458,2872.06249710084
"OpenCoast_61078",101.649211386172,19.4465883272971,18.8384072809561,20.054769373638,13.1025056506689,8.26709383764729,22.9677857135917
"OpenCoast_61079",113.818687033796,8.94267642587258,8.38137556469846,9.50397728704669,27.5032053492191,19.0575740219856,40.1403212400337
"OpenCoast_61083",371.210804933607,115.517090387289,113.505126074094,117.529054700484,3.34832146050114,0,37.4730319334877
"OpenCoast_61088",12142.2253560215,1003.38774217422,993.558693162008,1013.21679118642,2884.67423907744,2097.26635352268,4018.88955101148
"OpenCoast_61089",14911.5594490128,2017.53399345143,2005.59411964099,2029.47386726187,2757.29645771695,1805.03470767689,4126.59686343246
"OpenCoast_61091",0,0,0,0,0,0,0
"OpenCoast_61092",6258.20995809486,1947.49235685954,1928.04040775113,1966.94430596795,56.4490538220157,0,627.14166277239
"OpenCoast_61093",2501.49497163939,327.735042913276,326.341572611285,329.128513215267,473.268661955373,341.198900971555,701.875120081648
"OpenCoast_61095",70359.7780869507,5615.99325084093,5606.37740396766,5625.6090977142,16913.9112903816,12467.1480884649,23300.1902610496
"OpenCoast_61096",16066.2400483587,1282.33584273354,1270.88015824633,1293.79152722076,3862.23488315138,2833.92994221905,5358.85895441894
"OpenCoast_61097",5693.12214049912,704.262131858999,700.159830826343,708.364432891654,1118.73250875022,754.846064081469,1641.75993446212
"OpenCoast_61098",35001.0781388229,5875.58096220547,5862.13693722433,5889.02498718661,5332.11426862701,3464.94905738017,8508.63583792413
"OpenCoast_61099",5283.57185186322,717.238045918111,716.326066271051,718.150025565171,974.61449676701,640.923257367913,1453.03789250562
"OpenCoast_61101",3311.17544909688,455.098806946223,450.09381704888,460.103796843566,605.172683609091,398.079913876745,913.7807782826
"OpenCoast_61102",14106.3491401399,1951.56810416247,1937.09865718296,1966.03755114197,2565.42595400171,1675.46029686771,3866.2732585582
"OpenCoast_61103",1046.16248797549,176.932230778854,174.650665568974,179.213795988735,158.059459495777,102.893740529776,255.678348943928
"OpenCoast_61106",281.826672859067,64.6567639979021,62.6047891102401,66.7087388855641,25.5869549182997,15.4478188751242,52.626523789297
"OpenCoast_61107",0,0,0,0,0,0,0
"OpenCoast_61110",942.897807823026,180.386500331863,179.325902345893,181.447098317833,121.538806711148,78.6958281612771,207.802842050883
"OpenCoast_61114",50.6206131139732,7.16400335115797,6.7289899612742,7.59901674104174,9.0452231740674,5.85294090881063,14.4377033926592
"OpenCoast_61115",144.385123794116,21.6950517953455,20.5690046765044,22.8210989141866,24.5385086947684,15.2516210245333,39.5116450940232
"OpenCoast_61119",16.8924592128027,3.23170928399078,3.13305382472922,3.33036474325234,2.17742508054079,1.37491718812237,3.81411036676733
"OpenCoast_61120",0,0,0,0,0,0,0
"OpenCoast_61121",5833.70158113522,789.299823927596,781.788173307854,796.811474547337,1078.70975936771,703.609355977069,1620.18333157959
"OpenCoast_61122",2883.2951221329,897.252609056536,888.198604072688,906.306614040385,26.0073220016388,0,288.967326215775
"OpenCoast_61125",434.533506909367,33.3156839747411,32.5430651298722,34.0883028196101,105.826290272707,76.5719179526404,148.384376979479
"OpenCoast_61126",2442.20690621727,214.292358898887,212.964948867095,215.619768930679,567.726714540944,415.752001038454,792.895040625209
"OpenCoast_61128",10.9729734773455,2.09924794329802,1.91629456773135,2.2822013188647,1.41440789388277,0.840951508040903,2.61369801219769
"OpenCoast_61131",3534.4632389148,478.212876225173,467.546933913291,488.878818537054,653.557597507736,420.792240521961,994.05359769201
"OpenCoast_61132",1393.55856870008,106.844135462235,106.105535595843,107.582735328627,339.387253821217,249.660083754925,468.301318489316
"OpenCoast_61134",93.9921405045777,13.1900748996314,12.4894427071045,13.8907070921583,16.9071484113394,11.2298646621741,26.7336560885055
"OpenCoast_61135",3262.78301072767,286.294116261844,284.800155117154,287.788077406534,758.481631603265,555.989307235309,1058.27837799078
"OpenCoast_61136",149756.575050554,11692.2595581658,11630.8572529555,11753.661863376,36261.2933387722,26664.8923233052,50030.7017987474
"OpenCoast_61137",313542.774984992,24243.8310895876,24099.4033357913,24388.2588433839,76155.7008883567,56022.8649771749,105059.423185062
"OpenCoast_61138",2510.35203842372,197.23708452187,194.98137961671,199.49278942703,606.602741701791,443.348713617513,842.563530069181
"OpenCoast_61139",0,0,0,0,0,0,0
"OpenCoast_61142",178.928667451933,24.2090487062465,23.9025329843339,24.5155644281591,33.0856998985369,21.5122796859005,49.8483143372569
"OpenCoast_61144",11852.0195382173,932.537673582453,914.352982449763,950.722364715142,2862.59750275011,2073.29830492555,4008.31770417725
"OpenCoast_61146",119.652278326951,9.17374017932734,8.80658268851992,9.54089767013477,29.1401158637457,20.7213710318116,41.5309663288219
"OpenCoast_61147",3653.76161655848,284.607681181966,282.013774594873,287.201587769059,885.363326056226,649.721221382998,1226.00548642517
"OpenCoast_61148",79975.881172788,6188.17814237145,6121.97157695397,6254.38470778893,19420.898767967,14217.4656781359,26919.6849148243
"OpenCoast_61149",2327.54875110202,314.917346024103,312.360216576766,317.47447547144,430.387039566274,281.12419491909,645.531433458594
"OpenCoast_61150",142.451264171195,12.4994394822411,12.2949966178198,12.7038823466623,33.1148798180174,24.0023979242221,46.7157782392071
"OpenCoast_61152",927.3903927844,177.419764907512,176.106043569564,178.733486245461,119.539912765981,77.2828172707651,204.695069559119
"OpenCoast_61154",1164.02266182356,96.0337602709145,95.0195994863147,97.0479210555142,276.697936271607,201.055643399007,385.723632107336
"OpenCoast_61155",274.329701036144,52.4822247930014,51.0775713942796,53.8868781917232,35.3608887757823,22.4150093698476,61.7141113928153
"OpenCoast_61156",3152.04949136413,241.667634502888,237.718338196439,245.616930809337,767.650133126821,559.337266344562,1069.15605175829
"OpenCoast_61158",59.4700492316909,18.5064846204099,18.3951752037658,18.617794037054,0.536419844069852,0,5.93610824369837
"OpenCoast_61160",29135.1035331943,2535.92157483483,2523.26508019998,2548.57806946967,6793.42992752932,4958.93726671471,9468.43747760847
"OpenCoast_61165",27169.4025708398,2083.07809510628,2045.72185336107,2120.4343368515,6616.83630210231,4813.46318437898,9230.12593688301
"OpenCoast_61166",2675.40524980506,205.123320502554,200.436025950616,209.810615054491,651.568194537523,471.614178707331,913.293265531315
"OpenCoast_61168",257.105657617591,49.1870798811575,48.7001702825145,49.6739894798005,33.1407227445714,21.3717047110426,56.8892877626896
"OpenCoast_61169",4186.68977410957,587.525205890342,580.622814393661,594.427597387022,753.094726677282,522.066178477475,1144.01828881932
"OpenCoast_61173",0,0,0,0,0,0,0
"OpenCoast_61179",261.968582376503,29.6774926863875,29.2415626114629,30.1134227613121,54.2074670763925,38.5408793811872,78.9803745286193
"OpenCoast_61180",79.5186772979807,6.25666892420315,5.99720902428006,6.51612882412624,19.2060067333832,13.598690596503,27.4724940716743
"OpenCoast_61181",15563.0849987035,1210.59485828519,1203.48071726036,1217.70899931003,3772.86058914964,2773.81056336191,5207.07178833231
"OpenCoast_61184",20544.8054570229,1581.2535432993,1576.37479332456,1586.13229327404,4997.39861209401,3688.78311602375,6871.67650528065
"OpenCoast_61185",2082.70063983609,292.268877860169,287.063431649895,297.474324070442,374.632694021746,258.112676641193,572.510544070815
"OpenCoast_61188",143.314615833043,20.2823775718834,19.0445060754965,21.5202490682703,25.6083955640153,16.5650965953082,40.8872599669048
"OpenCoast_61191",3178.76051559406,360.1105182061,357.704076390964,362.516960021237,657.760386492273,471.460087325799,950.796111833496
"OpenCoast_61193",11328.9733833399,1589.81385741402,1580.27225990199,1599.35545492605,2037.83670966524,1420.89955687074,3078.0735934894
"OpenCoast_61195",399.423678613617,76.4140492606941,75.3099346894113,77.5181638319768,51.4854068681722,33.0492003755454,88.7779132551034
"OpenCoast_61196",2555.64782733696,215.566325629617,211.743515774532,219.389135484702,602.777665161952,433.586113175508,848.074622317505
"OpenCoast_61197",42382.3712215177,5514.62294203883,5503.19288358211,5526.05300049554,8056.63614680336,5404.37818317806,11904.1485080601
"OpenCoast_61198",138950.219617834,10653.3133380994,10570.707837624,10735.9188385747,33839.9364857274,24872.253735586,46732.823179678
"OpenCoast_61199",3460.02733139961,661.940473490758,659.228240720104,664.652706261412,445.994878296713,289.297372393556,761.195536431228
"OpenCoast_61200",7446.72863008686,653.41599033183,647.071641779974,659.760338883686,1731.10098430829,1263.21881284394,2426.12587563927
"OpenCoast_61202",13494.1717267112,1467.30336508821,1454.9483992407,1479.65833093571,2853.66536352199,1984.78915321131,4105.11687643018
"OpenCoast_61203",2045.98995670319,396.57212227249,393.549782818278,399.594461726703,258.574321763437,183.299617976231,446.499724055401
"OpenCoast_61204",5607.38083625416,786.893168129817,780.576229443502,793.210106816132,1008.64624944713,701.854007478998,1526.58939972324
"OpenCoast_61205",15413.9913916164,3542.89555674897,3528.2978222578,3557.49329124015,1392.81862676051,864.428176381096,2794.62806149313
"OpenCoast_61207",15633.4163419397,1559.97841511693,1555.55745019415,1564.39938003972,3445.99783173559,2469.54624660716,4869.89422053865
"OpenCoast_61208",921.545990277808,72.4054003554598,70.4186220262754,74.3921786846441,222.682841191397,160.117881776397,314.197504892768
"OpenCoast_61209",9308.00933259332,2896.55942420972,2879.49017020492,2913.62867821451,83.9582441799918,0,928.983056822017
"OpenCoast_61210",113.455224605779,8.69861207052509,8.54957714849836,8.84764699255181,27.6308854004914,20.1166521141138,38.5132869087549
"OpenCoast_61212",3952.065520462,1042.61911520565,1034.84979093896,1050.38843947233,222.87178510149,128.650852247266,583.665245143552
"OpenCoast_61213",12.2001646144563,1.65068227233594,1.58848204844824,1.71288249622364,2.25593243885912,1.42963384360341,3.48286107565473
"OpenCoast_61216",48.2384790225933,6.52666621175688,6.38515272935205,6.66817969416171,8.91977715606773,5.74663745641685,13.5586320447955
"OpenCoast_61218",1546.17794828781,121.482416013566,118.062921931734,124.901910095398,373.619224807673,268.451503765405,527.526807282704
"OpenCoast_61221",1260.20952483649,99.0140222410852,95.2723682286788,102.755676253492,304.517669706807,216.630336601941,433.991552112996
"OpenCoast_61223",1876.91298162217,143.902918300972,141.9291446761,145.876691925843,457.103387544263,333.950928649647,634.992658971318
"OpenCoast_61224",2207.22963915704,298.638170177948,296.774110998766,300.502229357129,408.138832576528,267.096699898889,611.021199692829
"OpenCoast_61225",29440.8302871197,9161.69197704879,9142.60119053673,9180.78276356086,265.55628918982,0,2927.20609852665
"OpenCoast_61226",13881.2508649769,1876.43426380681,1868.46667691299,1884.40185070063,2568.48107566743,1684.83436108649,3836.79254643087
"OpenCoast_61227",242.43195709853,75.4424007294914,69.0985909437416,81.7862105152413,2.18673625302874,0,26.0767627729755
"OpenCoast_61233",2301.35598283093,320.249734673605,313.691811715746,326.807657631465,416.667464588686,275.102147343937,637.032866566715
"OpenCoast_61234",10998.7039728111,1491.53765252214,1478.37286642385,1504.70243862043,2030.35734661172,1325.14899276935,3049.11746641122
"OpenCoast_61235",36265.5273039726,2819.91998602297,2810.64747586526,2829.19249618068,8792.66451198209,6481.47630306246,12103.4835222657
"OpenCoast_61236",2038.01356975322,634.209442771504,630.90221427562,637.516671267388,18.382882399174,0,203.266185041776
"OpenCoast_61240",26297.1351370881,5908.76871357039,5882.03937319024,5935.49805395053,2511.8369286766,1567.62488470741,4905.93140886887
"OpenCoast_61241",4903.70433491677,1525.98375198275,1522.21556045923,1529.75194350627,44.2314131009493,0,487.746996480261
"OpenCoast_61246",1020.19861567549,144.38201854826,143.602242937216,145.161794159303,182.29578017719,124.906627461373,275.799225010123
"OpenCoast_61250",372.560894224525,29.0426118310142,22.8347785579503,35.2504451040781,90.2551121086211,52.4677915168908,150.335095517673
"OpenCoast_61251",23.930860087316,3.35825777846738,3.20324883760875,3.51326671932602,4.30464293009208,2.88019664041137,6.76153226747371
"OpenCoast_61252",26539.8875979415,2735.99801819278,2719.48265233838,2752.51338404717,5762.33938954407,4061.94278617717,8205.47092769314
"OpenCoast_61253",29272.0493845759,2274.26877612514,2261.35362934762,2287.18392290265,7098.9341573099,5220.87923374158,9794.58052064461
"OpenCoast_61259",4273.13864692505,578.155658928959,572.103288379177,584.208029478741,790.14606720291,514.892959541259,1187.88965994011
"OpenCoast_61261",4644.36598643193,1445.28025131775,1433.19124420815,1457.36925842735,41.8921811976161,0,464.668459208721
"OpenCoast_61262",4462.99228555635,395.828947276704,391.902267365775,399.755627187632,1033.2658124813,744.017764827818,1450.07133345647
"OpenCoast_61264",531.343336216817,74.5643025522809,71.8120131816894,77.3165919228725,95.577147137706,64.5696696050254,148.801293173064
"OpenCoast_61265",0,0,0,0,0,0,0
"OpenCoast_61267",6932.96565842507,2157.4695832453,2140.43820288419,2174.5009636064,62.5353502389941,0,693.319147816533
"OpenCoast_61274",8788.50956287388,1028.13426296249,1024.17836734732,1032.09015857767,1786.03438416535,1226.39094734291,2588.68009175361
"OpenCoast_61275",13060.387037802,1647.079109632,1632.64251608727,1661.51570317672,2534.98742374259,1695.36338518635,3745.57895684283
"OpenCoast_61276",342.058439540251,48.0016351725409,46.5532049937964,49.4500653512853,61.5288977526428,41.858248116499,95.1701761389587
"OpenCoast_61278",1759.72517090355,190.413933447425,189.397744742773,191.430122152078,373.067663527601,260.560612518816,534.632922263983
"OpenCoast_61279",356.802230522963,28.073824963586,26.2717612795898,29.8758886475823,86.1778172721721,59.5713025208785,125.959015837408
"OpenCoast_61280",103244.252515158,8106.13899924806,8083.40453695713,8128.87346153899,24953.7030986308,18383.1586181232,34362.4379737022
"OpenCoast_61281",6713.34761009196,1208.73103160117,1203.97326332162,1213.48879988073,940.950006626374,638.672218802004,1552.58122093506
"OpenCoast_61286",1117.08646477744,87.8943212753668,86.1613835639003,89.6272589868334,269.807935611016,195.37121212692,377.87533175518
"OpenCoast_61287",2089.40841431584,650.203004450945,646.306526506125,654.099482395765,18.8464638971288,0,208.553458155171
"OpenCoast_61288",6138.59282988038,761.867467037776,753.987185322433,769.747748753119,1203.77134301822,807.738528950739,1775.65061438055
"OpenCoast_61289",2289.08598584688,176.209220412686,175.157273335673,177.261167489698,556.779003115343,409.785056065282,767.811093597575
"OpenCoast_61292",758.648230260278,106.462380002065,104.481697005794,108.443062998336,136.464369809578,93.9445693907477,208.706405811283
"OpenCoast_61293",474.790947724259,45.8990354220529,45.5165173188647,46.281553525241,106.133773948732,75.5208011899205,150.201334917374
"OpenCoast_61294",179786.268783535,15492.5226754371,15402.6645110792,15582.380839795,42076.8384517387,30546.9246268251,58631.6683110134
"OpenCoast_61295",2168.83701020408,293.443647480612,285.076295928755,301.810999032468,401.039651556836,256.568666335879,613.682364699352
"OpenCoast_61296",578837.063455967,44393.1462239275,44261.6641370756,44524.6283107795,140956.269865308,104099.264197236,193739.489441071
"OpenCoast_61299",34644.4943585004,3186.61417648408,3161.43185862241,3211.79649434575,7906.89936205135,5674.2478880489,11119.0121554005
"OpenCoast_61300",30451.255417417,4120.05485797652,4085.74905924714,4154.36065670589,5630.74163923457,3677.17415332243,8447.20000196865
"OpenCoast_61301",11957.5606512487,1344.08900380795,1337.13245823695,1351.04554937895,2484.84149232839,1720.88804608622,3581.85647396831
"OpenCoast_61302",6513.29582366759,545.997160349426,542.152569216113,549.841751482739,1539.62529534717,1126.3839595591,2142.10253986301
"OpenCoast_61303",17548.69702146,2453.5203569629,2439.16960876481,2467.87110516099,3165.74791627882,2069.90855408715,4776.41539355344
"OpenCoast_61305",8195.02785737837,678.906579787026,673.861373672045,683.951785902006,1945.2232904241,1417.17880118467,2704.36368329023
"OpenCoast_61306",14958.2183547083,1174.36787267732,1153.18654038023,1195.54920497441,3615.40322668381,2622.9587734668,5054.17850248827
"OpenCoast_61307",410.846414479231,37.5190502868469,37.2513376416327,37.786762932061,94.0380800935476,67.6113378819516,132.03184937541
"OpenCoast_61308",6834.38448745474,597.540741617911,594.996329671791,600.085153564031,1590.89751510997,1154.43770009348,2216.75823882085
"OpenCoast_61309",12374.0176426774,1037.71546645269,1025.95482253988,1049.47611036551,2924.56872290905,2130.18432211385,4086.4992606915
"OpenCoast_61310",2176.36569441067,167.485894809819,165.459371030467,169.51241858917,529.408164197421,387.249455804862,734.497276977435
"OpenCoast_61311",272.883231226066,22.3269939265896,21.4502940537062,23.2036937994729,65.0529455443089,46.2121436933217,93.187910581568
"OpenCoast_61312",1403.67910354795,436.810900233087,432.844935421368,440.776865044806,12.6611855140025,0,140.537551173706
"OpenCoast_61314",642.777114861888,53.1684947288471,52.2558116428303,54.0811778148638,152.655165221078,110.275293033859,214.249369507959
"OpenCoast_61315",18275.8055363118,2348.26318045151,2343.57249894496,2352.95386195807,3503.8325103309,2545.36495834709,5162.60196588574
"OpenCoast_61316",3173.9534366,445.406215157505,440.723231533542,450.089198781467,570.92541477618,396.275667350821,866.228750598845
"OpenCoast_61319",29916.0938714153,2459.95146786889,2455.01674801294,2464.88618772483,7119.48095069702,5220.08612096761,9837.60757894662
"OpenCoast_61320",0.523541308308597,0.0461857561757512,0.040870415906904,0.0515010964445984,0.121457406157745,0.0782272774273538,0.18809365754973
"OpenCoast_61323",5632.60317037129,498.713260875782,494.145162373823,503.281359377741,1304.90260030881,940.565033032174,1829.5697331379
"OpenCoast_61324",0,0,0,0,0,0,0
"OpenCoast_61325",2257.34377265683,319.467058125479,316.627358707636,322.306757543322,403.356991316963,275.40555585517,612.364668408701
"OpenCoast_61326",1341.63468752707,103.671730213641,100.022729241793,107.320731185489,325.933113079403,232.731841565015,462.680099637158
"OpenCoast_61328",1113.79765382796,150.696822562923,147.69688676878,153.696758357066,205.952324169328,132.927198091902,312.516741992702
"OpenCoast_61332",1722.23588337293,155.944179243527,152.577160104137,159.311198382917,395.532972971319,280.598842663749,562.77277077782
"OpenCoast_61333",2251.57404340751,304.637968073037,299.960570544111,309.315365601963,416.338556366483,269.964513489699,628.941243390658
"OpenCoast_61334",2674.99076542311,209.217805282508,208.073450238232,210.362160326784,647.340987713627,476.403943255431,893.485652535757
"OpenCoast_61335",489.854328768666,68.7420804727037,67.9008330272669,69.5833279181406,88.1141741423108,61.0529375270952,133.918075279798
"OpenCoast_61336",30027.1733278329,2449.10217950979,2435.66618378434,2462.53817523524,7165.89899179558,5241.07166375744,9928.52160192177
"OpenCoast_61337",12865.3069462547,1030.27029174557,1028.59655104948,1031.94403244166,3089.32964551465,2273.31500820785,4256.68437496529
"OpenCoast_61338",30591.6538638973,2345.462101745,2339.76793063099,2351.15627285902,7450.29138201354,5505.33630736704,10234.4449524451
"OpenCoast_61339",5263.24274614618,738.599692101156,734.057727012148,743.141657190163,946.743267642313,660.026962122207,1430.2290989621
"OpenCoast_61340",37656.4682473525,3067.80486285199,3057.9019644469,3077.70776125709,8990.17283463274,6591.19808690988,12426.7709147722
"OpenCoast_61343",15024.428410568,1582.91884963411,1575.75085126769,1590.08684800053,3228.05337171388,2363.63133182979,4604.01136999961
"OpenCoast_61344",109.387804093775,14.8001698938877,10.4393721521129,19.1609676356625,20.2268988549798,9.39543493690156,38.9606341925138
"OpenCoast_61345",1822.28537724622,257.896096990466,251.120021156027,264.672172824905,325.617903657547,218.426636583536,502.862206750811
"OpenCoast_61349",863.954508347869,67.5720710654038,66.2353666691868,68.9087754616208,209.074802052667,151.652168155243,292.680975100858
"OpenCoast_61351",6595.4709607762,755.802251669825,751.802253065234,759.802250274416,1356.13350468032,957.648320868219,1961.37067199069
"OpenCoast_61354",12247.8455281928,972.562960583842,963.11185605028,982.014065117403,2949.31965599876,2154.84499873267,4093.47173317153
"OpenCoast_61356",45628.5639552503,4987.98350449023,4971.10769511178,5004.85931386869,9622.73895962048,6764.62046346554,13784.9165799835
"OpenCoast_61357",12305.5362561628,1369.42259167522,1364.56811866356,1374.27706468689,2570.93317291066,1848.460500218,3693.9409576494
"OpenCoast_61359",161984.472543943,15098.1693664462,15076.9779028162,15119.3608300762,36770.8785868498,26563.0643654691,51453.996501812
"OpenCoast_61360",63120.2734735246,10940.0238201006,10919.1475553746,10960.9000848266,9271.71894885673,6544.53277207672,14993.7248483979
"OpenCoast_61363",12448.6504675446,1113.19993383314,1109.41315724853,1116.98671041775,2872.9824323793,2116.388104681,4009.44340557857
"OpenCoast_61366",142.445972786011,12.498975187668,10.8357765056865,14.1621738696494,33.1136497581407,21.1536958969529,52.0783297440926
"OpenCoast_61372",1160.49454000391,89.7134757916756,88.7573171052312,90.66963447812,281.888480862976,206.391456005789,390.685066600471
"OpenCoast_61377",11686.6881232909,1581.20890308126,1575.9194379128,1586.49836824972,2160.98550087772,1418.32749412152,3225.8800154411
"OpenCoast_61378",41498.6624586574,4409.38050416134,4385.56541533155,4433.19559299113,8878.90620172534,6224.87748477572,12690.2575103633
"OpenCoast_61379",51.4957319218051,7.11450723493061,6.58153270880227,7.64748176105895,9.37494108375061,5.70664678984067,15.0701363145292
"OpenCoast_61381",3499.32305974204,269.176853800317,267.581003537814,270.772704062819,851.341383159683,626.656750962003,1173.89891896651
"OpenCoast_61382",26416.5962930977,2675.78085875108,2665.08778550294,2686.47393199923,5783.07744026175,4098.68847248509,8198.48717279406
"OpenCoast_61385",582.09197540479,78.7570442722681,77.7258575769707,79.7882309675655,107.6346271721,69.9532718192736,162.23606963405
"OpenCoast_61387",0,0,0,0,0,0,0
"OpenCoast_61388",4994.46375614573,1554.22717627499,1529.64612366772,1578.80822888226,45.0500630804345,0,503.388130947967
"OpenCoast_61391",699.841247466288,89.9585345677923,89.1147291103601,90.8023400252245,134.137631283388,89.1059327514933,199.113629396744
"OpenCoast_61392",8019.57893211002,2465.07526381531,2454.9539936275,2475.19653400313,102.874106035636,21.0545454115785,829.632557446236
"OpenCoast_61393",1872.68381145501,262.796863693255,258.006258514894,267.587468871615,336.855219572754,231.985960708079,514.991160561284
"OpenCoast_61395",0,0,0,0,0,0,0
"OpenCoast_61397",2463.11006520866,333.258791822732,324.006527467222,342.511056178242,455.453682157734,291.6058747205,696.439147562425
"OpenCoast_61398",2863.32675223011,223.948039990157,221.236121984878,226.659957995436,692.917819341448,506.541131429603,962.7084080078
"OpenCoast_61401",23639.6683727583,7152.44025917456,7097.82372345592,7207.0567948932,417.21795046639,140.144174293526,2568.98432105711
"OpenCoast_61402",365.36637048032,28.0764470307348,9.3201673296647,46.8327267318049,88.9175184607683,21.858785822248,203.290372278411
"OpenCoast_61403",145.382997495707,12.7566855199018,11.9446838434216,13.568687196382,33.7964041081985,23.318514319337,49.8959109322897
"OpenCoast_61406",4499.37308959908,345.51761835944,343.946439454025,347.088797264856,1095.22663866108,807.447726455724,1507.89593621377
"OpenCoast_61407",478.704250659402,36.7826579033333,36.4018247018888,37.1634911047778,116.503230200314,85.3845568859197,161.335642018129
"OpenCoast_61408",1195.47678446031,93.5012682450936,91.1956144920278,95.8069219981595,289.302352906941,208.801028203555,406.927320417278
"OpenCoast_61410",95.2839765878539,8.36072818248799,8.26809922793166,8.45335713704432,22.1501539607087,16.1410542771633,31.0853915846233
"OpenCoast_61411",27744.6815369626,2249.45640810956,2239.85049249629,2259.06232372283,6634.66806684125,4862.09777654691,9176.25734185694
"OpenCoast_61412",3003.35486678219,406.353913475631,402.381945725589,410.325881225673,555.350348416695,362.14375115303,834.329291825535
"OpenCoast_61413",527.710208807587,164.218139878833,162.389374152269,166.046905605397,4.75994608344444,0,52.9424916423006
"OpenCoast_61414",0,0,0,0,0,0,0
"OpenCoast_61416",3039.38928171411,266.692349912046,261.67594571511,271.708754108981,706.55049198563,510.846027167509,999.150146092253
"OpenCoast_61418",1042.69358930179,81.5517074509812,79.8877834982,83.2156314037624,252.329206779346,182.910674249422,353.447467027648
"OpenCoast_61419",1070.87411226629,83.19710815315,82.2807512111983,84.1134650951016,259.707491335639,189.976737696897,360.224730917128
"OpenCoast_61420",32919.5297230475,3697.99435129695,3683.65084385144,3712.33785874246,6843.16826132008,4746.14846284208,9850.56988100111
"OpenCoast_61422",1196.95720422378,161.948309731478,154.683216272247,169.213403190709,221.32935663302,139.214894645022,344.067253154442
"OpenCoast_61423",51227.2404221988,3994.90623507489,3968.30923118903,4021.50323896076,12408.5684205174,9113.0019169116,17142.6417447892
"OpenCoast_61424",6121.66890180892,828.261802414747,823.959393820266,832.564211009229,1131.95779663349,741.563454438239,1692.88056238543
"OpenCoast_61425",0,0,0,0,0,0,0
"OpenCoast_61427",147182.210022925,45801.6319370341,45569.475535868,46033.7883382002,1327.58353440679,0,14677.4397600059
"OpenCoast_61428",1577.62215883545,490.940239608004,486.312795299225,495.567683916782,14.2301518726958,0,158.007087625641
"OpenCoast_61430",37005.907641534,3103.44579687371,3088.20381433899,3118.68777940843,8746.2158890219,6378.18304293784,12143.4977517543
"OpenCoast_61434",368.544031568436,114.687217183782,112.869758808098,116.504675559465,3.3242671647473,0,37.1464182943222
"OpenCoast_61435",79.3373401507244,6.44093479812201,6.27210478271277,6.60976481353126,18.9636748915414,13.5885442198291,26.8045588126476
"OpenCoast_61436",18286.964978138,1432.47638485092,1423.68224698973,1441.27052271211,4423.19267079864,3248.48767364967,6109.95777628898
"OpenCoast_61439",55.0947842269933,4.83431245934624,4.28535421695234,5.38327070174014,12.8075883979793,8.36590528316652,19.7958130783686
"OpenCoast_61440",718.306842861781,63.0281027288067,55.884560856702,70.1716446009113,166.980931423964,109.098319356904,258.041038038887
"OpenCoast_61441",0,0,0,0,0,0,0
"OpenCoast_61444",5423.49177103377,475.88631500665,470.247799558573,481.524830454728,1260.76998499607,918.021790395267,1770.70336314197
"OpenCoast_61445",0,0,0,0,0,0,0
"OpenCoast_61446",18671.6969773561,1520.44239280182,1513.8817464011,1527.00303920253,4458.42169631739,3265.33988144497,6169.1138678914
"OpenCoast_61449",177.434028992852,24.0068241227328,22.9411795739143,25.0724686715514,32.8093263010682,20.6470616165229,50.9806862988211
"OpenCoast_61450",7907.944314228,2460.87319114461,2448.88924005595,2472.85714223327,71.3296577143366,0,788.447204770029
"OpenCoast_61451",0,0,0,0,0,0,0
"OpenCoast_61452",0,0,0,0,0,0,0
"OpenCoast_61453",1020.44247650504,79.2264202168141,78.6816679865257,79.7711724471025,247.529465184865,181.839760326456,341.908246091775
"OpenCoast_61454",364.32440998006,49.2930926703021,47.6919406903613,50.8942446502429,67.3672266494129,42.9227466213252,103.484964122161
"OpenCoast_61457",31621.0501255601,2952.85156662708,2945.97245108444,2959.73068216973,7172.52489407851,5226.30168498085,10048.0977759704
"OpenCoast_61459",866.772276345134,66.4554304273814,65.7915780166951,67.1192828380677,211.093720181094,154.803712980459,292.166290001001
"OpenCoast_61461",0,0,0,0,0,0,0
"OpenCoast_61464",426.167209434568,37.3942012704164,37.0849777242926,37.7034248165402,99.0688008626266,72.3976118105857,138.646185829238
"OpenCoast_61465",126665.497679507,15303.9467342974,15245.793701264,15362.0997673308,25255.6122776576,17193.0516468856,36820.2226522951
"OpenCoast_61466",0,0,0,0,0,0,0
"OpenCoast_61467",3740.61835209302,506.105663038185,497.490571922734,514.720754153636,691.677739485519,447.741514730461,1046.59886677906
"OpenCoast_61468",107.434577244932,12.6186735881295,11.9096636642784,13.3276835119806,21.7829523914701,14.2529478291269,33.2419669347938
"OpenCoast_61470",57.2806973374849,7.75007834976171,7.55484795253082,7.94530874699259,10.5917737446743,6.79936315727773,16.1554611188849
"OpenCoast_61473",6.93395397757296,0.938163973165622,0.87824165013742,0.998086296193824,1.28215742999302,0.790417485123678,2.02944213559411
"OpenCoast_61474",511.21923404872,40.3107623855423,39.6847166299773,40.9368081411073,123.386748549198,89.8331154580572,172.131121115917
"OpenCoast_61476",625.378300087992,49.3124561379842,49.0350521613006,49.5898601146679,150.939929333192,110.999192544833,208.515480447235
"OpenCoast_61477",0,0,0,0,0,0,0
"OpenCoast_61478",271.577999961254,25.1094609162095,22.0419129057863,28.1770089266327,61.8525304513837,39.2436072399078,96.8978496812454
"OpenCoast_61480",581.681430751774,51.8547573605358,51.2673008734672,52.4422138476045,134.40545358049,96.5715043967697,188.990182359759
"OpenCoast_61483",110.547533235632,8.95508664388993,8.85349047044526,9.05668281733461,26.4433389734918,19.2425542631214,36.8278544525304
"OpenCoast_61485",89.096761486244,7.02547584751288,6.81664803359912,7.23430366142663,21.5041981479973,15.4306438810925,30.4188053802835
"OpenCoast_61486",131.932517998476,41.0560802759458,39.9870914650375,42.125069086854,1.19003131234625,0,13.4311814479824
"OpenCoast_61487",56.5508373743398,6.64214982049322,6.04320448891782,7.24109515206863,11.4659938151441,7.23223432074227,18.060771431163
"OpenCoast_61490",329.794084427287,28.2135660942901,27.6146369185324,28.8124952700478,77.3897976801714,55.3657801751074,109.411577117957
"OpenCoast_61491",18748.8498541962,1639.45070796702,1635.20295062415,1643.69846530989,4364.11850384514,3172.07604028233,6070.95373214319
"OpenCoast_61494",22449.5700563365,1800.64317213175,1781.13604765894,1820.15029660456,5387.93365560776,3927.45405536705,7493.19177290834
"OpenCoast_61498",1085.2173737826,85.5717797328484,84.9867521147379,86.1568073509589,261.925675526078,192.381988923198,362.272207202119
"OpenCoast_61500",196847.195349995,15628.0113487272,15513.2736059796,15742.7490914749,47404.4290742947,34724.0420171264,65638.4381589235
"OpenCoast_61501",5233.7057702957,409.524352498839,405.820913876533,413.227791121145,1266.36057220755,927.440755307993,1754.16201967768
"OpenCoast_61502",5956.54254765984,457.101359441979,453.705975901685,460.496742982273,1450.24312974418,1066.26284295781,2002.28674100291
"OpenCoast_61503",5160.72656788914,528.792057646613,526.437400674825,531.146714618401,1123.72419665717,794.323061254347,1596.29837498452
"OpenCoast_61504",31941.3581825483,4223.3398453102,4189.50390311469,4257.17578750572,6004.60245832358,4297.52462232758,8956.90223396178
"OpenCoast_61505",38083.1670360473,3138.46279633452,3104.09755872463,3172.82803394441,9056.14812027819,6578.74415701911,12628.0252706071
"OpenCoast_61507",38.2090278175678,4.48782191463776,4.02164033563859,4.95400349363693,7.74709088282562,4.81291760264351,12.3562973402164
"OpenCoast_61508",0,0,0,0,0,0,0
"OpenCoast_61509",1253.137204022,169.549463704177,150.418776525426,188.680150882928,231.717600395708,135.376898872884,383.649640128619
"OpenCoast_61510",30682.7975198173,2432.99427988358,2418.28277198901,2447.70578777815,7391.94431393713,5421.65012858402,10220.9639680147
"OpenCoast_61511",75372.6336122603,6016.59266620461,6008.96524474686,6024.22008766236,18118.4783427773,13369.366523868,24948.6780636335
"OpenCoast_61513",1031.85213629502,98.3818025561179,95.172082345932,101.591522766304,232.027570006909,161.432059138644,335.707086780767
"OpenCoast_61514",1170.79998406597,158.409237844126,153.830471424601,162.988004263651,216.492625053639,138.447424282141,331.408942002758
"OpenCoast_61515",1219.53054336621,94.8567626707839,94.1271006997959,95.586424641772,295.649112620511,216.966059298987,408.771134913395
"OpenCoast_61516",25098.9415319799,3631.96464008186,3626.69165972914,3637.23762043458,4404.96742787341,3038.99495984627,6678.57402415859
"OpenCoast_61517",842.415617043584,98.9454975261903,97.0663989130363,100.824596139344,170.804407207336,116.164684299047,251.477151904543
"OpenCoast_61518",72814.9349320336,5740.90380929091,5713.00117127508,5768.80644730673,17575.1665052956,12914.5560526693,24260.4167352027
"OpenCoast_61519",27902.9256255714,8683.11142542157,8632.34850873456,8733.87434210857,251.684389142654,0,2784.71355835346
"OpenCoast_61521",1171.84321266197,90.3678992722889,87.1724935971415,93.5633049474364,284.868015854199,203.421202714719,404.378753775385
"OpenCoast_61522",7841.856574419,2440.30734739345,2413.07198542489,2467.54270936201,70.7335463012594,0,786.752747912524
"OpenCoast_61523",10707.5689056836,943.286726046119,931.929637965906,954.643814126333,2485.38391324282,1799.31103031534,3492.75884864101
"OpenCoast_61524",158.593191167034,25.5666500051394,24.4808956209945,26.6524043892843,25.2164757384566,15.767883823991,41.1999684827081
"OpenCoast_61525",509.796722352775,40.065434084254,39.5465971974314,40.5842709710767,123.176574380328,89.8097384204378,171.350819561298
"OpenCoast_61526",25254.6786665117,7859.00345423176,7832.42982526492,7885.5770831986,227.797201571935,0,2514.24196855608
"OpenCoast_61527",20.6379997725605,2.19385293535252,2.10114678922585,2.28655908147918,4.41464097181909,2.98007186098546,6.54140288886501
"OpenCoast_61528",1010.63826787013,79.0445795445055,77.3902193483268,80.6989397406842,244.57190021019,177.192263716167,342.75814966504
"OpenCoast_61529",821.704814380253,72.1007964328683,71.4023230251375,72.799269840599,191.017302179832,139.392227849762,267.703561245837
"OpenCoast_61530",342.004768013235,30.1290200187389,29.6835584289308,30.574481608547,79.384326746779,57.3111444515932,111.862968785479
"OpenCoast_61531",485353.097982565,95502.6305703755,95278.2044878702,95727.0566528807,59912.2849346216,42424.6227394211,103934.803001867
"OpenCoast_61533",10920.8609297249,887.358750065643,882.810777657368,891.906722473917,2609.61012824156,1910.22606589973,3613.09552544715
"OpenCoast_61534",2065.02902493487,181.919396015941,181.238868898786,182.599923133096,479.323548058455,349.924589417759,668.079013184585
"OpenCoast_61536",170.982114090842,23.9942071672013,23.4997256325359,24.4886887018667,30.7559755858273,21.1297449085926,47.130227242626
"OpenCoast_61537",375.35873450281,29.5978628113171,28.5664588425738,30.6292667800603,90.5957575638276,64.6650452203126,128.789963585756
"OpenCoast_61538",7099.39086892598,587.211667045776,581.240636051586,593.182698039966,1686.08428309301,1225.24194706401,2350.10571738625
"OpenCoast_61540",9384.91487831425,1420.03879625985,1412.30792928042,1427.76966323928,1585.10479692516,1129.69190330001,2444.86218163942
"OpenCoast_61541",2951.38366627616,414.172625570063,411.594860266908,416.750390873217,530.889938208226,370.084933718824,802.065838005067
"OpenCoast_61542",12412.4027702686,1093.47461358083,1090.00230591239,1096.94692124928,2881.10087748688,2104.50777848215,4013.40375225633
"OpenCoast_61543",3442.82271130615,271.474152394243,268.37073010633,274.577574682156,830.952107993098,607.502858291643,1154.54398888194
"OpenCoast_61544",23227.1595131602,4171.60821069722,4157.6734063276,4185.54301506683,3265.96053701182,2289.63206954528,5378.95833172911
"OpenCoast_61545",7130.54216232188,610.335730814328,608.370725298604,612.300736330051,1672.93517498276,1218.77615981831,2323.5669068621
"OpenCoast_61548",14769.1802965086,1998.27009411761,1988.73960037477,2007.80058786045,2730.9691286274,1789.86564033729,4082.52786198291
"OpenCoast_61549",22427.6245134665,2998.62257659485,2988.622159789,3008.6229934007,4182.92706886226,2981.81655829445,6226.5954942322
"OpenCoast_61554",60773.1226323163,8222.6034921524,8201.73545048113,8243.47153382367,11237.5581059416,7381.56190543301,16761.7254521081
"OpenCoast_61556",9887.05339365901,819.521106059777,810.805282488396,828.236929631157,2346.41226112377,1703.8282563124,3272.66385044549
"OpenCoast_61557",26168.8731772637,2729.33046672673,2716.95150829579,2741.70942515768,5650.20441336488,4018.73962846232,8046.96925213474
"OpenCoast_61559",685.740751026217,77.6851404802799,75.6947160487909,79.6755649117689,141.895905405825,99.7669296881573,208.970132933392
"OpenCoast_61564",1091.48878266899,339.660394278763,332.674097492892,346.646691064635,9.8452288196743,0,110.525031933652
"OpenCoast_61565",66.0223493986867,15.1468681809,14.2929128204854,16.0008235413146,5.99414832005345,3.52679613791215,12.6230496155814
"OpenCoast_61566",0,0,0,0,0,0,0
"OpenCoast_61567",70349.8079014629,6931.00266940285,6909.50475079943,6952.50058800628,15595.7093187246,11465.9832747332,22009.317291203
"OpenCoast_61568",224.165395229104,25.4021651232788,23.829456580494,26.9748736660635,46.3778360830328,30.6694286448803,70.7207679607195
"OpenCoast_61569",0,0,0,0,0,0,0
"OpenCoast_61570",2581.91733713848,349.333415714837,345.202225580535,353.464605849139,477.422334810277,310.682003022482,718.711365226582
"OpenCoast_61575",4.66963802461344,0.366891087644241,0.358380603417324,0.375401571871159,1.12837370421723,0.814885912813193,1.58551932878245
"OpenCoast_61577",148690.357528602,11613.8804218025,11536.9245589783,11690.8362846266,35998.2589624313,26433.6270112535,49737.5304751393
"OpenCoast_61578",14395.3290436639,1947.68801960773,1938.33746269893,1957.03857651654,2661.8402934639,1744.50371642903,3979.31177225029
"OpenCoast_61579",149623.29963433,17596.6778215559,17550.8654295869,17642.4902135249,30314.1989543528,21748.6012215064,43924.2790995667
"OpenCoast_61580",587905.317855142,45595.7338386456,45518.9062248685,45672.5614524227,142657.427991749,105378.134142068,196016.214253563
"OpenCoast_61581",365205.449061371,28905.9618381334,28824.7911486315,28987.1325276352,88036.4750058081,64972.4222066732,121317.724257194
"OpenCoast_61582",166.462251807046,47.7178020350377,47.1466274213016,48.2889766487739,5.58507561609648,2.79325815158473,20.8465491510304
"OpenCoast_61585",10741.8186088453,1664.61942758626,1661.28375762573,1667.95509754679,1775.0183091521,1227.9641012718,2749.42880928997
"OpenCoast_61587",168.983411198999,32.3283455613346,31.1281161715928,33.5285749510764,21.781832538697,13.6603404704967,38.3987025934433
"OpenCoast_61589",0,0,0,0,0,0,0
"OpenCoast_61590",0,0,0,0,0,0,0
"OpenCoast_61591",912.432683013166,71.689372432795,69.4054527146098,73.9732921509801,220.480696994851,157.814137121975,312.428325577986
"OpenCoast_61593",27103.3122450007,3355.4051279657,3346.36224105892,3364.44801487249,5323.34648600598,3603.54989596438,7789.00034861269
"OpenCoast_61596",7.8849846300749,0.615403708496791,0.595208578393765,0.635598838599818,1.90944721989949,1.36526647985478,2.70667301211409
"OpenCoast_61597",655.308985463572,50.2425399154921,49.2371046694059,51.2479751615782,159.593950319798,115.852010986837,223.079421291576
"OpenCoast_61598",9992.21828487396,1048.33408251319,1041.39306816925,1055.27509685714,2151.2741344863,1510.29914033463,3072.78328812165
"OpenCoast_61600",12616.0257940769,1298.60412613769,1291.57457582865,1305.63367644674,2741.17349338367,2008.34376045438,3900.13741540034
"OpenCoast_61601",10.9102590380014,1.84519755980198,1.7716835669524,1.91871155265156,1.64837648675644,1.0437701376344,2.73736181511623
"OpenCoast_61603",2996.16761069025,394.173846787389,391.624882647823,396.722810926955,565.228983831736,373.619190186054,840.886037667838
"OpenCoast_61604",6836.84742126549,537.16762910193,534.650124097031,539.685134106829,1652.05928366149,1215.68759652754,2279.37567580725
"OpenCoast_61606",355.595844599906,27.8120519653474,27.0749271252222,28.5491768054726,86.0532934339884,61.9906193271709,121.258879580676
"OpenCoast_61607",36915.7585402296,2830.3312072794,2812.99479370134,2847.66762085746,8990.46383488751,6618.81127929728,12395.7296437325
"OpenCoast_61610",32529.6839938962,4401.26624437416,4392.49820885511,4410.03427989321,6015.06386731135,3953.2483879696,8967.06970244951
"OpenCoast_61611",1030033.39099659,79084.3716953199,78881.0071428496,79287.7362477901,250742.620435697,185231.020151088,344535.328524611
"OpenCoast_61612",972801.471976117,104230.397507353,104105.96600546,104354.829009245,207270.36183412,152468.328366913,295369.249513671
"OpenCoast_61613",8788.36605281197,2561.05993328739,2555.92385443821,2566.19601213657,253.062760483532,120.076039414522,1047.87062516142
"OpenCoast_61615",1972.65500971498,184.075996659956,180.935164487222,187.216828832689,447.58786400088,322.425885998674,636.194424407296
"OpenCoast_61616",5362.76709050685,763.317066418186,755.944672711737,770.689460124634,953.894583633014,620.84531058089,1451.50119481518
"OpenCoast_61617",4121.21021920044,557.59974265782,550.757254965311,564.442230350328,762.052981632353,495.681529468779,1147.69920171233
"OpenCoast_61619",1355.12337950844,134.338387777715,132.571417763906,136.105357791525,299.585669574681,211.20810511254,427.366021914193
"OpenCoast_61621",29122.2459767786,2232.80259903962,2218.53110677391,2247.07409130533,7092.43178518467,5220.07319240919,9781.38133862319
"OpenCoast_61622",58034.581086488,18041.2405202917,18023.2423355521,18059.2387050313,542.012689412597,12.8231110331824,5782.49484903121
"OpenCoast_61627",0,0,0,0,0,0,0
"OpenCoast_61628",10288.8769083692,1393.85713192203,1378.27037281145,1409.44389103261,1900.74414290687,1237.65318264672,2860.4338074785
"OpenCoast_61629",5988.69153791363,459.152980211838,457.042249589521,461.263710834154,1458.48593714348,1075.39352844593,2007.85380010161
"OpenCoast_61630",16255.0220473763,1487.5308019968,1476.07256366266,1498.98904033093,3717.48980779357,2670.41818738055,5223.62204528188
"OpenCoast_61631",25217.3447769683,2193.27668959172,2178.20654051973,2208.34683866372,5881.56928144129,4259.87375149711,8212.21538935103
"OpenCoast_61632",0,0,0,0,0,0,0
"OpenCoast_61633",3325.32970754655,449.917109431048,445.201473637152,454.632745224943,614.886716222432,400.681326273437,924.419915290717
"OpenCoast_61635",0,0,0,0,0,0,0
"OpenCoast_61636",172325.605906633,13228.1560656706,13183.0440515888,13273.2680797524,41952.2262016923,30965.6239315117,57692.0745945274
"OpenCoast_61637",34248.6340597953,5501.03477107375,5482.09281693506,5519.97672521244,5465.72034121331,3766.44219851926,8584.40475783635
"OpenCoast_61641",1973.62966444051,157.137520913329,155.715949898704,158.559091927954,474.838433937166,347.055101511173,658.766035934615
"OpenCoast_61645",3759.18751703189,359.530907435082,353.158885610317,365.902929259847,844.1985273937,596.088247736155,1204.24864681187
"OpenCoast_61647",0,0,0,0,0,0,0
"OpenCoast_61651",7412.18882765261,584.46741180282,582.639337235997,586.295486369642,1788.98957269982,1318.90337885871,2465.25569424325
"OpenCoast_61652",20763.1801247108,6461.29402300876,6429.79614604301,6492.79189997452,187.283884724892,0,2070.16553332521
"OpenCoast_61653",222.500533624119,20.1134639931426,17.5536772974963,22.6732506887888,51.1334318786365,32.3650716023378,80.2647925857375
"OpenCoast_61654",15711.7559216657,1238.90655404711,1236.42370827412,1241.3893998201,3792.15480962947,2798.85565962606,5219.79506550433
"OpenCoast_61660",68392.8523856186,9393.68457412469,9305.85574262457,9481.5134056248,12506.3906882743,8154.22371033273,18850.036993028
"OpenCoast_61661",834.371768151373,63.9712834641658,63.4261181316306,64.516448796701,203.202900415585,149.237925015601,280.836306526816
"OpenCoast_61663",905.351952860546,105.600230361822,100.231645105198,110.968815618445,184.302518463654,126.343907579964,279.486610099994
"OpenCoast_61664",687.953477588281,53.1912555485464,51.6871496911864,54.6953614059063,167.098327509997,120.16414551409,235.631526740384
"OpenCoast_61666",1899.25878415509,145.61617098117,144.92232401393,146.310017948411,462.545484293129,340.993703562188,636.878901657788
"OpenCoast_61669",41960.2970212519,4015.13149601555,4004.23745320578,4026.02553882532,9420.97521315953,6912.30789869281,13241.624583217
"OpenCoast_61670",973.47693234324,85.3308425032914,80.4486990305718,90.2129859760111,226.386206002337,155.485042054193,332.17020158236
"OpenCoast_61671",1057.07119781947,84.4324381717461,83.471255610101,85.3936207333911,254.052330082025,185.176522474269,353.377738708543
"OpenCoast_61672",174.808637933952,13.5114850570198,13.4255325211512,13.5974375928885,42.4639888958109,31.2266531677435,58.6021658295769
"OpenCoast_61673",0,0,0,0,0,0,0
"OpenCoast_61677",5767.45227528848,551.880728359688,547.195268715315,556.566188004061,1294.91516471044,944.594875371348,1830.54986765242
"OpenCoast_61678",613.828629742949,50.9642791930629,49.5175789337764,52.4109794523494,145.589786336927,103.875727851093,206.661609110236
"OpenCoast_61679",1946.54284192246,186.024444135702,183.277741097044,188.77114717436,437.278039276288,309.731514022698,621.905197176353
"OpenCoast_61682",2622.69424539145,250.962529263235,249.206858858512,252.718199667957,588.850395053561,430.192904148831,831.191827542642
"OpenCoast_61683",8608.15984220541,659.987615101889,656.924798262134,663.050431941644,2096.43124797071,1545.70540767561,2886.21952727539
"OpenCoast_61684",1195.03285682857,114.351289262697,105.871337656286,122.831240869108,268.310181822381,182.760211420735,403.992762339505
"OpenCoast_61686",219.414265941274,18.2172830763121,18.0262394830446,18.4083266695795,52.0413590207433,37.814626381948,72.5858293493815
"OpenCoast_61692",853.083408187621,115.422185127785,110.765434637475,120.078935618095,157.743653007973,99.6888911737278,244.16050242346
"OpenCoast_61694",1781.4480562804,154.007089231486,153.405259403996,154.608919058976,416.43039287006,302.76198589025,579.372268851901
"OpenCoast_61695",5454.69631023095,738.020410774248,729.058118586166,746.98270296233,1008.6278947248,656.152306727549,1518.86482935674
"OpenCoast_61697",2793.46814930319,224.851828953819,223.989737238275,225.713920669363,669.644607134556,491.373828563575,925.148947958027
"OpenCoast_61698",2465.03283012457,258.363189480639,248.353696353007,268.37268260827,530.96497305355,360.782063933121,782.495667013917
"OpenCoast_61699",50210.8501909451,6003.51107331748,5994.31529854216,6012.70684809279,10074.5052663251,6893.61680769958,14625.8926500599
"OpenCoast_61701",0,0,0,0,0,0,0
"OpenCoast_61702",7406.8056549498,1002.14080511471,984.918275009414,1019.36333522,1369.59243365677,886.426447508472,2072.70544828067
"OpenCoast_61703",296.170040708142,38.849104986704,37.4396658246655,40.2585441487425,55.9875037484501,35.9345492517827,85.7024579292307
"OpenCoast_61706",191.181815141001,37.1001611435664,36.5138899130447,37.6864323740881,24.1181678827335,16.3493932415154,42.0163982104794
"OpenCoast_61707",2172.01131845273,166.528107785771,165.040243225401,168.01597234614,528.971636495978,388.329984059767,731.363644330258
"OpenCoast_61708",17255.0245899265,2817.19319264695,2795.28948767594,2839.09689761797,2708.03823129342,1753.30591647924,4297.59752380318
"OpenCoast_61709",172.453421534897,13.2220038290805,13.0016640467207,13.4423436114403,41.9993062806088,30.5921506981664,58.513731014505
"OpenCoast_61710",115527.713653982,9035.13939955817,9018.01377317085,9052.26502594549,27957.9897895835,20624.4032511907,38451.3341373248
"OpenCoast_61711",22496.1240896829,2152.62766907995,2146.66285725932,2158.59248090059,5050.8562256774,3705.6730020305,7099.62492403374
"OpenCoast_61712",1109.61749323386,215.328993379076,212.903946922291,217.754039835861,139.981624129337,95.329485825604,242.7727931067
"OpenCoast_61714",74426.3981629141,5888.90289364214,5878.74131393002,5899.06447335427,17943.1740621046,13221.038323,24698.9810182968
"OpenCoast_61715",46508.1867998185,6292.55767401544,6262.3135536176,6322.80179441328,8599.82882115443,5636.08219825584,12856.3636486403
"OpenCoast_61716",1125.97847582523,93.4864856847212,91.8921437362993,95.0808276331432,267.063082059274,192.767165114658,374.912986544416
"OpenCoast_61717",5744.78952090168,777.270022177997,767.248205082791,787.291839273202,1062.26903030993,690.523384574512,1600.82673985551
"OpenCoast_61718",689.485315718341,203.079709194645,197.439177032669,208.72024135662,17.7003837515251,7.72777075027034,82.11095573716
"OpenCoast_61719",259.526730557076,35.1139666443723,33.9860856747968,36.2418476139479,47.9890877473088,30.5874771073171,73.6917568150274
"OpenCoast_61720",4580.07865056552,447.226597370746,444.912804957668,449.540389783824,1019.36038732684,726.396557873907,1439.89464505629
"OpenCoast_61724",1095.30994689705,83.977413628597,83.5645974765917,84.3902297806023,266.751784467308,196.622582297863,367.345706103798
"OpenCoast_61725",25207.8015862062,2013.30849900608,2007.48170670899,2019.13529130316,6058.48164691301,4453.93334318526,8356.33995860982
"OpenCoast_61726",777.042890571401,59.5758784201094,58.2103760125714,60.9413808276474,189.241025569759,136.965590617815,265.274245955641
"OpenCoast_61727",205.293255488638,63.8852081755094,62.3314357515434,65.4389805994754,1.85174516450752,0,20.8646025099777
"OpenCoast_61728",5560.74326233122,487.022164495394,477.109357181156,496.934971809633,1293.58343553569,923.294987516668,1831.70106071564
"OpenCoast_61729",22226.0871488627,6916.53605985458,6905.22840612835,6927.84371358082,200.479306082742,0,2208.87770577939
"OpenCoast_61733",6.56597809130313,0.668816187035038,0.629140496387786,0.708491877682289,1.43367565758114,0.987452410426177,2.146109451425
"OpenCoast_61734",595.501116710434,45.657070618189,45.3989562094421,45.9151850269358,145.028341963659,106.821073433981,199.866099529015
"OpenCoast_61735",42338.6874030279,5643.54595183766,5556.59697529967,5730.49492837565,7913.72514148592,5161.77758787581,11913.4377034674
"OpenCoast_61736",55373.4557552298,4532.74532950828,4525.09892442262,4540.39173459394,13198.3889378738,9735.54103727981,18223.7650141774
"OpenCoast_61737",721.359269737631,139.984784274245,136.761946617326,143.207621931163,91.0016674884424,61.2362816190394,159.661397770638
"OpenCoast_61738",13976.4558511823,1372.28736491985,1363.3393340763,1381.2353957634,3103.11356318722,2206.16040641114,4392.24407171705
"OpenCoast_61741",1497.22816851044,117.894214202202,117.502863068083,118.285565336321,361.533217636525,266.111927527049,498.23161179731
"OpenCoast_61742",11140.5793323992,854.148217415045,852.416061997715,855.880372832376,2713.1766906125,2005.68485175933,3725.59691703505
"OpenCoast_61743",4348.54928243791,746.829220978727,739.914865082492,753.743576874963,645.619744750715,462.139727945308,1047.46768081055
"OpenCoast_61744",1684.89548197415,135.45936444706,135.036889712967,135.881839181153,404.061017835882,296.748314018595,557.772780164936
"OpenCoast_61745",43600.6069216048,3604.91575375176,3599.74323778142,3610.0882697221,10356.4345886153,7592.58239121885,14309.7122152656
"OpenCoast_61746",93727.8410405185,8071.37475954565,8061.39262807329,8081.35689101801,21941.2172200388,16195.3499531522,30433.059545571
"OpenCoast_61747",387.855152215984,55.9301225521254,53.4086693006267,58.451575803624,68.2649757389549,45.1565724357995,107.904226067657
"OpenCoast_61748",915.391988142321,123.852535995656,120.789680733855,126.915391257457,169.265132527397,108.71071266047,258.061295556829
"OpenCoast_61749",435.475280304669,58.9198054252217,56.5793117018712,61.2602991485722,80.5237340811363,50.9213805316841,124.562608268763
"OpenCoast_61750",82.4120471042815,6.84241557656459,6.488341614882,7.19648953824719,19.5467460266974,13.6109483198638,28.3764608763188
"OpenCoast_61752",23.1889827261225,3.13746936284437,3.10921171614455,3.16572700954419,4.28787479588731,2.79829054453009,6.43697825273986
"OpenCoast_61754",12803.8440777701,1094.69900215218,1088.80346040596,1100.59454389841,3005.21990999057,2184.9543274409,4182.53116089288
"OpenCoast_61756",1066.04152601564,84.6375964424282,79.9545521330938,89.3206407517626,256.719560603039,178.929556861403,372.401355535916
"OpenCoast_61757",32465.0872957323,10102.8105155589,10053.5593001219,10152.061730996,292.835087407505,0,3236.88924756393
"OpenCoast_61758",2642.85146471221,357.577803175563,349.957813687299,365.197792663826,488.689664339935,314.962032318569,742.568845083112
"OpenCoast_61761",1590.66482095804,152.208846829608,151.423645423022,152.994048236194,357.137935489367,261.3948030151,503.198434951153
"OpenCoast_61762",1386.92655125292,106.335658684561,105.595924454655,107.075392914467,337.772092292135,248.460998716836,466.09288680415
"OpenCoast_61765",962.498804485329,137.385784870387,133.161340655685,141.61022908509,170.81595731386,111.235023287362,265.555258675558
"OpenCoast_61766",24926.5901230307,2036.31781746083,2028.65691450347,2043.97872041818,5945.42560583483,4356.66522934582,8224.63023358596
"OpenCoast_61767",6626.31766886738,965.930686949621,959.784561061221,972.07681283802,1155.8824937984,837.798956971697,1764.73418849384
"OpenCoast_61769",27062.386128522,3463.89417772241,3446.4568806825,3481.33147476233,5201.75248449163,3475.44943987722,7681.25358495404
"OpenCoast_61770",2268.18439365184,205.037913340892,201.463389709178,208.612436972606,521.257411350365,371.453623231255,738.501691453132
"OpenCoast_61772",3367.67792060921,466.341400603051,453.82855257434,478.854248631762,612.022746355224,400.823927675571,940.359651508731
"OpenCoast_61773",4446.36144219846,601.592703129452,596.331094796678,606.854311462226,822.176694276917,536.69798531701,1233.93709997319
"OpenCoast_61776",0,0,0,0,0,0,0
"OpenCoast_61777",9.93608630452686,1.41826359588807,1.03471493132612,1.80181226045002,1.76337059968448,0.864338995951137,3.37885705008704
"OpenCoast_61779",519.563938386466,74.9230081941461,71.2549849225856,78.5910314657065,91.4465605165841,60.2454794362529,145.082562951881
"OpenCoast_61780",5010.61431142514,677.936116335821,665.503660723774,690.368571947868,926.512692325622,598.953294651396,1403.74942962733
"OpenCoast_61782",644.170864710104,87.156317995277,84.3752854462738,89.9373505442803,119.113634593545,75.9377569016464,182.87261277337
"OpenCoast_61783",2774.49343770582,301.594407844584,295.117321626669,308.071494062499,586.826135843196,402.804079291997,855.062815026092
"OpenCoast_61787",14237.5558692467,1494.63770454872,1485.03703577021,1504.23837332722,3064.37006034278,2151.50146437898,4376.53041924023
"OpenCoast_61789",23458.3453055929,1798.55133457981,1792.54762593685,1804.55504322278,5713.04541572411,4217.7591198514,7855.12195285209
"OpenCoast_61790",56047.0602758528,7032.68013343222,7023.15293796121,7042.20732890324,10914.1490374986,7818.47942648397,15991.2279370064
"OpenCoast_61791",1791.60468602499,137.5005153204,136.636821743522,138.364208897277,436.189221191661,321.037991444763,601.546924921999
"OpenCoast_61793",6228.0591268913,970.489869146995,957.678551843608,983.301186450382,1023.79694387487,661.04752154479,1606.49876349613
"OpenCoast_61795",1382.79560017859,181.806886893197,176.910888393906,186.702885392489,260.978092239989,168.99154685965,396.093195495688
"OpenCoast_61798",629.997722029875,56.9501398105239,53.4074362153999,60.4928434056478,144.781430760663,98.4714181486778,214.148628069317
"OpenCoast_61799",3189.97884892704,992.689517997605,978.334075980461,1007.04496001475,28.7736092173219,0,321.086798845283
"OpenCoast_61801",10466.429520478,1332.69373380826,1287.8928214792,1377.49464613732,2018.76166294399,1312.26265645355,3062.43462072316
"OpenCoast_61802",77.1361093730606,6.40437090006953,6.28987812245655,6.51886367768251,18.2953826822782,13.1946206202577,25.7045159483229
"OpenCoast_61805",1440.44017073366,110.43854789015,110.072813793313,110.804281986986,350.804799180475,258.994855984266,482.32452159041
"OpenCoast_61807",17058.0372274233,1493.39598449321,1486.36715226044,1500.42481672599,3968.75811609999,2878.10347766736,5533.31422443794
"OpenCoast_61808",3346.58711337945,409.180327348737,389.539880677944,428.820774019531,662.430332226498,429.472964908669,1010.57803672877
"OpenCoast_61810",123.985518393585,17.6975261451601,16.9118485806553,18.4832037096649,22.0038766996496,14.1271472744159,34.6607160653899
"OpenCoast_61811",1298.26639273987,99.5380843313657,98.2038148136165,100.872353849115,316.179797287868,231.06779956145,439.091422637324
"OpenCoast_61813",2988.56875685911,266.393516171035,263.457924674235,269.329107667835,690.57608546282,496.347282756959,970.725550631316
"OpenCoast_61814",24756.132259579,1914.95755681719,1907.64944460934,1922.26566902505,6012.2035540226,4432.12211895477,8276.67312308377
"OpenCoast_61815",1298.71048117205,270.256146593699,269.220561086491,271.291732100908,145.603936582402,92.3375915138567,263.754435826506
"OpenCoast_61817",123.031981963772,17.5614196375969,16.6399637921713,18.4828754830224,21.8346513070225,13.9000309760249,34.6601005568103
"OpenCoast_61820",481.395724494612,149.805535505478,147.871003152606,151.74006785835,4.3421894349414,0,48.3808912012131
"OpenCoast_61821",0,0,0,0,0,0,0
"OpenCoast_61822",664.422711751546,102.272036486868,97.8197178217578,106.724355151978,110.482760043094,69.1897887785777,177.832491209251
"OpenCoast_61823",34866.7793851466,3919.71838983009,3905.3217163804,3934.11506327978,7244.97303708771,5186.43335772642,10428.117649359
"OpenCoast_61824",67640.8522898702,5330.34493331871,5327.15722416541,5333.53264247201,16328.9323784206,12050.8778591696,22443.5511624592
"OpenCoast_61825",22226.0210049967,2891.95476853601,2888.51209751403,2895.39743955798,4225.03941747398,2818.32942736039,6237.24268731475
"OpenCoast_61828",9681.20454508388,742.257952471581,739.212744899895,745.303160043267,2357.76055490973,1739.32410564681,3244.26081430599
"OpenCoast_61831",919.279168116227,83.1004229355587,78.1481156468069,88.0527302243105,211.261959486938,144.087721087218,311.712432640144
"OpenCoast_61832",5978.62550648859,458.38121758248,456.290812213369,460.471622951591,1456.03445585023,1073.62544050204,2004.40588814222
"OpenCoast_61833",36804.2406750011,4979.61376332765,4892.81133090277,5066.41619575253,6805.47214321445,4403.53019781249,10301.7129313635
"OpenCoast_61837",2686.93489578928,363.542291400289,359.169669549685,367.914913250894,496.841131580395,323.252702594716,748.093656943484
"OpenCoast_61841",18.1209373807039,2.45176282760924,2.37079395867168,2.53273169654681,3.35074253106597,2.13371456280451,5.14988778297851
"OpenCoast_61843",253.834086552894,22.945934901616,21.4182748765439,24.4735949266881,58.334277953486,39.4905288635317,86.6381291143795
"OpenCoast_61845",37964.7997229255,4604.60565951076,4596.84844530949,4612.36287371203,7552.10285976721,5146.32095232603,10995.0195579328
"OpenCoast_61846",33.2170043612926,6.0698651937343,5.7316310423122,6.40809934515638,4.56655177279519,2.83721684910439,7.98414712707064
"OpenCoast_61849",35.3299916095559,2.82340983321197,2.78094615318435,2.86587351323959,8.48960678008391,6.19080048730657,11.8519829882937
"OpenCoast_61852",1050.90645761847,100.480143606237,98.6524572225265,102.307829989948,236.030613187773,168.289428399814,336.839878524024
"OpenCoast_61853",1873.12620671184,253.433975768112,248.251391717112,258.616559819113,346.359766883087,223.426252545401,525.853671632196
"OpenCoast_61856",16957.6608939917,1300.14386074234,1290.98587221879,1309.30184926589,4129.86873412274,3037.61381698539,5699.3139320986
"OpenCoast_61858",2875.9999759245,439.942081684352,436.461792888723,443.42237047998,480.981870606433,312.535815793533,746.254193108426
"OpenCoast_61861",9246.25953241009,708.910718349882,704.873761772198,712.947674927566,2251.83404652315,1658.52649828752,3103.41929086117
"OpenCoast_61862",535.142271108182,41.0293579258643,40.3760579044336,41.682657947295,130.328548705687,95.0024891869026,181.44215812352
"OpenCoast_61863",70.8831359795835,5.8852059957779,5.66312710649964,6.10728488505616,16.8122829762445,11.8798508078845,24.0816205846302
"OpenCoast_61870",8204.40465142803,634.421963280535,632.181397104625,636.662529456444,1992.71045015324,1469.47624861686,2742.39890072775
"OpenCoast_61871",4026.64428775171,1253.05143590545,1246.44947109452,1259.65340071639,36.3203314755204,0,401.62862051827
"OpenCoast_61872",7983.9769940504,2196.69113601581,2172.13344985394,2221.24882217768,359.858137249066,197.047908576855,1092.08675656379
"OpenCoast_61876",144.119824987009,17.4209617729309,17.0151717301868,17.826751815675,28.7276473861594,19.1707244240834,42.6992171400114
"OpenCoast_61877",1023.64161544426,80.7163955888907,79.3239504958017,82.1088406819798,247.063886092516,179.563272932526,345.25131396175
"OpenCoast_61878",15584.3174240122,1194.84961689901,1189.22249318329,1200.47674061473,3795.40466544392,2798.17057219597,5225.60463561708
"OpenCoast_61879",30444.34654584,9332.25922547596,9248.14845293035,9416.36999802157,416.324981967449,98.4418038591694,3190.90749887703
"OpenCoast_61880",5.2427489473356,0.709343932574507,0.623568452490175,0.79511941265884,0.969436707851826,0.561211607241157,1.61674280573964
"OpenCoast_61881",2561.10888829896,203.529775315833,202.650770905175,204.408779726491,616.562901806378,453.390725160646,851.235430181584
"OpenCoast_61883",23849.1222632045,1828.51220391989,1820.21072327992,1836.81368455987,5808.21523598083,4282.84876065862,7995.5419210253
"OpenCoast_61885",7590.77264701584,627.53623688039,624.248702637834,630.823771122947,1803.10507242055,1316.88844542871,2500.8258036312
"OpenCoast_61887",9314.37909983249,756.643007901133,754.82205277369,758.463963028576,2225.91432365623,1643.5499429029,3073.45019889768
"OpenCoast_61889",1170.87945942702,111.951102189852,108.99380028057,114.908404099134,262.976209513275,185.930537005947,378.326203204043
"OpenCoast_61890",9.62939352949509,1.75961444282323,1.46284363813964,2.05638524750682,1.3238136592564,0.724122782345151,2.56214541655663
"OpenCoast_61893",7357.60695733986,564.107725419247,561.577529386033,566.63792145246,1791.87159839055,1321.35889267302,2466.54154044012
"OpenCoast_61894",2205.65643637713,183.128783801716,181.012451570128,185.245116033304,523.144463690604,379.719698778169,730.439578868411
"OpenCoast_61897",30785.2937490198,2565.07312164468,2560.75601782323,2569.39022546613,7292.68578972893,5339.89996094446,10086.4666235015
"OpenCoast_61899",856.598154550322,156.529326569282,154.219253445205,158.839399693359,117.761968499276,76.3401309506695,197.90534890598
"OpenCoast_61900",156.452397848735,28.5891212178337,27.504694510385,29.6735479252824,21.5085010973096,13.6151092277657,36.971644735301
"OpenCoast_61901",313.370154744597,57.263279203343,53.1244673899709,61.4020910167151,43.0809780474243,26.2971626864729,76.5037029205533
"OpenCoast_61902",14029.7878698967,1281.23608657829,1277.9311275985,1284.54104555807,3211.24228724133,2319.40308896837,4488.27691262482
"OpenCoast_61904",1102.36313071433,138.08044503355,137.225206810383,138.935683256718,214.907253052484,144.404065454805,316.287358957056
"OpenCoast_61905",166.69940731552,13.2475011395337,13.0906600978449,13.4043421812224,40.131316076969,29.2877438762404,55.8207480040804
"OpenCoast_61906",14.3994453773018,1.13542797772098,1.11973214551099,1.15112380993098,3.47541842654483,2.53470443162503,4.84024624645014
"OpenCoast_61909",4935.34670254206,579.67863494867,576.674845667095,582.682424230246,1000.66873267232,690.138422155092,1453.32906970184
"OpenCoast_61912",34437.5764108568,8394.44074374203,8380.79198769587,8408.08949978819,2632.81559877842,1605.05511787794,5748.41632987993
"OpenCoast_61913",2.76019133027342,0.504379898363052,0.482732980233477,0.526026816492626,0.3794609675038,0.238957835043108,0.655401121213301
"OpenCoast_61915",25.0827281068365,4.58345902127772,3.89905117109185,5.26786687146358,3.44828134581239,1.93007079424277,6.56347879178519
"OpenCoast_61916",6064.13620408205,683.12439977191,681.225142620959,685.023656922862,1258.6726541372,908.150760164454,1810.67792109967
"OpenCoast_61917",23.818063116037,1.8781067276176,1.76624738770806,1.98996606752713,5.74867526276861,3.99820180113407,8.36741079092863
"OpenCoast_61919",7299.07410188185,1525.94678627945,1489.58821995572,1562.30535260318,811.289731884135,503.785577521559,1504.68379123369
"OpenCoast_61920",1980.83449280911,616.415885817267,612.084763229582,620.747008404951,17.8671271251382,0,197.919336013173
"OpenCoast_61922",1648.19342946746,129.963681480621,129.187389419329,130.739973541913,397.804336569154,292.437660010027,549.735537339966
"OpenCoast_61923",7556.248521357,887.515324087975,883.975792150581,891.054856025369,1532.07101493575,1057.90232225645,2222.4729477149
"OpenCoast_61925",3579.3827651749,274.431276605959,267.35948753749,281.503065674429,871.722878630694,629.081147147036,1225.36628587692
"OpenCoast_61926",1037.65662117077,80.5479276222259,76.7673551791096,84.3285000653422,251.720099042866,177.46291931574,361.524404583148
"OpenCoast_61927",300.657202898082,33.2983653155621,32.4716763888826,34.1250542422417,62.9750776244327,42.8994154996299,92.3311039904807
"OpenCoast_61931",203.9404403023,27.5931415729012,25.9375912040386,29.2486919417638,37.7106268162983,23.3438320836347,59.4723402815863
"OpenCoast_61932",0,0,0,0,0,0,0
"OpenCoast_61934",268.825382978118,20.6108421129323,20.3805668377497,20.8411173881149,65.4697337704909,47.9542749123523,90.7201580423827
"OpenCoast_61936",29019.7022663869,2233.40576720242,2226.56928788788,2240.24224651695,7058.99309551734,5210.69014232298,9706.19032656493
"OpenCoast_61938",365.552838341143,28.0269361156155,27.6441287735867,28.4097434576442,89.026738249602,65.0450088790275,123.665942109745
"OpenCoast_61939",57.3878677308882,5.1877125526288,4.70091724810868,5.67450785714892,13.1884565734789,8.6674444763436,20.0881295069616
"OpenCoast_61941",4971.52274697314,672.647027665466,670.993990703527,674.300064627405,919.284271142803,603.894591633174,1371.07679807572
"OpenCoast_61943",3734.90820839214,505.333080595457,503.377090072734,507.28907111818,690.621876813791,453.039381065461,1031.4877779403
"OpenCoast_61944",4.11209507928439,0.556366464227178,0.524679376259205,0.588053552195151,0.760367501110476,0.472211438633284,1.19570888946347
"OpenCoast_61945",5164.47239806882,535.626745517577,530.920648359505,540.33284267565,1118.08896106804,785.04550604482,1597.84096916345
"OpenCoast_61946",149.000873707616,17.3163519028642,16.6428304819367,17.9898733237916,30.3952178670516,20.1709992432415,45.5400676049777
"OpenCoast_61948",0,0,0,0,0,0,0
"OpenCoast_61953",4211.96925008613,450.370600045436,443.214842047199,457.526358043673,898.344073524645,622.352379556376,1298.57351960281
"OpenCoast_61956",40599.5862820914,3167.66365123755,3160.04114063129,3175.2861618438,9832.72987215093,7251.77957434068,13527.2858105303
"OpenCoast_61958",5.06998454427432,0.388715715009512,0.38252945971712,0.394901970301904,1.23474403591257,0.90006931698146,1.71898504719652
"OpenCoast_61959",7188.82467624942,551.167187928043,547.637424115327,554.696951740758,1750.76636165378,1288.55864497724,2414.56320169507
"OpenCoast_61960",19384.2096622933,3065.35527564633,3052.77883415367,3077.93171713899,3141.66250031661,2053.13333014039,4910.18123230604
"OpenCoast_61962",61798.2342650778,7950.93547597871,7938.77822507557,7963.09272688185,11837.4771180418,8245.32072690342,17438.3008966802
"OpenCoast_61963",97402.5848948281,8154.41240303645,8143.13169342204,8165.69311265086,23034.8693061365,16861.5117829767,31864.6026496293
"OpenCoast_61964",3940.01489831171,302.080942253559,299.961906891695,304.199977615424,959.551228334835,705.792722098105,1324.16460844361
"OpenCoast_61967",340.294430882296,32.5365145827941,31.4418378174781,33.6311913481101,76.4291651300259,53.6360579666819,110.727853473469
"OpenCoast_61968",596.348210046296,46.9367877215378,46.66404567562,47.2095297674556,144.019872617387,105.748368498904,198.959925724119
"OpenCoast_61969",0,0,0,0,0,0,0
"OpenCoast_61970",747.260213717234,117.831667873773,116.381254820473,119.282080927073,121.448525160623,85.1561647176178,191.176005224928
"OpenCoast_61975",25611.3273400781,1967.47405734141,1963.94157574037,1971.00653894244,6233.52907022501,4608.14133918915,8559.01044450564
"OpenCoast_61978",1497.78921782903,202.650881172268,198.211095820341,207.090666524195,276.956204268766,178.389986238307,421.084355265862
"OpenCoast_61979",869.292468109287,117.615270935187,115.18765584029,120.042886030083,160.740870278088,103.668890256261,244.087201594502
"OpenCoast_61981",951.799197834857,72.9744444979985,72.1207152700286,73.8281737259684,231.801176640701,169.695800635361,321.369697395392
"OpenCoast_61984",5800.26571962463,946.261902783789,924.820919387052,967.702886180526,911.041183297213,581.029835658559,1466.72270559875
"OpenCoast_61986",3890.35051903535,298.27317429444,296.369597675298,300.176750913583,947.455965405869,697.340229824229,1306.65173927089
"OpenCoast_61989",1204.68129601828,189.960075165846,186.279650936984,193.640499394708,195.790922632167,136.300821495695,310.351872102846
"OpenCoast_61990",4093.75218137711,313.867979746183,310.601349304481,317.134610187886,996.992406252582,730.826704245837,1380.4683031708
"OpenCoast_61992",23770.0174559186,1901.14497734076,1897.9740500082,1904.31590467332,5710.25231221895,4202.39251254307,7867.4081183681
"OpenCoast_61993",121905.749537064,23597.1136425067,23566.5030071534,23627.72427786,15438.3264167566,10555.68818208,26468.5160164891
"OpenCoast_61994",15013.0705624643,2005.46774815298,2002.93749011091,2007.99800619506,2801.86757665371,1984.85739983049,4161.29014113885
"OpenCoast_61995",12759.1133627391,2128.21342448274,2109.61805378961,2146.80879517588,1957.38226539995,1392.55121273277,3135.41281724626
"OpenCoast_61996",10560.7787098855,824.498725480756,821.376816264505,827.620634697006,2557.16822521168,1883.20293341706,3523.03989996837
"OpenCoast_61997",2791.91333000665,214.05599501161,213.474417310083,214.637572713138,679.94257238982,502.292746611959,934.304728280717
"OpenCoast_61999",395.38869766287,52.4770931185618,51.8817467414581,53.0724394956655,74.1303217600657,48.6077028762294,111.039986491733
"OpenCoast_62000",2419.24008414046,752.84332178367,748.339022240009,757.347621327331,21.821545558947,0,241.473154626106
"OpenCoast_62001",4705.91738222863,1464.43443017573,1461.18765788709,1467.68120246436,42.4473747877023,0,467.95632542342
"OpenCoast_62003",9152.89437671016,809.129603986876,807.716875349198,810.542332624554,2121.71870437948,1541.10949221499,2952.45573759052
"OpenCoast_62005",2102.17741603906,300.061977109429,241.475759457421,358.648194761436,373.076253280439,201.714413465037,672.556740771655
"OpenCoast_62006",536.528345198456,41.1356282263657,40.8807118688137,41.3905445839176,130.666113189632,96.1899102795616,180.170605835877
"OpenCoast_62007",13556.157212096,1160.43763175483,1150.89207849086,1169.98318501881,3180.37946913043,2305.32324288508,4439.36433491543
"OpenCoast_62009",2625.76830105663,817.112837605813,793.001118798177,841.224556413449,23.6844300755308,0,268.216525233274
"OpenCoast_62011",115.366405656149,13.5768674175695,12.8636574879239,14.290077347215,23.3646093375859,15.2356521783457,35.5446743464381
"OpenCoast_62012",47965.5196040935,3989.24323229288,3980.4269086694,3998.05955591636,11369.7958001339,8322.81852254202,15730.9748377922
"OpenCoast_62013",21454.3530112231,1910.28691185892,1904.8388547646,1915.73496895324,4959.61146586482,3594.70235665629,6914.45776727501
"OpenCoast_62014",14595.6646985933,4542.02489755525,4519.63185178554,4564.41794332496,131.652895581312,0,1455.32166308912
"OpenCoast_62015",40994.5219949369,5389.10064991568,5383.40167657305,5394.79962325831,7737.75523808308,5376.84829587469,11447.5541209011
"OpenCoast_62017",304.549958347911,55.6515323243098,50.5985171095565,60.7045475390631,41.8684098382747,25.0467910832267,75.6346012644886
"OpenCoast_62018",130.411911390278,17.6447316111046,17.0062568965946,18.2832063256147,24.1144665351763,15.3056312069351,37.1758528620832
"OpenCoast_62020",23.8341973202989,3.22476689743644,2.94738057321936,3.50215322165351,4.40718142649646,2.65264251589742,7.12104488402881
"OpenCoast_62022",8882.09963511327,737.453067013309,734.741192150778,740.164941875841,2106.68405714631,1541.30669875668,2918.54263158954
"OpenCoast_62023",520.933321961115,40.3940953628101,38.8081079080367,41.9800828175836,126.413963662358,89.8502839379026,180.210412514881
"OpenCoast_62024",20595.9749104923,1925.86407101074,1921.70009495894,1930.02804706254,4669.17305507799,3361.45952525822,6541.04208879647
"OpenCoast_62025",1912.19860789458,258.720471648137,254.15731845646,263.283624839813,353.584644585787,228.741586610814,535.343370507621
"OpenCoast_62027",2689.84954652593,244.639451555995,243.195876420501,246.083026691489,616.677271737071,444.203444722001,864.372291702522
"OpenCoast_62028",306.838807531432,41.5152906590028,40.5559671587614,42.4746141592442,56.7375639006371,36.5003704428852,86.3650487904632
"OpenCoast_62031",17979.0065511118,1408.04159908718,1405.41931089765,1410.66388727672,4349.01608864433,3207.8363042963,5981.84214750425
"OpenCoast_62032",1010.80821318321,136.762351243688,127.366811852198,146.157890635179,186.908546699708,114.630130666978,297.187710958196
"OpenCoast_62036",393.985639870284,40.1317168197108,39.9213379525389,40.3420956868828,86.0264249231527,62.6575806437594,122.201193226291
"OpenCoast_62040",498.93666637928,44.3740817132468,42.4818062701243,46.2663571563693,115.390428228063,80.3102900830811,167.234332636831
"OpenCoast_62041",333.011593014842,33.9208478586999,33.5645312049114,34.2771645124885,72.7127943405826,52.6804067349142,103.829767207704
"OpenCoast_62042",0,0,0,0,0,0,0
"OpenCoast_62043",8441.81249363958,734.122431568136,730.06075745183,738.184105684442,1969.03034702019,1428.06927971951,2745.588751966
"OpenCoast_62047",726.951169098586,57.7703700097214,56.9700061496827,58.5707338697601,175.006663847337,127.459038449439,243.910676969884
"OpenCoast_62048",3851.49146804499,295.293850855009,292.50597677385,298.081724936169,937.992232127676,688.24935711494,1297.53221442803
"OpenCoast_62049",322.121628102444,30.7989614258886,28.9631395306955,32.6347833210816,72.3476051087949,49.4076917444669,107.447264306271
"OpenCoast_62051",59.9579031243862,5.73274497705522,5.40384385256646,6.06164610154398,13.4663751824045,9.21831871920774,19.957457182899
"OpenCoast_62052",270.04005422617,38.5451541585472,37.5903924771622,39.4999158399321,47.9243716052148,31.4007666338383,74.072405901082
"OpenCoast_62053",3110.00285049785,244.328996907994,242.678237529565,245.979756286424,751.525015849923,552.757532901759,1039.020091322
"OpenCoast_62056",10811.1020672679,828.887195497432,826.468949640814,831.305441354049,2632.93579746243,1944.63282268427,3618.6236858941
"OpenCoast_62057",5888.80343343576,451.494559241519,449.565622747562,453.423495735476,1434.15918817894,1057.80146528838,1973.72580496619
"OpenCoast_62058",36.8793545117453,4.98977666543914,4.53409123913119,5.44546209174708,6.81936144276682,4.08068211521807,11.0724395865524
"OpenCoast_62062",612.229941508524,107.328366571456,101.407271414991,113.24946172792,88.7137829989886,57.3240231682126,151.877641066646
"OpenCoast_62064",1957.02041120535,150.044754927114,149.000962685639,151.088547168589,476.61275094495,350.590500436798,657.679558263268
"OpenCoast_62065",99.9841061495503,13.5278495620342,13.3463872847773,13.709311839291,18.4880610681133,12.0117485562996,27.8756007398917
"OpenCoast_62066",8.82069593724775,1.19344016030962,0.985962068331108,1.40091825228813,1.63103488575648,0.887365861497997,2.84853377965254
"OpenCoast_62067",5492.40625374,647.183549524861,643.181689421573,651.185409628148,1111.53985698523,760.020497927693,1616.89150825473
"OpenCoast_62068",2624.93596751718,202.480411831606,199.731391726014,205.229431937198,638.05033432707,465.899430646687,886.696739869097
"OpenCoast_62069",4113.40728565551,317.025066304454,315.46935983625,318.580772772657,1000.1290806353,736.775209326618,1377.8869709861
"OpenCoast_62070",209.43231707843,16.0571757504032,15.6732475693696,16.4411039314369,51.0051465012808,36.8782295749873,71.567158289784
"OpenCoast_62071",3276.86245219747,285.390760435784,283.843561888921,286.937958982647,763.893365382369,554.716950146133,1065.21007924299
"OpenCoast_62072",179152.286222909,14029.78187112,13998.9582103426,14060.6055318974,43336.5717003175,31954.5371259046,59626.821842108
"OpenCoast_62073",43897.6377162885,3382.73180340006,3376.68756553623,3388.77604126388,10673.7307697327,7887.91463393534,14659.4443498636
"OpenCoast_62074",12.7527970566734,0.977756950335153,0.977296563718785,0.978217336951521,3.10581619518225,2.29952132639714,4.25812252555368
"OpenCoast_62075",81.4130010448356,6.24193479010755,5.92123911896676,6.56263046124834,19.8273222744593,13.9323273387453,28.5667443607281
"OpenCoast_62077",44.9343734887258,5.17576296576797,3.83218818802038,6.51933774351556,9.21267276905693,4.72049800301718,16.709406223072
"OpenCoast_62078",2515.21873595383,192.84182048558,190.99475024501,194.68889072615,612.556370954196,449.399412341201,847.469289043242
"OpenCoast_62079",57.2235709878838,8.16801556180695,7.73616795382382,8.59986316979008,10.1555441042233,6.46233222240989,16.1269344974774
"OpenCoast_62080",2697.08522101312,220.92835988846,219.907707578657,221.949012198263,642.705298732152,470.228875999581,890.07547706075
"OpenCoast_62082",612.411372049441,82.8592586382894,78.5086972963457,87.209819980233,113.240986805662,70.6578275667111,177.326633959807
"OpenCoast_62084",12588.671678103,1203.6385625549,1192.39399415149,1214.88313095831,2827.37999549045,2034.08317798397,3999.89997142046
"OpenCoast_62085",1100.66189855716,91.3845291294486,90.8198934655309,91.9491647933663,261.058417407541,190.517847201447,362.564534208252
"OpenCoast_62086",2452.89355334651,217.962026982658,213.81974205097,222.104311914346,567.479017734429,405.547007699296,803.719528441117
"OpenCoast_62087",1573.24731284903,130.804023444314,129.881183778973,131.726863109656,372.965498603075,271.70016279228,518.504899065474
"OpenCoast_62088",15.0749969519299,2.03964708759611,1.78305242373359,2.29624175145864,2.78751768638136,1.60474718136023,4.66902489463256
"OpenCoast_62089",0,0,0,0,0,0,0
"OpenCoast_62090",0,0,0,0,0,0,0
"OpenCoast_62091",1995.97226745939,174.070901226105,172.489949709795,175.651852742415,465.059378537066,335.954508489844,650.954986356983
"OpenCoast_62092",265.480908375802,24.4198078140854,24.1831780954994,24.6564375326715,60.58983385693,43.4026788973385,85.355373849683
"OpenCoast_62093",3675.7957264661,305.189869913261,303.495565917508,306.884173909014,871.83667965845,636.659212507593,1210.07426026379
"OpenCoast_62097",10283.9794226921,1206.10028168846,1202.75964012678,1209.44092325014,2086.93276925179,1433.62045550632,3022.89736994698
"OpenCoast_62099",2420.39146228858,200.957564153104,197.71245721801,204.202671088198,574.075985986321,414.752212062212,805.191069364829
"OpenCoast_62100",109006.885185709,9217.94800403395,9206.29806700553,9229.59794106236,25687.1467012819,18837.3451575492,35564.4585089344
"OpenCoast_62102",45.0342322995899,7.89482882951614,7.12318757968034,8.66647007935194,6.52558269513553,4.02663205657218,11.6225102701935
"OpenCoast_62103",8371.14270642732,808.700706721735,805.830786670717,811.570626772753,1871.82289930336,1338.50195101913,2636.22232373137
"OpenCoast_62104",16999.0029109831,1303.31355318507,1300.72901017343,1305.89809619671,4139.93716894082,3060.5388474669,5684.49759520921
"OpenCoast_62106",3327.84917169616,583.396190840085,570.784785622298,596.007596057872,482.214392428742,322.656154913945,799.299408279266
"OpenCoast_62109",2378.64828586046,182.370964076922,180.961299041726,183.780629112117,579.296003538456,425.791291862885,799.986267899803
"OpenCoast_62111",21242.4072865684,6610.42472350721,6456.80410460317,6764.04534241124,191.606513724847,0,2156.65213816011
"OpenCoast_62112",42.9539628131004,13.3668436878087,12.6632864951454,14.0704008804721,0.387444744574166,0,4.48621477348386
"OpenCoast_62113",150.530728025456,20.3668075018443,19.7432083498613,20.9904066538272,27.8346369191871,17.7688875148751,42.6804935294487
"OpenCoast_62114",22208.0295041069,1714.46765765511,1703.47194203811,1725.4633732721,5396.76546985497,3968.93149031892,7447.38908245579
"OpenCoast_62116",1618.09054588582,503.533596974207,500.284046770729,506.783147177685,14.5951767238901,0,161.583032433465
"OpenCoast_62120",5.01972104545932,0.384862012555366,0.343125751613791,0.426598273496941,1.22250286341116,0.807354709679509,1.8569571905161
"OpenCoast_62121",2616.31192032182,217.224229536601,215.517772551812,218.930686521391,620.545010469648,452.103393798912,863.265072183097
"OpenCoast_62122",38274.6428764746,2984.72649915331,2974.96728003017,2994.48571827645,9271.19689632261,6832.12353368184,12765.1721906126
"OpenCoast_62124",10780.2715152095,1291.3062233252,1287.19613280609,1295.41631384431,2160.64451856004,1560.86770985614,3142.99709498044
"OpenCoast_62125",60.1007167265657,4.62876242679657,4.4396654493746,4.81785940421855,14.616088076217,10.3792494100967,20.8557433166163
"OpenCoast_62126",367.578742120828,30.5189180353573,29.5403349167428,31.4975011539718,87.183470979153,61.9683727781905,124.197722298806
"OpenCoast_62127",105.756895796669,15.0955970716768,14.9314423532004,15.2597517901533,18.7688185313746,12.4728343053163,28.6159224523537
"OpenCoast_62128",5710.09593985726,437.793055708857,435.74599233296,439.840119084754,1390.63676519284,1025.28468784226,1914.59816542775
"OpenCoast_62130",0,0,0,0,0,0,0
"OpenCoast_62131",658.407280169955,52.3232285872482,49.8771516003922,54.7693055741042,158.505366595973,111.590189526744,228.08009251609
"OpenCoast_62135",109.99109497641,34.2281288457089,33.9494360241633,34.5068216672546,0.992119676687217,0,11.0021750243421
"OpenCoast_62136",0,0,0,0,0,0,0
"OpenCoast_62137",42528.1018063904,3339.16082876254,3329.35697727228,3348.96468025281,10278.7626506617,7571.2435029179,14156.2387971474
"OpenCoast_62138",5191.092369815,424.954370981709,422.561123612029,427.347618351388,1237.28531675675,904.397534037936,1715.12696369021
"OpenCoast_62139",2492.01386793104,218.553064792545,217.092305584132,220.013824000957,579.414695857653,419.247926989107,809.569399702886
"OpenCoast_62140",16152.6252151334,3144.14556864398,3135.15235500077,3153.13878228719,2028.08655149389,1299.46545960699,3495.02165958333
"OpenCoast_62142",7843.32460843996,601.347697729092,594.680673313139,608.014722145045,1910.16327513947,1399.24864308974,2646.65231992549
"OpenCoast_62145",220.902151320897,40.3662613563737,37.1256350030914,43.606887709656,30.3688165180908,18.3775746182675,54.3318367076666
"OpenCoast_62146",321.17578870939,43.4550842123804,41.7432245112023,45.1669439135586,59.3886150902532,37.568902060082,91.8394526242358
"OpenCoast_62147",1761.48641717667,146.250730594586,145.052323383276,147.449137805897,417.794835049556,304.284175284109,581.406346519204
"OpenCoast_62148",1294.66008271922,270.662054525566,257.32652780775,283.997581243381,143.901050561957,87.0290135800742,273.523070592094
"OpenCoast_62150",47636.5369898989,3885.10120969178,3877.59964806104,3892.60277132252,11368.5942998438,8397.81865510522,15695.6575493974
"OpenCoast_62151",206.324173798332,29.4504350789041,28.1051184134319,30.7957517443764,36.6166286130596,23.4773357328667,57.7498805942347
"OpenCoast_62152",2857.02760268725,219.048306298031,217.662517276863,220.4340953192,695.800502358453,512.147099474972,959.536650212988
"OpenCoast_62153",25952.8176642242,2232.6863918826,2226.41768590052,2238.95509786467,6077.66535237864,4426.54106739019,8442.24640694254
"OpenCoast_62155",8093.61884426383,762.945600668669,756.321104759639,769.570096577699,1828.71208945305,1324.50165503165,2580.97365288219
"OpenCoast_62156",68554.4614441834,6701.40556582,6687.8119619937,6714.9991696463,15250.418533222,10926.4782313477,21477.5092560241
"OpenCoast_62157",9592.29513816879,735.441268243401,732.602301949395,738.280234537407,2336.10755794963,1723.77012223387,3213.69043269224
"OpenCoast_62158",16676.9837948705,5189.71058712576,5134.75775931803,5244.66341493349,150.426393829732,0,1672.21152360198
"OpenCoast_62159",350475.888929704,108756.526224058,108396.270744561,109116.781703555,3469.35817012241,212.569744125596,35198.4932495021
"OpenCoast_62160",75.4565324846657,6.26492086252042,6.15868800052415,6.37115372451669,17.8970154043944,12.9194159415146,25.1220811813749
"OpenCoast_62162",28.5327397804874,2.36898451107555,2.3024886400625,2.43548038208859,6.76748409403433,4.83005608321906,9.60333693394234
"OpenCoast_62163",4275.84695638881,578.522093199406,573.356444672151,583.687741726662,790.646860705855,516.020800204935,1186.83174151088
"OpenCoast_62167",186.203303566168,15.4598803147888,15.1504348912812,15.7693257382965,44.1642795201337,31.7818941369719,62.1799910193
"OpenCoast_62168",207.951963643119,36.4554933856203,33.4248240931235,39.486162678117,30.1328048925427,18.8945562184251,52.9544701654661
"OpenCoast_62169",1930.13454431596,173.667771724584,172.35202148587,174.983521963299,444.380610710829,320.068485084923,623.164495439984
"OpenCoast_62170",1034.51274354832,79.3160920478497,77.4604801951561,81.1717039005432,251.945233563758,182.259953400367,353.335652272953
"OpenCoast_62172",24097.5180147903,7498.90663102261,7486.69946224241,7511.1137998028,217.359612493409,0,2394.84787819799
"OpenCoast_62173",24331.6147898106,2007.7083518339,2003.00704932812,2012.40965433969,5783.51802001134,4237.27446081877,7996.91170579461
"OpenCoast_62174",15833.9468004533,2775.80616571057,2751.71940030742,2799.89293111371,2294.38193926258,1555.50607421554,3754.90644395611
"OpenCoast_62175",116.885409269914,9.70463146061123,9.59484132546181,9.81442159576066,27.7232454417078,20.1276223062323,38.6992225800738
"OpenCoast_62176",12758.1931506455,982.078895421718,974.730573008045,989.427217835391,3103.22213334648,2280.47769740548,4285.84143482078
"OpenCoast_62177",166.671010884077,29.2186417882867,27.9937448058249,30.4435387707485,24.1510826069035,15.8244478272878,40.8275040223202
"OpenCoast_62179",63.1015171889215,5.23912242553557,5.07311672200578,5.40512812906536,14.966614393529,10.6421538233254,21.3129479409027
"OpenCoast_62180",2370.44243216369,415.555818241953,406.159718214403,424.951918269503,343.483552961182,229.596051368316,569.898469527176
"OpenCoast_62182",4422.64300832623,775.321521915006,763.231415451799,787.411628378213,640.852995781137,431.443374144457,1055.98930751515
"OpenCoast_62184",1676.94705178292,293.981028518798,280.536927119035,307.425129918561,242.994186932611,158.583354875017,412.284551504646
"OpenCoast_62185",0,0,0,0,0,0,0
"OpenCoast_62187",36.7148667540013,6.43638347364419,5.66705168933331,7.20571525795506,5.32008400965458,3.20350008240904,9.66350761300216
"OpenCoast_62188",4.22009785555306,0.537456941790608,0.46644363825152,0.608470245329697,0.813860592536036,0.487365093694111,1.3523425165039
"OpenCoast_62190",776.377193021422,91.633117818887,90.9871187619521,92.279116875822,156.970623158503,107.189135504537,228.600159151767
"OpenCoast_62191",330.545343182652,57.9470054571014,54.9853958317486,60.9086150824543,47.8969188834155,31.0824269363639,81.6838918103119
"OpenCoast_62192",8627.08387656622,661.438520816333,657.360047265107,665.516994367558,2101.04000729894,1546.72952297672,2896.95632842349
"OpenCoast_62193",440.756963488533,77.2679049797182,75.0559132685889,79.4798966908474,63.8668822989451,42.4279921063323,106.589638815481
"OpenCoast_62194",881.802011977069,94.6379788835934,93.511032536615,95.7649252305717,187.723843371584,130.474454049882,270.444937690074
"OpenCoast_62197",29.6516808559083,3.18231882961214,2.65561919277321,3.70901846645108,6.31244589725825,3.7053431551598,10.4744536231359
"OpenCoast_62198",1572.34805989447,120.551925752109,117.9838464131,123.120005091118,382.929646506698,277.609050383764,535.934139808395
"OpenCoast_62199",36.1037074930684,4.88483162381216,4.47418053713092,5.29548271049339,6.67593655254328,4.02676248341783,10.7674815113366
"OpenCoast_62200",510.387959259117,39.1314448363965,38.1864255156409,40.0764641571521,124.299883597965,89.8504129779787,174.450491037015
"OpenCoast_62201",369.05432009177,29.9464580866283,29.3095905094633,30.5833256637933,88.2284257499574,63.6414070982484,124.101414924114
"OpenCoast_62202",1.34851446567756,0.202966542990809,0.157504921305627,0.248428164675991,0.228841274063802,0.120903274920522,0.428979209414505
"OpenCoast_62203",314.874187569601,42.6024775781671,39.1326252631467,46.0723298931874,58.223386023495,35.219362736832,93.6804041161477
"OpenCoast_62204",2400.14291133416,746.900472578078,724.767090937524,769.033854218632,21.6492890602342,0,245.199199895796
"OpenCoast_62205",954.796325913192,129.183942896055,127.867329842398,130.500555949711,176.551388624608,115.080596858158,265.35113043108
"OpenCoast_62206",361.687597567808,63.4064694066689,59.7070154575366,67.1059233558012,52.409516210519,33.7514883265725,89.9950356087701
"OpenCoast_62207",2253.68443622679,241.873047678486,239.829325385103,243.916769971869,479.779245645695,334.630037183261,688.833155748629
"OpenCoast_62209",1449.00173295936,111.094962865994,107.936478425633,114.253447306355,352.889882044923,253.968184530902,497.338535333545
"OpenCoast_62214",1.44891007338068,0.450886325735333,0.439634991898043,0.462137659572624,0.0130691688618937,0,0.147348239284025
"OpenCoast_62215",0,0,0,0,0,0,0
"OpenCoast_62216",1314.04610283766,116.360126703168,115.542261689206,117.17799171713,304.41057588648,222.725999856621,425.910252098716
"OpenCoast_62217",41.8521891086589,3.47485690178344,3.17455555027567,3.77515825329122,9.92663257270022,6.65943843558315,14.8858175791251
"OpenCoast_62220",1223.60628280611,379.405118230065,357.690601740388,401.119634719742,12.4058495872794,0.992748754834144,129.801933230674
"OpenCoast_62223",58.5103399941659,8.80646202921213,7.03084930764321,10.5820747507811,9.92913394031973,5.39699140649251,18.2728478732507
"OpenCoast_62224",18.7142774081463,1.43482364888258,1.31910199278527,1.55054530497989,4.55767511997995,3.10376939478886,6.74943250403009
"OpenCoast_62228",457.301913378025,80.1683551639583,62.9771967041664,97.3595136237502,66.264290518819,35.6000731758672,130.567801726917
"OpenCoast_62229",941.821552072916,85.3329398267877,82.290673258429,88.3752063951465,216.247739362481,154.112133452961,311.938344701949
"OpenCoast_62230",452.776725387704,34.7143915354753,33.2847153438828,36.1440677270677,110.269243700921,78.3169772797242,157.333000694295
"OpenCoast_62232",476.508456402285,71.7198640158924,68.7384397061994,74.7012883255853,80.8629088086833,52.7647162038831,128.992216522427
"OpenCoast_62233",7.26342668919824,0.982741631048522,0.929116472048872,1.03636679004817,1.34308022909965,0.836204824843985,2.10727913976461
"OpenCoast_62235",87.6435999417736,9.40620802392473,9.00752101770741,9.80489503014205,18.6581491134306,12.5680505844915,27.689513870554
"OpenCoast_62236",2908.02364106691,222.9581725606,217.673839446796,228.242505674404,708.220077545435,512.173739874813,993.526201170935
"OpenCoast_62238",808.032123229215,141.653914719964,133.582975738168,149.724853701759,117.086051459263,75.5124705481575,200.794398863493
"OpenCoast_62239",819.109103405888,143.595789999663,134.998025077595,152.19355492173,118.691136001937,76.312376905814,204.105147648227
"OpenCoast_62242",4551.84526889383,615.864664881335,613.412506596226,618.316823166443,841.681708671157,552.071255936603,1257.2442071051
"OpenCoast_62243",0,0,0,0,0,0,0
"OpenCoast_62244",62503.3439455703,8456.70243583567,8411.75229258112,8501.65257909022,11557.4933289754,7570.577063323,17286.6935774834
"OpenCoast_62245",488.35247435085,85.6117445906977,78.2939845895083,92.9295045918871,70.7636012211881,44.258425691919,124.626764026625
"OpenCoast_62246",5861.76750636999,1027.61052510786,1013.56878418957,1041.65226602615,849.386048106879,572.955367566182,1396.9487056447
"OpenCoast_62248",229.075529703772,21.1634474936193,20.8685354196418,21.4583595675969,52.1888278728254,37.199302077711,73.866623526325
"OpenCoast_62249",794.668130848181,60.9272055921301,59.5237421940101,62.33066899025,193.533476586766,140.055863985906,271.321735604618
"OpenCoast_62250",623.001324856775,47.7655115767689,45.1678711622151,50.3631519913227,151.725742655619,106.277343911094,219.227838079875
"OpenCoast_62251",205.333602338159,30.9050087983192,27.4886381905341,34.3213794061042,34.8448640063828,21.100714522386,59.2652536915384
"OpenCoast_62253",108.248060342682,18.9766731638143,17.7457879382708,20.2075583893578,15.6854382385158,10.0314301402379,27.1001402838062
"OpenCoast_62256",294.621943559896,31.6198249658674,31.0044351514318,32.2352147803031,62.7210675814468,43.2599944602692,91.033858499815
"OpenCoast_62258",288.032663612917,50.4942231812907,35.1760090085299,65.8124373540515,41.7367160342014,19.8844750207146,88.2603553754067
"OpenCoast_62260",940.83982134126,83.9682416779041,83.0241954466552,84.9122879091531,217.298077513781,156.118271500635,305.55900350377
"OpenCoast_62261",2314.223464568,313.11443475605,309.395173937471,316.833695574628,427.923060833268,278.455656543724,644.228514335077
"OpenCoast_62263",2316.58367263225,192.338726715243,189.804399895461,194.873053535024,549.45453109833,398.163048618528,768.403476458364
"OpenCoast_62264",3613.98223426806,488.971796296469,483.984775095427,493.95881749751,668.261454938507,435.586297585885,1004.3829289116
"OpenCoast_62265",214.743984981697,32.3213768699956,31.1269240626582,33.515829677333,36.4417945609935,23.8935204448328,57.8742516437511
"OpenCoast_62266",315.139520558293,33.8218408292281,33.1873881060276,34.4562935524286,67.088985048743,46.3058339429627,97.306296019982
"OpenCoast_62269",3241.73847612161,538.641389290374,535.138579650725,542.144198930024,499.395688148528,358.353478254165,796.949613624689
"OpenCoast_62271",883.402590369541,119.524370476999,114.736004876036,124.312736077962,163.349972985232,103.262404388432,252.76923002519
"OpenCoast_62272",412.396460980588,62.0702900541875,61.0070484033143,63.1335317050608,69.9831807164064,46.829977654368,109.017319166308
"OpenCoast_62273",4425.26225500368,775.780694929063,764.490891925027,787.070497933099,641.232531745666,432.155337473355,1055.53182112617
"OpenCoast_62274",3776.05214320341,510.899854975422,508.007286424361,513.792423526483,698.229801799743,457.206557781925,1044.71126117052
"OpenCoast_62278",4212.31870141722,569.926720301751,566.098634382822,573.754806220679,778.899851079059,509.48877094454,1166.63477264871
"OpenCoast_62280",19574.503781469,2794.03834366682,2772.88644612192,2815.19024121171,3473.91351219736,2316.30356745295,5279.19895021622
"OpenCoast_62281",0,0,0,0,0,0,0
"OpenCoast_62283",1317.90056208957,109.421178714251,108.655412177308,110.186945251195,312.583760272449,227.932388212537,434.477883193472
"OpenCoast_62285",4.27524326053626,0.458833588398953,0.437837831722937,0.479829345074969,0.910142056057361,0.610908151763437,1.35506206492858
"OpenCoast_62286",4238.58876600721,743.055473083789,728.589637784701,757.521308382877,614.183035679381,411.860892160002,1015.90371927169
"OpenCoast_62287",806.987509375087,171.580322451909,166.781253083151,176.379391820667,86.8251479250877,53.8032382822506,164.079834602363
"OpenCoast_62288",423.393701018229,45.4400461692886,43.1903756429791,47.6897166955982,90.1348508337585,60.2628431037854,134.67814472935
"OpenCoast_62291",571.870920434566,121.590230070619,119.132132243089,124.048327898149,61.5285573617332,38.4317444536282,115.398000379333
"OpenCoast_62292",76.7152416178469,10.3795721908947,9.42454474622417,11.3345996355652,14.1854153275561,8.48209027160175,23.0470192589826
"OpenCoast_62293",604.662430627319,188.164901786915,180.949208235719,195.380595338112,5.45405512425843,0,62.295262281717
"OpenCoast_62294",540.139143474051,81.2969956758018,79.3175391765993,83.2764521750042,91.6609594560242,60.8854006947468,143.799583527377
"OpenCoast_62297",5540.46288058603,1724.13664380957,1708.89599853223,1739.3772890869,49.974975182886,0,554.584063187128
"OpenCoast_62299",1514.96969457222,471.443419253928,452.967146487547,489.919692020309,13.6650266450414,0,156.206278615171
"OpenCoast_62300",3631.52258538432,364.735594544004,361.407255081001,368.063934007007,798.114252521909,563.629236427342,1135.94979019027
"OpenCoast_62301",5212.83181314994,941.449820674288,933.700323185385,949.199318163192,727.751054214453,489.475507331968,1207.80933726851
"OpenCoast_62303",1063.2580198096,143.858810080239,139.819656784908,147.897963375571,196.607040442994,125.837691106417,300.725858863662
"OpenCoast_62306",1501.33534129802,263.195016990642,248.757561441391,277.632472539892,217.547572646397,140.618951840039,372.329937551162
"OpenCoast_62308",523.124545648316,70.5337580538429,68.9837318859353,72.0837842217505,96.9759527082045,62.540615966689,147.329837712935
"OpenCoast_62312",490.456062015172,40.7210391716965,40.5742962301668,40.8677821132262,116.327896446182,85.114915626046,161.145654985603
"OpenCoast_62314",8185.24675844639,1107.4638864178,1095.83683297092,1119.09093986467,1513.53397810432,986.253149673829,2275.48491105816
"OpenCoast_62315",210.233005379832,28.4445256278913,25.5140779074879,31.3749733482947,38.8741850247848,22.9626701167391,63.7957791415326
"OpenCoast_62318",61.6021614920102,10.7846989761361,10.568828258272,11.0005696940002,8.94092915522046,5.71510533437211,14.7876305865952
"OpenCoast_62319",2621.71590988305,459.605888481735,445.793984353488,473.417792609982,379.893763021916,252.000712875421,634.895534897331
"OpenCoast_62322",223.000997704752,48.5046524087847,46.8499654843198,50.1593393332495,22.902497066254,14.1734192897342,44.4846746798795
"OpenCoast_62325",256.199963047474,34.6638550003233,33.771895811088,35.5558141895585,47.3739351671085,30.3947062299792,72.2968221854357
"OpenCoast_62327",55.1616733750258,11.7283819076742,10.1197440709137,13.3370197444346,5.93493752374284,3.26460553292107,12.4069823076624
"OpenCoast_62328",153.939294551513,20.8279865528197,20.1249080303183,21.5310650753211,28.4649149555203,18.1124172272865,43.7798323198197
"OpenCoast_62329",3400.32950281999,460.064581731545,457.707762821393,462.421400641696,628.754928366444,411.936986539254,940.256847971448
"OpenCoast_62333",3647.61165550479,279.662385627553,277.807316341689,281.517454913416,888.339342581637,653.664273745151,1225.42892138781
"OpenCoast_62334",15674.648294456,2148.87525266741,2130.90131929515,2166.84918603967,2870.30387770036,1873.44895473716,4319.99132112719
"OpenCoast_62336",855.452994775018,115.74279019306,113.510925963751,117.974654422369,158.181813263849,102.159833367376,239.881797325483
"OpenCoast_62338",135.098834873945,29.3851690971734,28.8956834236943,29.8746547706525,13.8748288178126,8.74174895527969,26.4948525301896
"OpenCoast_62339",14858.1666139035,2010.30994286115,1994.18209248915,2026.43779323315,2747.4235885769,1794.76388324023,4120.4235129074
"OpenCoast_62340",38.2110242057811,8.31122939521079,7.95929726217031,8.66316152825128,3.92432266572237,2.40790908130189,7.68307412749447
"OpenCoast_62341",11.1605808497548,2.42752319661913,2.29931882007728,2.55572757316098,1.14620639728085,0.695607977099567,2.2665910511126
"OpenCoast_62342",1252.41413161146,106.421674122733,104.956458020701,107.886890224765,294.613854960573,212.568916119449,413.193202780105
"OpenCoast_62343",87.3099951224856,11.8130423400723,10.9626240674981,12.6634606126465,16.1444911980988,9.86636166074829,25.7490365790479
"OpenCoast_62344",34.0458826420484,4.60640792146916,4.42343652117548,4.78937932176283,6.29542415934118,3.98109286905793,9.73840462091776
"OpenCoast_62347",0,0,0,0,0,0,0
"OpenCoast_62348",0,0,0,0,0,0,0
"OpenCoast_62349",0.755458102815995,0.164318693923534,0.145113262277576,0.183524125569491,0.0775865451791763,0.0439008031169124,0.162761534150758
"OpenCoast_62350",10.2901877386941,2.23820514089055,2.13345987470693,2.34295040707417,1.0568158749167,0.645431027097889,2.07788595374694
"OpenCoast_62351",18.4504849865324,4.01314061486902,3.9227474952677,4.10353373447033,1.89488918266851,1.1867403624191,3.63928962467053
"OpenCoast_62353",135.472847881355,18.3294763183473,16.7542766370165,19.9046759996781,25.0502843017413,15.0788489733149,40.4728411993454
"OpenCoast_62355",277.275642657221,35.5730734340945,33.2991872354291,37.8469596327599,53.2133601011741,36.4385682489914,83.2237987561042
"OpenCoast_62356",964.775899434658,209.847131340675,202.838622172448,216.855640508902,99.0837594172968,61.3643320860992,192.322162707211
"OpenCoast_62359",123.08163106623,16.652944683261,15.3359722531505,17.9699171133714,22.7590244004566,13.8023750278354,36.5388314638552
"OpenCoast_62360",79.1620002846531,17.2184221026442,16.5459856619154,17.890858543373,8.13004200850457,5.00562145401681,15.8668162823693
"OpenCoast_62361",20.9770244044554,2.83819140192282,2.6177734678637,3.05860933598194,3.87886158262785,2.35599612107733,6.21917231649661
"OpenCoast_62362",37.1043955540913,3.0806623912287,2.94764693684642,3.21367784561099,8.80053610914687,6.18343985319754,12.6718455116776
"OpenCoast_62363",924.378815452671,201.0604149715,199.522301507387,202.598528435612,94.9349255246,60.3610527282767,179.677997116408
"OpenCoast_62364",1960.51406233857,295.079342376792,289.231822402281,300.926862351304,332.69686552464,222.018932804084,519.632577374694
"OpenCoast_62366",1838.43375144773,164.234173557885,160.998227944134,167.470119171636,424.450697993191,302.296063062162,601.907801085145
"OpenCoast_62368",203.689011302094,44.3041277590057,43.727289920676,44.8809655973355,20.9191305500378,13.2287229679377,39.8034579493132
"OpenCoast_62369",12.8002827218958,1.73187825227251,1.68202747792827,1.78172902661674,2.36690027810576,1.51382473013545,3.62284902078737
"OpenCoast_62372",178.4683685199,38.8184190659168,38.442872592476,39.1939655393576,18.3289372178402,11.6300395597379,34.7598439215682
"OpenCoast_62373",0.615487569212581,0.0722428187287187,0.0687677847868949,0.0757178526705425,0.124842455808842,0.0862824453875145,0.189035108727118
"OpenCoast_62374",1425.99192958588,109.330801241349,108.65065096581,110.010951516889,347.286074531345,255.648590507788,478.871200720576
"OpenCoast_62377",524.106824111303,122.76611020029,121.276801452233,124.255418948346,45.0581359483906,27.582528394381,93.4526827762915
"OpenCoast_62378",101.677691491248,9.37193496002745,8.72991388118761,10.0139560388673,23.186278632385,15.6177763897328,34.5742527496846
"OpenCoast_62380",0,0,0,0,0,0,0
"OpenCoast_62381",291.733711285816,31.3098500948049,30.3939062509197,32.22579393869,62.1062015960262,42.4081332112257,91.0072535719992
"OpenCoast_62382",9.20429124641482,1.61357927462928,1.33820535987685,1.88895318938172,1.33372682538521,0.756467598260081,2.53325490568653
"OpenCoast_62383",154.047176792012,20.7847460083457,16.9797508135307,24.5897412031608,28.5427004722244,15.3715487938616,50.2066964113867
"OpenCoast_62384",101.475166488635,17.7652715039092,17.0977348960761,18.4328081117424,14.7280915574166,9.24561867430904,24.7784946245746
"OpenCoast_62386",71.7834387720783,5.50363625065524,5.25211707457771,5.75515542673277,17.4821386785519,12.3579225284181,25.0518530340132
"OpenCoast_62387",448.343046682524,60.6608142161455,59.9077567189556,61.4138717133353,82.9031127620654,53.91698104706,124.874872483782
"OpenCoast_62388",0,0,0,0,0,0,0
"OpenCoast_62389",22538.3359580704,7013.70476679193,6931.40583024725,7096.00370333661,203.295790341795,0,2262.49393439718
"OpenCoast_62390",2099.12164528251,367.991308735791,354.978224720271,381.00439275131,304.168433300121,200.663913880515,510.96091340479
"OpenCoast_62391",8.51668002092842,1.85245182014345,1.70935735554086,1.99554628474605,0.874674289358036,0.517128204164432,1.76978461968548
"OpenCoast_62392",399.489634845967,35.498307886534,35.0797626963341,35.9168530767338,92.4222680874931,66.5349824849588,129.970805020003
"OpenCoast_62393",4721.25184736438,638.785374948401,636.160962903864,641.409786992937,873.006679096148,572.544866613478,1304.19990021897
"OpenCoast_62394",4439.23783337171,783.505250691776,779.322981523093,787.687519860459,637.983095932178,411.74960066179,1043.94523174782
"OpenCoast_62395",124.485660794648,16.052254177866,15.768525349402,16.33598300633,23.8092992651882,15.6673660110252,35.6572122836439
"OpenCoast_62401",512.88486437427,69.3933221498388,69.0102525895314,69.7763917101462,94.8375402714463,62.1092273305782,141.878663143964
"OpenCoast_62402",37.1944515953645,8.09011602969198,7.65204875576138,8.52818330362259,3.81991931565967,2.31495785150993,7.56336636237456
"OpenCoast_62403",6019.77249321172,840.024929553523,832.592057249406,847.45780185764,1087.5664204978,709.009829074439,1644.97764880249
"OpenCoast_62404",8370.65218384906,968.646656619897,957.449827522149,979.843485717645,1711.71987917041,1169.52003122895,2495.26651796356
"OpenCoast_62405",346.27497082353,60.7045237145602,56.8473055430137,64.5617418861068,50.1761846928424,32.1349368198899,86.5830610689619
"OpenCoast_62406",92.3906799620536,12.6844249523446,12.3830694522428,12.9857804524465,16.8999946783046,10.8587915200202,25.8331325632644
"OpenCoast_62408",555.644952374675,75.1787620562935,74.2088673481774,76.1486567644097,102.744308143601,66.7879806133596,154.835602087633
"OpenCoast_62409",376.452983805103,33.4512907426761,33.026677195791,33.8759042895612,87.092719201556,62.6409422372739,122.58530951719
"OpenCoast_62411",892.933527483382,120.813906268502,120.144120546399,121.483691990604,165.112338566952,108.129708491759,247.016840380896
"OpenCoast_62412",229.164630654888,49.8452960691216,46.986996344887,52.7035957933561,23.5355103128801,14.2148749412459,46.7410923766531
"OpenCoast_62414",137.35295557963,29.875459913995,29.0753293064189,30.6755905215711,14.1063299921584,8.79609683778524,27.205176206552
"OpenCoast_62418",159.767584096398,34.7508361511779,32.6471256307335,36.8545466716223,16.4083419523296,9.87666469730663,32.6850899743567
"OpenCoast_62419",9757.45010988586,1320.18299986756,1292.73604134012,1347.62995839499,1804.25009981899,1163.46243720611,2740.18091540315
"OpenCoast_62421",17265.0107256709,3026.68209179561,2992.41458818326,3060.94959540796,2501.74699267147,1691.56748612167,4105.00674247225
"OpenCoast_62422",132.4069218875,14.6035098823431,14.447104324123,14.7599154405633,27.7945105752534,19.2261931541716,40.16321013884
"OpenCoast_62423",4491.97637327694,491.386794052053,488.782205459639,493.991382644467,946.988960434956,659.849412608338,1359.33236153913
"OpenCoast_62424",1850.95063994937,402.597828443028,397.504710599371,407.690946286685,190.095075975161,120.256245116232,361.567743047873
"OpenCoast_62426",2677.26795143213,207.890449001271,204.79453015059,210.986367851951,649.397521726812,473.797938628453,904.154242717212
"OpenCoast_62427",270.817468462215,36.6416034829377,36.165929493874,37.1172774720013,50.0768580933482,32.5493365444866,75.4717975264027
"OpenCoast_62428",253.733760605578,34.3301778099347,32.6856629427521,35.9746926771173,46.9179096735774,29.4170966484769,73.1485417768052
"OpenCoast_62430",608.177584638037,132.283902983873,128.393495643499,136.174310324246,62.4606413930733,38.8426080791678,120.768534335849
"OpenCoast_62431",279.317915011457,60.754070693059,59.3136170142072,62.1945243719108,28.6863188727597,17.9440209793631,55.1582859808582
"OpenCoast_62432",63.7035875981459,19.5203991624777,19.1417111587241,19.8990871662314,0.87812662232455,0.206052985004591,6.75269688747089
"OpenCoast_62433",3626.8673420448,490.715151378662,487.51721771529,493.913085042034,670.644040217505,438.765495943761,1004.28993958547
"OpenCoast_62435",381.543616732862,30.9672725661992,28.9801739246902,32.9543712077082,91.2068089478307,62.8094563616882,133.682920698952
"OpenCoast_62436",473.225768119246,64.0274464265339,62.1667079847427,65.8881848683251,87.5041767829297,55.9500371862684,133.972642565594
"OpenCoast_62437",53.1286458927695,7.18830578929172,6.94690802294612,7.42970355563732,9.82401791203201,6.2522172206515,15.1070638964625
"OpenCoast_62441",278.784851557462,37.7195904157246,32.8497850946348,42.5893957368144,51.5501069014903,29.5648065851713,86.5984379981893
"OpenCoast_62442",547.971804574431,119.18862329884,115.263068353791,123.11417824389,56.2774282439382,34.8702881530692,109.185931084019
"OpenCoast_62443",367.069459990245,49.6644979366801,49.4513751024379,49.8776207709224,67.8748138467961,44.506237592194,101.417828900875
"OpenCoast_62445",821.541885063027,111.154617049028,110.441540549846,111.867693548209,151.911309967004,99.3973864948615,227.464310214692
"OpenCoast_62448",1225.8628469546,108.929125995062,108.127985436653,109.73026655347,283.604416228272,205.083873555206,397.076298654141
"OpenCoast_62449",1026.90995158536,91.2503415693835,89.976269523295,92.5244136154719,237.576494027764,170.65592970559,334.814202567108
"OpenCoast_62450",183.011081366408,24.761399308875,24.2784175215224,25.2443810962276,33.8405790554625,21.8505757693701,51.3302415623295
"OpenCoast_62453",19.3070011622475,2.61223725725208,2.50307734005486,2.72139717444931,3.57005758491118,2.25276960604937,5.53350758804693
"OpenCoast_62454",23.978545445876,5.21554174237526,5.15142208878359,5.27966139596694,2.46262829484871,1.55844864447478,4.68235871407942
"OpenCoast_62455",1755.94295899881,134.628146666439,133.138705630384,136.117587702493,427.64234823457,313.267542659727,592.51185235203
"OpenCoast_62456",341.324319326383,74.2410017802286,73.5216216697604,74.9603818906969,35.0544585112726,22.242338068221,66.4799067653738
"OpenCoast_62457",131.668523436799,17.8147512209989,17.0386770154512,18.5908254265467,24.3468266686985,15.3348093139061,37.8013450339782
"OpenCoast_62459",1595.79857855686,215.911547678744,207.910389132086,223.912706225402,295.07911516095,187.119350218877,455.289169324984
"OpenCoast_62460",113.022742377463,24.0307047584185,20.8442631105095,27.2171464063275,12.160307578269,6.72431004216964,25.3191987714703
"OpenCoast_62462",35.1738623242916,4.75902357247666,4.57432243900832,4.94372470594499,6.50399888238476,4.11689019510748,10.0522402354215
"OpenCoast_62464",5.57785092128588,0.75468322964998,0.734681133275661,0.7746853260243,1.03140041385497,0.661213019948094,1.57519349624941
"OpenCoast_62465",825.743847995262,144.563090260725,140.443118404864,148.683062116585,119.848347305838,75.9447684792566,199.86875754835
"OpenCoast_62466",14177.954179273,3171.0561019263,3149.69350713694,3192.41869671565,1368.86660581871,853.353196676603,2665.55507298319
"OpenCoast_62467",2461.21952762468,333.00300208762,328.091413988938,337.914590186302,455.10410285308,295.282272590044,687.09300004548
"OpenCoast_62468",12.0800392737009,2.62751338373426,2.51325945426907,2.74176731319945,1.2406359920975,0.760330977002881,2.43158360131661
"OpenCoast_62469",20.6516877213743,2.79417334870194,2.49344211723413,3.09490458016976,3.81870357655932,2.24409790551071,6.29297264634517
"OpenCoast_62470",4210.09904414215,569.626400672433,561.667023138766,577.585778206099,778.489414252324,505.500320824889,1174.42441568573
"OpenCoast_62471",10834.0610877281,962.705418632394,958.707131541261,966.703705723526,2506.46928226901,1818.3578594153,3498.17002565004
"OpenCoast_62472",344.46843209457,35.5825238895585,34.6203097347343,36.5447380443827,74.7197127514439,52.0406790839372,108.651534061124
"OpenCoast_62474",5.56744876306087,0.575100241873888,0.535976846614999,0.614223637132777,1.20765252654583,0.80567156345015,1.8261545711459
"OpenCoast_62475",144.807726110602,30.7887743625985,27.076211732036,34.5013369931609,15.5801076152775,8.7347219466753,32.0954370517049
"OpenCoast_62477",31.5768422931626,5.52816216997275,5.2258174972577,5.8305068426878,4.58305850072086,2.82586647499519,7.83771965640174
"OpenCoast_62478",72.82452088759,22.6622626550091,21.8930817530826,23.4314435569357,0.656877178406062,0,7.47089504713891
"OpenCoast_62479",26.9081158466973,8.3268418147598,7.60666694740534,9.04701668211426,0.289405960511134,0.0295312173818934,2.95146518925271
"OpenCoast_62482",265.095521234937,35.8674240230869,35.4835920642431,36.2512559819308,49.0188128315521,31.9352328578187,73.7108871632592
"OpenCoast_62483",28.7196665090071,3.88577087866867,3.76096851530244,4.01057324203489,5.31055353418051,3.3848716637722,8.15483225880428
"OpenCoast_62484",2843.9169199965,384.781959275526,377.73276466757,391.831153883483,525.868677676552,339.959488200813,796.723346229748
"OpenCoast_62485",81.3176674855987,11.0022804108015,10.8771811847915,11.1273796368115,15.036449894762,9.78946306631234,22.6256719281834
"OpenCoast_62486",67.0493740465067,9.07178030849236,8.9095030978395,9.23405751914522,12.3980997549396,8.01855278805555,18.7759169555953
"OpenCoast_62487",873.993832734164,77.6623458010164,76.3773547775574,78.9473368244753,202.19921937879,144.863179559174,285.683406041749
"OpenCoast_62488",568.53001996925,66.7311790342391,64.9303199307766,68.5320381377015,115.317818660115,81.4676058096425,171.095201775201
"OpenCoast_62491",41.8106784308358,13.0110650208918,12.6404893006116,13.381640741172,0.377132319446139,0,4.26661009138816
"OpenCoast_62492",177.91233965111,17.8206615666674,17.269550985906,18.3717721474288,39.1486487130144,27.0519736882312,56.9033091280392
"OpenCoast_62494",65.5438308863872,20.3965847335348,19.4326462117723,21.3605232552973,0.591205354595213,0,6.81060161763104
"OpenCoast_62495",308.933828414664,96.1371180643593,94.8747355145732,97.3995006141454,2.78658313230027,0,31.0549132392927
"OpenCoast_62496",900.986541062103,69.1875892232524,66.6197019934999,71.7554764530048,219.317311090244,156.400491592646,311.742513438797
"OpenCoast_62497",710.089311470243,65.9142177756937,64.7382943710035,67.0901411803839,161.463480650193,114.547765781024,229.536745112647
"OpenCoast_62498",42.2127504204001,13.1361858033243,12.5732053595342,13.6991662471144,0.380759008792009,0,4.36785010777562
"OpenCoast_62499",269.505984392206,27.8391348365469,27.067991070592,28.6102786025018,58.4593764256814,40.6881581229264,85.0615116272745
"OpenCoast_62500",282.175537268092,38.1783501923729,36.0168447176273,40.3398556671185,52.177078596243,32.4151602458646,82.0243731898076
"OpenCoast_62501",2141.41546837303,190.284350277579,187.15147732176,193.417223233398,495.418296850148,354.965920762591,699.910767646362
"OpenCoast_62502",55804.5272377544,14402.5133694063,14346.1641703502,14458.8625684623,3466.65429739504,2048.01151051372,8533.47940089849
"OpenCoast_62504",601.706609113437,53.4671355763883,52.2571168718261,54.6771542809505,139.205337727826,99.1148767418752,197.857917644278
"OpenCoast_62508",2566.60659000373,347.261871627505,328.323366348933,366.200376906077,474.59122455759,295.491029714039,744.607433042357
"OpenCoast_62509",773.107790759632,240.58341340649,236.338861245808,244.827965567171,6.97343227265188,0,78.0610904706923
"OpenCoast_62510",772.433346878856,59.2224647052019,56.6766579182289,61.768271492175,188.118417298877,133.356842160539,268.873652377703
"OpenCoast_62511",149.759038748257,20.2623979426391,19.2582923645235,21.2665035207548,27.6919438549401,17.3324631280711,43.2418904922015
"OpenCoast_62513",6327.45111642217,938.935479563923,928.881277656572,948.989681471274,1087.17764242562,705.512485889584,1675.66681603902
"OpenCoast_62514",594.460205535793,126.393125749423,117.642797588334,135.143453910513,63.9589766651928,37.9512886120363,125.719424113757
"OpenCoast_62516",2143.21633595769,190.444373833654,186.015571697481,194.873175969827,495.834929103357,352.811474580324,705.179362554174
"OpenCoast_62518",6976.63551518996,1497.41914451109,1485.78246008315,1509.05582893903,736.569313807885,462.741989856883,1376.47616876351
"OpenCoast_62520",79.5319152154543,16.909941603003,15.5912624787632,18.2286207272427,8.55697296813765,5.02970444674491,16.9574746974761
"OpenCoast_62521",63.4558354441771,8.58557453559717,8.12345636098451,9.04769271020982,11.7336185319828,7.31111072488606,18.3969751774266
"OpenCoast_62522",71.4988049557761,8.39216819983594,7.07121873743298,9.71311766223891,14.5024641350531,8.87220733409464,24.2495024436285
"OpenCoast_62524",298.223284928895,92.8041040370229,89.5758813849485,96.0323266890973,2.68997403005864,0,30.6190027124658
"OpenCoast_62525",44.7108507419932,6.04937810539168,5.58071571445428,6.51804049632907,8.26748341070196,5.02264414300885,13.2533490092024
"OpenCoast_62526",3518.69664419411,476.079655959463,468.814769609872,483.344542309054,650.642196477932,421.933292648884,982.800569361742
"OpenCoast_62531",4939.22235600715,416.433249299624,414.592332799302,418.274165799946,1165.15514131743,849.520511396202,1617.79326140888
"OpenCoast_62533",434.664907804585,53.7320458354067,52.7252573095007,54.7388343613128,85.4520042926993,56.9203678726872,126.994536463213
"OpenCoast_62535",1088.85734619145,96.7549341662444,96.1723663299536,97.3375020025353,251.908076657721,182.407924611451,352.231123001718
"OpenCoast_62536",5466.95132615672,494.956221189233,492.513363152341,497.399079226126,1255.61626295941,905.939511414081,1757.36616119502
"OpenCoast_62537",818.837473053727,72.7611987697761,71.1938057412027,74.3285917983496,189.438748476758,135.031660819173,268.969747750328
"OpenCoast_62539",2356.17925329518,209.368076850318,207.456583752341,211.279569948296,545.104081847331,393.478151087773,764.548490141755
"OpenCoast_62540",715.419775832086,155.610010315064,152.185444348064,159.034576282063,73.4745561041285,46.040335147345,141.042555240963
"OpenCoast_62541",2097.07807217594,652.589725280431,598.725740806728,706.453709754134,18.915644211027,0,225.246110356391
"OpenCoast_62548",1309.12888873944,250.70095868968,216.562837585989,284.83907979337,168.495202773577,93.7043329988954,325.602236496492
"OpenCoast_62552",12.9288515269746,1.09015279198634,1.04755664352107,1.13274894045162,3.0497947554662,2.14619756470697,4.38071039187144
"OpenCoast_62553",1735.97047148064,540.21665102006,524.048606597783,556.384695442338,15.6584536527554,0,177.398018836687
"OpenCoast_62554",117.522194188646,15.9007528737238,15.1231644619668,16.6783412854809,21.7310289274225,13.6108480157701,33.9126272804777
"OpenCoast_62555",0,0,0,0,0,0,0
"OpenCoast_62557",3216.45884184182,284.820720950365,279.219816552508,290.421625348221,745.121564795805,538.240397169317,1055.6039223268
"OpenCoast_62559",207.842460523077,41.4614654313142,38.9916115207926,43.9313193418358,25.0917688527804,15.1158423584123,46.4506515756813
"OpenCoast_62560",31.127166721622,3.6535494386761,3.47380374646815,3.83329513088405,6.31368061725448,4.35855659696488,9.57009920768274
"OpenCoast_62561",52.6014307859797,5.43356514902134,4.9381810958081,5.92894920223458,11.4099390029572,7.42299244675683,17.627419449851
"OpenCoast_62564",1224.33549649698,381.000963154894,373.688871782603,388.313054527185,11.0435061784027,0,123.809959414465
"OpenCoast_62566",74.9818120504531,19.2994610109283,18.3463596990916,20.2525623227649,4.71046502574733,2.65493364481794,12.0404577662663
"OpenCoast_62571",629.618542527305,85.1873888039443,82.5083542099731,87.8664233979156,116.422764698724,74.2575187889757,178.661727575762
"OpenCoast_62572",701.606350284929,213.668566519556,210.953165493046,216.383967546066,10.9928029051809,3.18810276402256,75.2216517279113
"OpenCoast_62573",207.086743696125,64.4433237707971,62.8273023492917,66.0593451923024,1.86792242813905,0,21.0623999163863
"OpenCoast_62574",562.423443595584,70.7162640955591,69.0412004690989,72.3913277220193,109.377346778183,72.1162604406984,163.900435130958
"OpenCoast_62576",5665.12777156362,1762.93111123288,1748.50685553497,1777.3553669308,51.0994524995039,0,566.693015543155
"OpenCoast_62577",1652.46928918137,223.579094826239,214.448709284615,232.709480367864,305.558096262527,193.003838356153,473.175943414656
"OpenCoast_62578",18.8404591699433,4.84931875124121,4.00479253877304,5.69384496370938,1.18358467956633,0.579540498828815,3.38507783462787
"OpenCoast_62579",255.118565972703,28.7047127730647,28.2005084871076,29.2089170590218,52.9868032370544,36.2308363578729,77.3334274049159
"OpenCoast_62582",3.42998986342221,0.746052563904758,0.729699940293323,0.762405187516192,0.352264490261669,0.220754553446422,0.67615218206091
"OpenCoast_62584",228.217010525674,71.0188515054844,69.4819542406108,72.555748770358,2.05851743494158,0,23.1337169992446
"OpenCoast_62585",37.1285477428763,8.07578136980149,7.8732707951416,8.27829194446137,3.81315090294493,2.38188367926353,7.34174590314672
"OpenCoast_62586",429.204973979824,58.0714329794701,55.1340945710797,61.0087713878606,79.3642917386092,49.6206851139717,124.05116848865
"OpenCoast_62587",176.368700466915,38.1953992423771,34.3954215005006,41.9953769842537,18.2796223341336,10.4043089948134,37.5893772373885
"OpenCoast_62591",254.265675782512,79.1249356467601,78.2975778265781,79.952293466942,2.29347639555826,0,25.4920355981554
"OpenCoast_62592",621.476028499321,84.0857066559581,82.3000974885788,85.8713158233374,114.917132429809,74.0700877397209,174.605008840786
"OpenCoast_62593",2270.89389198308,307.251943585311,298.109806658442,316.394080512179,419.910989566591,268.298825992598,643.334630374763
"OpenCoast_62595",72701.8297713874,18013.776919108,17979.1710863021,18048.3827519139,5266.07599198798,3323.36604288005,11846.4954182296
"OpenCoast_62596",29769.9445422957,4772.47529253695,4754.85007994237,4790.10050513154,4760.15864935155,3225.03652899024,7472.90425722993
"OpenCoast_62597",8652.07663959987,2692.43972947708,2684.82109245677,2700.0583664974,78.0417312891909,0,860.888174825258
"OpenCoast_62598",42394.0632810345,6669.95268265712,6655.63439441073,6684.27097090352,6905.05032056294,4754.09600934651,10752.0266021781
"OpenCoast_62600",25.5337106386539,3.45471104940987,3.44426261059456,3.46515948822519,4.72143843419349,3.0998363495351,7.04582429272455
"OpenCoast_62607",1648.21369142705,245.603305405878,235.512670422723,255.693940389033,282.171200725978,177.453754817219,448.541180866122
"OpenCoast_62608",161.395647930314,50.2247116794343,34.0105146272118,66.4389087316568,1.45578874433143,0,21.1834201753109
"OpenCoast_62609",8126.73332245056,2018.10735205171,2002.63133235702,2033.58337174639,584.153925130186,350.953816081607,1327.28621275569
"OpenCoast_62610",1447.23137313814,195.81040478559,193.094398575408,198.526410995773,267.607553206973,173.784958717867,403.670369024738
"OpenCoast_62612",228.081895696082,21.8248884800899,21.0770553924942,22.5727215676856,51.2092153407524,36.3842299996679,74.2418302959869
"OpenCoast_62614",473.320065296865,64.0402048346659,62.51306848846,65.5673411808718,87.5216132740433,56.2617616396139,133.320260401106
"OpenCoast_62616",375.57759958537,71.010892506622,69.4673533629827,72.5544316502611,49.2528106566092,31.0625632525831,84.9368761662189
"OpenCoast_62618",820.822199694707,84.7883951284639,82.1070847435374,87.4697055133904,178.047081435778,123.422016740916,260.057075148891
"OpenCoast_62619",764.047028517561,144.459258145219,141.61906658633,147.299449704107,100.19624085639,63.3254471438345,172.438193426672
"OpenCoast_62624",334.045618731521,58.8007835822587,56.1030027717558,61.4985643927616,48.1639639917615,29.8241652598887,81.8870489855299
"OpenCoast_62625",2.09778059905432,0.45430718314344,0.138211745276099,0.770402621010781,0.217423142479745,0.0418078233041579,0.689574825264823
"OpenCoast_62626",214.701246523011,19.0781694639841,18.4372799890205,19.7190589389477,49.6713166851493,34.9695666917369,71.3565288990229
"OpenCoast_62627",70.2417117780539,18.0794134034698,17.0030751369413,19.1557516699982,4.41268512498089,2.46054459777478,11.3883870735924
"OpenCoast_62630",122.991843203275,31.6566940389041,30.7374723508301,32.5759157269782,7.72652407321657,4.44807312400621,19.3668796697022
"OpenCoast_62631",300.90160231352,77.4486316504073,76.4171906040074,78.4800726968072,18.9030704264048,11.0584646602721,46.6576024179055
"OpenCoast_62632",601.751690477656,81.4170037216268,78.129724615244,84.7042828280096,111.269905086223,70.3167521537196,172.232041750286
"OpenCoast_62634",92.4185810709755,23.78748596879,22.4656350755156,25.1093368620644,5.80586787594704,3.25104115434638,14.9278844428889
"OpenCoast_62635",2348.81243500418,413.452546363143,408.640648919655,418.26444380663,338.660683449545,217.23197766918,556.930740369124
"OpenCoast_62636",266.385602678403,25.4901251737428,25.2067335433278,25.7735168041579,59.8092086599085,43.513079683198,84.7692669653236
"OpenCoast_62637",2937.50272569895,281.086182674345,279.486702912709,282.685662435982,659.531565121717,482.463431976655,929.755010478014
"OpenCoast_62638",327.334725398621,36.0380014793824,34.3655052319031,37.7104977268618,68.77785094051,46.7365933664948,102.865631224891
"OpenCoast_62640",12497.7856477187,3889.18591571359,3873.08049192967,3905.29133949751,112.730026542423,0,1245.1653546224
"OpenCoast_62642",14.8394609656719,2.80571410183375,2.23502107117675,3.37640713249076,1.94602969398406,0.999397271283961,3.95263897705791
"OpenCoast_62643",297.321580833547,76.5271750587138,75.0805455072554,77.9738046101722,18.6781683399964,10.8650364218231,46.3566183044689
"OpenCoast_62644",2731.86732479044,300.765641568834,293.447276874304,308.084006263364,574.005594502313,399.084080423982,840.382855832744
"OpenCoast_62645",472.550326900545,82.1967145621675,80.4551742787125,83.9382548456226,69.118625614656,44.0542795195446,114.110209274727
"OpenCoast_62646",1887.99027950048,207.85877942782,195.094139431972,220.623419423668,396.694587971029,265.325226598259,601.810335848308
"OpenCoast_62648",599.339456813366,186.508445565751,181.886383727898,191.130507403604,5.40604190045656,0,60.9401617808594
"OpenCoast_62649",21.5541089287227,2.91627093805618,2.56442281066708,3.26811906544528,3.98557028201011,2.30798052960037,6.64517543307208
"OpenCoast_62653",1714.37958517466,441.261701434298,436.443942298379,446.079460570218,107.699785534479,63.1585625426454,265.20105554038
"OpenCoast_62655",585.76885231736,64.4903737013601,60.5554217071401,68.42532569558,123.078670499182,82.3545034872893,186.648671954041
"OpenCoast_62656",2167.50378776531,674.505503714686,664.017246377309,684.993761052064,19.5508841656431,0,218.403807871673
"OpenCoast_62657",790.072846413012,178.768294832701,176.215769086761,181.32082057864,74.2209313172098,45.7867885184991,147.562802683586
"OpenCoast_62659",20.1930695300255,5.19746519093806,5.12601584656314,5.26891453531298,1.26855760327139,0.741794675244717,3.13245020187854
"OpenCoast_62661",3611.7367141938,1123.93634808997,1117.10416064082,1130.76853553912,32.5778651620281,0,360.534895389283
"OpenCoast_62662",281.775101623547,26.9627282368539,26.0707960856779,27.8546603880299,63.264477054022,45.0046661353626,91.6141619555934
"OpenCoast_62663",17.7758599025272,3.36090245569666,1.56396869134217,5.15783622005116,2.33110564369156,0.699333917992089,6.0380942465359
"OpenCoast_62664",14663.1286490443,2110.19332764288,2099.23024710085,2121.15640818491,2585.08709706761,1689.28789803308,3928.00296909093
"OpenCoast_62665",1972.96476117839,266.942132187436,264.834168918152,269.050095456721,364.820913989496,238.350752026336,547.068527428665
"OpenCoast_62666",427.980807056878,110.157365811086,108.755938544741,111.55879307743,26.8863684165973,15.738261161994,66.3234071372093
"OpenCoast_62667",362.507149604674,34.6878830045308,33.1280163303044,36.2477496787573,81.3905313703819,57.1871802369406,119.219088056896
"OpenCoast_62668",497.524149136661,54.7750502204769,53.1070711468454,56.4430292941083,104.537157574573,72.2248537400063,153.963702060812
"OpenCoast_62671",1227.9060976062,109.110687503529,109.110687503529,109.110687503529,284.077124010952,206.947742058922,394.834254015032
"OpenCoast_62675",19685.0141433819,3634.34190162049,3617.43025825875,3651.25354498223,2668.99647723182,1716.8152639386,4465.2666905117
"OpenCoast_62676",130.871618719186,33.6848581521141,32.5601335003878,34.8095828038405,8.22154287795635,4.71183359139217,20.6948288780169
"OpenCoast_62677",699.57476745066,62.163616570901,58.9333342574859,65.3938988843162,161.847219714475,111.777505353872,236.638150431306
"OpenCoast_62678",248.984482444339,33.6876004747191,32.857061178095,34.5181397713431,46.0397206487827,29.5713550602855,70.1868842017309
"OpenCoast_62679",662.104899765325,206.040423757972,200.217934591578,211.862912924365,5.97218619588324,0,67.5504939758845
"OpenCoast_62680",238.065492038255,74.0836004673846,64.2622724258479,83.9049285089214,2.14735073818506,0,26.7522960463228
"OpenCoast_62681",16.6424862395059,4.28358565258645,3.90527702689089,4.661894278282,1.04550486616574,0.565139435892593,2.77156738361736
"OpenCoast_62682",4954.6220417046,709.833124713815,704.836658824715,714.829590602915,876.686399260413,571.942625983656,1332.90998845793
"OpenCoast_62683",52123.8900099867,16069.2965584575,16041.5218829984,16097.0712339167,621.294261640306,104.452299842468,5332.06935427494
"OpenCoast_62684",1.37871470731327,0.24268992191621,0.137854101889247,0.347525741943172,0.198788314512572,0.0732827712132416,0.46274019133986
"OpenCoast_62686",1530.10006614265,265.875987800785,264.082054403976,267.669921197595,224.077354378753,144.593353900837,364.535510389032
"OpenCoast_62688",135.52998592417,13.9998284678067,13.1341714690165,14.8654854665969,29.3982283249718,19.7430701137469,44.1967267229422
"OpenCoast_62689",1958.57391632009,609.48861701965,555.353368414043,663.623865625258,17.6663367252073,0,211.590218025445
"OpenCoast_62690",5776.65099252713,1092.19810534886,1092.19810534886,1092.19810534886,757.543308968248,488.380096395452,1278.59722849419
"OpenCoast_62691",722.563906973475,97.7628966135112,96.1988316815384,99.326961545484,133.609292038465,86.5789485133845,201.964821809151
"OpenCoast_62694",22.2378622270962,5.72377144912763,5.54635363662865,5.90118926162661,1.39701441461085,0.802622488464175,3.50834718802432
"OpenCoast_62695",48.1615167203918,9.1059538443273,7.16050081585166,11.0514068728029,6.31584542470935,3.20184228626577,12.9374864590285
"OpenCoast_62697",449.77170156176,85.0388574488528,74.7100199166657,95.3676949810399,58.9825391082383,33.4068394276814,111.643546984262
"OpenCoast_62698",35.3333699155424,10.9953913840176,9.85230136166829,12.138481406367,0.318706996638192,0,3.87024044840686
"OpenCoast_62699",67.6133040613141,17.4028913128071,17.100208062269,17.7055745633453,4.24756478066623,2.4746008724637,10.5262346245349
"OpenCoast_62700",792.797628558759,193.939912578778,189.247631286438,198.632193871117,59.9218160620228,35.6497049182848,134.612099013235
"OpenCoast_62705",144.042669368004,44.8246382806291,40.2299501216596,49.4193264395987,1.2992648776994,0,15.7568866908865
"OpenCoast_62707",99.7436306911702,25.6728699796877,24.791986520098,26.5537534392775,6.26603800393186,3.58769152102366,15.7866121691717
"OpenCoast_62710",240.661274455813,30.3897464653362,29.5703245199946,31.2091684106777,46.6724002281597,30.6283076892117,70.2238306243219
"OpenCoast_62711",57.0207456471449,7.71490688605871,6.26066541787778,9.16914835423964,10.5437060776136,5.63459887609,18.6439349869539
"OpenCoast_62712",30.9039324255777,3.19228066016954,2.688238925254,3.69632239508508,6.7034675418247,4.04091645285696,10.9895738785357
"OpenCoast_62713",2255.82908985215,691.703757205906,676.593459656357,706.814054755455,30.6352756556522,6.96666606058185,239.225225462618
"OpenCoast_62715",109.646824720703,33.6209515899002,32.4858893046952,34.7560138751052,1.48905815391621,0.334496793069485,11.7633700115522
"OpenCoast_62716",33.1317882121619,3.42241127407398,3.41774587045075,3.4270766776972,7.18671862934238,5.13749927130582,10.1890766852585
"OpenCoast_62719",430.954340021944,44.5162507516213,43.6930204546372,45.3394810486054,93.4796384668053,65.6786283285727,134.799274343777
"OpenCoast_62720",305.632278466094,31.5708693066955,30.0752875404213,33.0664510729696,66.2956425809325,45.2086766190283,98.3102035283975
"OpenCoast_62721",408.578092522451,55.2806159182876,49.3737771737861,61.1874546627892,75.5501750883264,44.4363994564074,124.414491147671
"OpenCoast_62724",0,0,0,0,0,0,0
"OpenCoast_62725",424.81337745848,109.342105651755,106.228458404217,112.455752899293,26.6873859442248,15.3725051116524,66.8566634571289
"OpenCoast_62726",34591.4849445245,9167.17600960017,8640.63270963025,9693.71930957009,1909.36338448601,1042.33837254561,5318.40010348234
"OpenCoast_62727",26.8217474630805,2.77060357624512,2.28483266830002,3.25637448419022,5.81798817890787,3.43452281514979,9.68156024966094
"OpenCoast_62730",160.839179061794,49.3180378617459,46.3516165728876,52.2844591506043,2.18427566563112,0.477267743905548,17.6959717260034
"OpenCoast_62735",87.2252789363009,9.01010160104378,8.23891571789613,9.78128748419143,18.9203049671491,12.3846023377563,29.0808457556757
"OpenCoast_62738",488.751044337231,76.7394819251439,75.8391134526225,77.6398503976653,79.763489982081,51.5567294661804,125.301926942131
"OpenCoast_62739",8121.95085858668,1057.55831218505,1052.27711835632,1062.83950601378,1543.17157224299,1033.08519965166,2287.13619965238
"OpenCoast_62740",3845.26036738311,1073.54668492337,1069.10760558244,1077.9857642643,157.744137316374,84.8430279083773,506.673071122937
"OpenCoast_62742",312.66536921756,34.4229749064733,32.4036329150795,36.4423168978672,65.6956029706815,44.0684752029577,99.4063233571804
"OpenCoast_62743",57.6319685641904,5.953204146366,5.63192628356332,6.27448200916867,12.5011285075734,8.46581878073886,18.6547265684912
"OpenCoast_62744",1010.71023165841,191.096156146886,182.077267818075,200.115044475698,132.543367132454,81.4164693867589,234.267519778285
"OpenCoast_62745",4.64636755648701,1.44590311990319,1.33713317954443,1.55467306026195,0.0419102353595129,0,0.495692859793667
"OpenCoast_62746",3357.56286145775,744.236733836389,740.716967635322,747.756500037456,330.888470030998,207.125716780065,636.737830119842
"OpenCoast_62747",33591.0313042952,10453.1930315836,10380.121550572,10526.2645125953,302.991102364743,0,3356.20027937821
"OpenCoast_62748",31279.165081491,9733.7633817092,9632.36440271492,9835.16236070348,282.138069035049,0,3135.8488686301
"OpenCoast_62750",101.09933394528,19.1149683666039,18.2782848100621,19.9516519231456,13.2580493560142,8.1731972009147,23.3566847698079
"OpenCoast_62751",899.523530027331,194.805882599059,188.971850362195,200.639914835923,93.2305469509928,57.1623034903437,179.58951649542
"OpenCoast_62754",6105.65519409033,1072.24916824084,1067.09773791898,1077.40059856269,882.842681458829,570.318091977237,1440.46012528255
"OpenCoast_62755",432.943783155487,93.7607444141208,91.144349820726,96.3771390075155,44.8721843900978,27.5703549279776,86.2656057730378
"OpenCoast_62756",61.6905438358416,13.360051670457,12.3532329837504,14.3668703571637,6.3938773712178,3.73674307337644,12.859551416304
"OpenCoast_62757",1209.27159220986,376.313226779786,370.438008263637,382.188445295934,10.9076297617329,0,121.857185456675
"OpenCoast_62761",2048.90558738835,637.598929739382,635.003617871394,640.19424160737,18.481128398243,0,204.119903121191
"OpenCoast_62762",374.860273307474,50.7185949785013,49.6483824563784,51.7888075006242,69.3154131372851,44.6835442107405,105.303908584602
"OpenCoast_62763",287.767613970038,89.550403791336,82.7669869425402,96.3338206401318,2.59566387800974,0,30.7151312185928
"OpenCoast_62764",1549.42018055846,482.164065987987,478.285571543568,486.042560432405,13.9757700286373,0,154.970091732071
"OpenCoast_62765",9294.91671189371,800.096199132538,798.130408846727,802.061989418349,2176.22908118295,1585.44310338613,3022.03734229807
"OpenCoast_62766",909.723471819288,80.8372510257978,79.529281387135,82.1452206644605,210.465301885457,150.84136657194,297.255453741901
"OpenCoast_62768",2706.84744971055,842.343857875426,772.542431163145,912.145284587708,24.4157639963892,0,290.82893131782
"OpenCoast_62769",344.860547638176,48.0753524797896,45.124120401367,51.0265845582123,62.3524434794308,38.4958297388004,99.1960833430116
"OpenCoast_62771",278.648181780279,37.7010989948717,35.3178355358588,40.0843624538847,51.5248352929913,31.7860519822729,81.5048703228989
"OpenCoast_62772",319.606084618446,28.399923814218,27.7454352195793,29.0544124088567,73.9411405414546,52.6241315356782,105.137979713719
"OpenCoast_62773",4.12781335330422,0.355549339108125,0.335018033459971,0.376080644756279,0.966217774753419,0.664843264943347,1.41584131971514
"OpenCoast_62774",0,0,0,0,0,0,0
"OpenCoast_62775",38299.3427951184,3371.25078109279,3365.42040070972,3377.08116147586,8892.58177533207,6463.16424337944,12368.5362229796
"OpenCoast_62776",8731.03876369051,2595.70380276836,2573.62024015386,2617.78736538286,200.062119752978,83.2680639638269,996.004071735512
"OpenCoast_62777",620.351179865058,193.047083662208,185.107363911227,200.986803413188,5.59556764238283,0,64.0827489143499
"OpenCoast_62778",10905.0465541019,2124.16071177767,2109.83697109765,2138.48445245769,1367.74424531131,881.956535251554,2367.23537724463
"OpenCoast_62779",1453.2035272405,129.130424752249,124.808347846679,133.452501657819,336.199876705432,236.721134913014,482.918952708461
"OpenCoast_62780",1529.52661023873,135.912428746333,133.664694352783,138.160163139883,353.857287118211,253.518764496921,499.954369237809
"OpenCoast_62781",855.405993699868,115.736430947592,105.999712437729,125.473149457456,158.173122295043,95.3997411939559,255.12873723016
"OpenCoast_62782",14793.3904103089,3364.49938188905,3344.5025290094,3384.4962347687,1372.49216139596,852.709479220364,2722.94413532121
"OpenCoast_62783",1636.88477131396,509.382171985191,501.809821164392,516.954522805991,14.7647006372519,0,164.826079735243
"OpenCoast_62785",69.0606000894321,6.11538678837046,6.1122097328015,6.11856384393943,15.9985079662666,11.782251828629,22.2393218305463
"OpenCoast_62786",273.474837516665,24.300740581491,23.1516314578129,25.4498497051692,63.2686371397202,43.9111691512318,92.0943003205814
"OpenCoast_62788",14456.7903498514,1973.93412561714,1960.38360647657,1987.48464475771,2655.27471230878,1737.52474759482,3986.45655947942
"OpenCoast_62789",71247.183535857,18995.2139129227,18952.1756043291,19038.2522215164,3818.84672709405,2193.92354715522,10268.5560147141
"OpenCoast_62790",29053.1746652484,8589.56906079699,8570.45980825914,8608.67831333484,713.547998762207,311.873493537313,3341.56183935753
"OpenCoast_62791",603.844031413979,57.7352385194625,56.6723085942021,58.798168444723,135.621658779608,96.676258128098,193.587997304815
"OpenCoast_62794",2813.8565198414,371.661810641415,366.653546892525,376.670074390305,529.363185576999,346.957063116538,793.726555088634
"OpenCoast_62795",825.957824934601,65.1285933780906,63.011001981703,67.2461847744782,199.351361744218,142.636135440472,282.75680742133
"OpenCoast_62799",760.225760491484,213.921849330262,210.49468454987,217.349014110654,29.510041436716,16.2744753981288,99.6537478629542
"OpenCoast_62801",28.4427782689332,5.94625639999293,5.60148747552888,6.29102532445698,3.16140562950216,1.89444879130622,6.05899725055565
"OpenCoast_62805",158.296024051786,13.1428258214436,12.610645118997,13.6750065238903,37.5451440401786,26.4540385175038,53.9218858786934
"OpenCoast_62806",399.943847272667,124.458525832781,122.431386147839,126.485665517724,3.60749350239946,0,40.3287629186946
"OpenCoast_62807",35243.5949111283,6898.39959861374,6865.91159014919,6930.88760707829,4386.95192787865,2803.77103242754,7601.55590395462
"OpenCoast_62808",7906.42635970491,1497.60883058995,1494.3743022412,1500.84335893869,1034.10795405116,739.009657524148,1751.04135187986
"OpenCoast_62809",58526.9561840153,4662.37313015638,4655.74803831432,4668.99822199843,14078.5435095272,10368.397350411,19385.181630614
"OpenCoast_62810",86.5191619234346,13.6557443425322,12.9676795122451,14.3438091728194,14.0485564969708,8.72281256871877,22.9536596403255
"OpenCoast_62811",1724.15102188768,328.754843712812,324.725542321498,332.784145104127,223.335555005842,142.087197988318,383.497306051306
"OpenCoast_62812",985.05094960859,78.2814035609567,77.2792771057379,79.2835300161755,237.14176101321,172.896985934764,330.166590055169
"OpenCoast_62813",3795.85123543185,315.157704877489,312.19946017588,318.115949579098,900.311819220145,654.917846525958,1254.36224834184
"OpenCoast_62814",1847.93192125514,203.136253986467,201.795794992426,204.476712980509,388.590026518642,284.205721099434,558.937634010024
"OpenCoast_62815",4259.6642447079,384.707256255283,382.65505342475,386.759459085816,979.279831542634,706.535437673885,1370.77508151891
"OpenCoast_62823",1814.27798429612,143.861595426165,143.0460487056,144.677142146731,437.088357925296,320.706406411266,604.141786333129
"OpenCoast_62825",4514.10969516946,590.573565016645,586.670328879896,594.476801153393,854.889500473567,622.147061554879,1270.4034534731
"OpenCoast_62826",27461.1568313561,2105.44689426008,2100.58350239041,2110.31028612975,6687.89013470848,4942.54941738919,9186.0565396236
"OpenCoast_62827",2632.67030117072,439.716694844615,435.860575064831,443.572814624399,403.29066229326,260.456915331857,646.376681860675
"OpenCoast_62828",86163.8263580206,6867.47392395182,6851.93537094321,6883.01247696043,20723.04491415,15285.2652137562,28559.4957453966
"OpenCoast_62829",167.334002375675,19.654130079183,18.8470869540652,20.4611732043009,33.9278908215318,22.5553428425542,51.0343483541636
"OpenCoast_62830",1942.845599835,262.867009657676,260.200053960796,265.533965354556,359.25157986549,234.180048564716,539.919062887597
"OpenCoast_62831",2305.92886782999,177.233245535451,175.539046833559,178.927444237344,561.148237232391,411.579566801279,776.495372550131
"OpenCoast_62832",1346.16600766042,106.148154161824,105.652160671011,106.644147652637,324.907663151118,239.16166106079,448.417390838699
"OpenCoast_62833",5400.38014837354,414.551192022686,412.567063304603,416.535320740768,1314.70453528801,969.06408342888,1810.44270645866
"OpenCoast_62834",45598.4585399025,3990.66120648208,3986.96867270611,3994.35374025805,10610.4212025801,7756.52801664186,14737.0256345224
"OpenCoast_62836",52.9167719032976,4.17260399517848,4.10181039453062,4.24339759582633,12.7718755359765,9.28514647577413,17.8426413459605
"OpenCoast_62839",0,0,0,0,0,0,0
"OpenCoast_62840",25098.7144945285,2400.84024087644,2396.11123333401,2405.56924841886,5636.01912741652,4153.03960124595,7915.48389212613
"OpenCoast_62841",112.881650244894,21.905469467107,20.1333802362419,23.6775586979721,14.2403637578107,9.01488588444468,26.3979812424488
"OpenCoast_62842",15069.3299569512,2022.9703794941,2000.24481819478,2045.69594079343,2802.37976602124,1830.10968285043,4208.38411315348
"OpenCoast_62843",167169.855360928,36754.7923426021,36526.6193394193,36982.9653457849,16774.6670425207,11241.3336039778,32051.1331807822
"OpenCoast_62844",157211.776035835,37106.2514312463,36977.3218719135,37235.1809905791,13234.5313731884,8992.6415707496,27510.2899788606
"OpenCoast_62845",242424.727937816,22386.6599124489,22311.3997387445,22461.9200861534,55240.162220519,40657.4319525497,77366.0929775277
"OpenCoast_62847",27399.5423755505,2189.83573038766,2184.85712299728,2194.81433777804,6583.77173368736,4843.01632311541,9075.79754250548
"OpenCoast_62848",9700.08919753853,3018.57075738201,3011.19482437577,3025.94669038826,87.4948045617976,0,964.794596935386
"OpenCoast_62849",138.28372087326,10.9039759121805,10.7141321838175,11.0938196405436,33.375854348646,24.2532631006546,46.6473010206919
"OpenCoast_62850",45.3102905087119,5.32189710961729,4.22605638267158,6.41773783656301,9.18691101417735,5.05755349967025,16.0071499872748
"OpenCoast_62851",3.56208959939671,0.322003546377324,0.314676865983762,0.329330226770886,0.818613164245496,0.580194059999974,1.16585057461785
"OpenCoast_62852",681.114192899431,60.2189440816809,59.5679253357498,60.8699628276121,157.880631626646,113.633182735198,221.688139260796
"OpenCoast_62855",1140.05564939806,133.904656033222,130.194553134824,137.614758931619,231.152563460532,155.810963749796,343.239338031422
"OpenCoast_62857",7.82566531666161,2.43526878989193,2.12296284655217,2.74757473323168,0.0705875011562878,0,0.876038320740536
"OpenCoast_62859",2.4726147128466,0.334544770648145,0.328034044984524,0.341055496311765,0.457211186552464,0.295230640486072,0.693479509167255
"OpenCoast_62866",368.338510466464,49.8362004661126,46.2342788457498,53.4381220864754,68.1094739703538,41.6108509611748,108.657514909167
"OpenCoast_62867",12.4208897855072,1.68054638797913,1.62451123402542,1.73658154193284,2.29674673023814,1.46206011062288,3.53104913526344
"OpenCoast_62872",0,0,0,0,0,0,0
"OpenCoast_62878",18.8149166820085,2.54565822707575,2.0898708511528,3.0014456029987,3.47906624367019,1.88088376603752,6.10293939276402
"OpenCoast_62879",259.621644072363,35.1268084429908,31.1891004215299,39.0645164644516,48.0066382054207,28.0701903793769,79.4311834777183
"OpenCoast_62881",0,0,0,0,0,0,0
"OpenCoast_62882",28.8478719952266,3.90311708095416,3.03871907681124,4.76751508509708,5.33426001063735,2.73484716913012,9.69394733969739
"OpenCoast_62884",53.0238065080941,7.17412102054513,5.63479712440397,8.71344491668629,9.80463206141168,5.07131741196357,17.7173379972621
"OpenCoast_62885",10.2181504694553,3.17978624458979,2.99625879348369,3.36331369569589,0.0921677172344868,0,1.07236088848275
"OpenCoast_62888",0,0,0,0,0,0,0
"OpenCoast_62889",29.7034901392524,4.85059259369311,4.68437154490562,5.01681364248061,4.66076198379689,2.93697825823081,7.59154591499775
"OpenCoast_62892",17.7129074336053,2.52988444662824,2.52988444662824,2.52988444662824,3.14196564268653,2.16757535610838,4.73966989319773
"OpenCoast_62895",9.38295032147545,1.76916561296776,1.45902727352834,2.07930395240719,1.23534890947189,0.72038871306534,2.44661571051291
"OpenCoast_62898",851.963940003501,265.12265848969,262.740760311575,267.504556667805,7.68471473883159,0,85.2913079230682
"OpenCoast_62901",31.6962247440085,5.99242455427291,5.40187241556015,6.58297669298566,4.15702357100604,2.68432710093037,7.70745059043432
"OpenCoast_62905",98.6387169977976,24.2900294012384,23.567775709472,25.0122830930049,7.29507416862636,4.30261788205523,16.6737571913095
"OpenCoast_62915",0,0,0,0,0,0,0
"OpenCoast_62925",0,0,0,0,0,0,0
"OpenCoast_62934",509.714851011929,96.9124562339786,85.3490643915937,108.475848076364,66.3033362085511,37.6221544875898,125.676584988359
"OpenCoast_62940",894.016356441078,120.960413026478,118.432519554037,123.488306498919,165.31256446952,106.589267598633,251.092889881136
"OpenCoast_62941",38.123665682391,11.29985463975,8.24306370630356,14.3566455731964,0.907724348408413,0.284759145983535,5.52227089486279
"OpenCoast_62947",214.627083154602,34.7577929548495,34.1934829302808,35.3221029794181,33.9679453420856,21.8159677954901,54.1931035669677
"OpenCoast_62949",106.800399224414,14.4500940150632,11.3743488239005,17.525839206226,19.7484618205864,10.2369139415104,35.6358730526595
"OpenCoast_62950",0,0,0,0,0,0,0
"OpenCoast_62963",301.38478157304,93.7879301777143,87.8256308229796,99.750229532449,2.71849072978882,0,31.8044210103461
"OpenCoast_62964",1388.49464810558,224.859830308584,217.864884184628,231.854776432541,219.750040961302,139.001145534986,355.724287396656
"OpenCoast_62965",92.3234133902728,28.730123012919,25.759301653468,31.7009443723701,0.832757188780262,0,10.1075474810455
"OpenCoast_62966",598.112817048297,186.12672753726,182.73038363273,189.523071441789,5.39497760977564,0,60.4276459669472
"OpenCoast_63018",0,0,0,0,0,0,0
"OpenCoast_63023",97.154715752287,27.6386491019895,27.307263360489,27.9700348434901,3.4712624290503,1.77494806764496,12.3813101218409
"OpenCoast_63030",0,0,0,0,0,0,0
"OpenCoast_63033",25.13804666727,7.34102626209864,7.07325711299828,7.608795411199,0.708427661227898,0.321308840464275,3.08442678882729
"OpenCoast_63035",0,0,0,0,0,0,0
"OpenCoast_63036",2299.89840977263,398.900729636842,390.1158328542,407.685626419484,337.549740156452,214.496129210853,557.002996009847
"OpenCoast_63049",158.078970574885,47.4363235297508,45.2447344384736,49.6279126210281,3.18214363803306,1.16096298599292,18.2466462065281
"OpenCoast_63054",50.2260730013901,10.1898751199712,8.61618229426049,11.7635679456819,5.89301571580394,3.27229997966651,12.0331663454531
"OpenCoast_63065",134.324834809849,24.7980630959848,23.5547755952801,26.0413505966895,18.2140922584769,11.5223445185162,31.8508413262352
"OpenCoast_63072",13.3074296121608,2.69981381805366,2.53702457827913,2.86260305782818,1.56135821805634,0.963524817882091,2.92820842578577
"OpenCoast_63076",0,0,0,0,0,0,0
"OpenCoast_63086",9180.08261571729,2390.17213220718,2381.37852404995,2398.96574036441,549.382122171655,321.826988180864,1382.49321781637
"OpenCoast_63094",133.183428125757,38.178147830291,36.0514239736961,40.304871686886,4.46851768985751,2.13590959520607,17.3997783129242
"OpenCoast_63108",139.389836251976,28.1570600449951,27.3313961592786,28.9827239307115,16.4769594212501,10.2277170872693,29.9017684041655
"OpenCoast_63109",675.463025767335,91.3901473863204,88.9922330690332,93.7880617036076,124.899868094638,80.0930097621299,190.702392130669
"OpenCoast_63110",118.5929198738,33.7374060846364,32.6411351133195,34.8336770559532,4.2372327881532,2.12164503378807,15.4195931727339
"OpenCoast_63119",0,0,0,0,0,0,0
"OpenCoast_63122",208.719519001465,59.3766911029404,58.7536669056918,59.9997153001889,7.45738607651867,3.81893660176154,26.5596766865201
"OpenCoast_63126",713.889903265859,222.155398997303,215.953400811552,228.357397183054,6.43928692745806,0,72.8096048989447
"OpenCoast_63128",0,0,0,0,0,0,0
"OpenCoast_63138",258.939960768505,19.8529267921213,18.8927220333911,20.8131315508515,63.0622380455617,44.453463607979,90.5983373390004
"OpenCoast_63144",231.053726912987,39.2994797068464,36.330899883711,42.2680595299818,34.6862341879613,20.865773108575,59.7216657602702
"OpenCoast_63146",0,0,0,0,0,0,0
"OpenCoast_63148",165.165422303764,22.3468816376993,21.8196595521713,22.8741037232272,30.540738238189,19.6376935969542,46.510677570562
"OpenCoast_63163",0,0,0,0,0,0,0
"OpenCoast_63206",791.706632435447,60.7001475088258,58.5353494925934,62.8649455250581,192.812233263329,137.73023410022,273.647409932606
"OpenCoast_63207",0,0,0,0,0,0,0
"OpenCoast_63224",0,0,0,0,0,0,0
"OpenCoast_63235",0,0,0,0,0,0,0
"OpenCoast_63244",45.9638326586139,13.1759185266681,12.5106199149222,13.8412171384139,1.54216032894671,0.741206592498402,5.97531017243779
"OpenCoast_63268",1466.22775539255,420.306495980838,410.048684376184,430.564307585492,49.1942935734105,24.2938231815681,185.876376425306
"OpenCoast_63270",0,0,0,0,0,0,0
"OpenCoast_63274",488.013258217683,37.4159765075498,34.9212604072902,39.9106926078094,118.850748906335,82.1676715465651,173.728897233994
"OpenCoast_63292",70.9138906539191,15.6568796470996,14.0364243969305,17.2773348972688,7.05045727919182,4.42100596613564,14.8386160479113
"OpenCoast_63300",1407.59329099306,125.759160108631,124.833676358367,126.684643858895,324.966287600258,234.353413190322,455.257043553492
"OpenCoast_63303",0,0,0,0,0,0,0
"OpenCoast_63312",66.6737565607493,6.54238728810258,6.3210742351023,6.76370034110286,14.807216300215,10.4606016803207,21.5255193403139
"OpenCoast_63317",176.653280084835,13.5440069841043,12.670156010556,14.4178579576526,43.0221398318608,29.8121317895436,62.7600875803702
"OpenCoast_63327",60.8440677994552,10.2902529665829,9.76094656687157,10.8195593662941,9.19262598348069,5.75056671043746,15.435904695913
"OpenCoast_63339",239.691165545181,18.8324131253979,18.1770629301608,19.4877633206351,57.9190949938246,41.3310105984128,82.3071285119955
"OpenCoast_63340",0,0,0,0,0,0,0
"OpenCoast_63341",9.66288286445407,2.92296579003018,0,10.5012872376108,0.171185931996655,0,3.74636986421734
"OpenCoast_63355",0,0,0,0,0,0,0
"OpenCoast_63356",0,0,0,0,0,0,0
"OpenCoast_63357",0,0,0,0,0,0,0
"OpenCoast_63378",0,0,0,0,0,0,0
"OpenCoast_63382",125.603249414747,14.2332159626729,13.3597982580747,15.1066336672712,25.9862005324233,17.1945750421105,39.6054768402769
"OpenCoast_63387",142.53680540904,11.4528321696392,10.8913106145561,12.0143537247222,34.1888782903897,24.0564542293075,49.352304328552
"OpenCoast_63400",128.619374099307,9.86124741219388,9.35808896296939,10.3644058614184,31.3239623681453,22.0190328540456,45.1156490438212
"OpenCoast_63401",0,0,0,0,0,0,0
"OpenCoast_63413",93.1230718914097,10.5525995506795,9.89869863215826,11.2065004692008,19.2663392996687,12.7400064852783,29.380390401276
"OpenCoast_63429",0,0,0,0,0,0,0
"OpenCoast_63435",200.726095253053,33.9478008596726,32.5479642898327,35.3476374295124,30.3267021013075,19.1753165182634,50.4292960661044
"OpenCoast_63440",50.1830407324293,3.94285601979618,3.8246849021121,4.06102713748026,12.126255453135,8.69656956308869,17.1518648392737
"OpenCoast_63451",225.54798593152,17.7211906872018,16.7217994698094,18.7205819045943,54.50152988793,38.022032149344,79.0669157506253
"OpenCoast_63458",70.7766235877508,7.61807200647645,7.20963379549732,8.02651021745559,15.0453106325572,10.0094234849934,22.5782840519007
"OpenCoast_63463",0,0,0,0,0,0,0
"OpenCoast_63466",462.715988102088,35.4764348077871,33.2805570319422,37.6723125836321,112.689851742383,78.3071930163344,163.985360658163
"OpenCoast_63467",0,0,0,0,0,0,0
"OpenCoast_63479",43.9791093444577,3.45541628193951,3.26546562735092,3.64536693652809,10.6271343212493,7.42501662514734,15.3963120334335
"OpenCoast_63491",1303.44775065347,107.117430064499,103.096761852698,111.1380982763,310.25957417225,219.403376048833,443.88924320387
"OpenCoast_63497",85.8535996610213,14.5199900426702,12.4384577379119,16.6015223474285,12.9711911047854,7.32799636867027,23.6848385489981
"OpenCoast_63521",60.6241430084576,11.5980511378669,11.1778014050871,12.0183008706467,7.81440569487131,4.90529436678315,13.7639956808145
"OpenCoast_63522",127.708891157074,11.2058644452854,10.4919771267474,11.9197517638234,29.6877995921213,20.482527798587,43.8323077048546
"OpenCoast_63529",2.88781308984753,0.408693245311064,0.372342860704314,0.445043629917815,0.516013384189013,0.323867441333972,0.845557806293888
"OpenCoast_63533",939.901937873228,72.0622815767404,72.0393343000308,72.0852288534501,228.903717949646,169.504316000072,313.782760891489
"OpenCoast_63534",0,0,0,0,0,0,0
"OpenCoast_63556",0,0,0,0,0,0,0
"OpenCoast_63577",11.6036497554441,0.912995503687386,0.882681772180389,0.943309235194384,2.80260918450337,2.00148373459353,3.9770633870346
"OpenCoast_63580",0,0,0,0,0,0,0
"OpenCoast_63586",20.1011157551114,2.82082332578825,2.71001538628951,2.931631265287,3.61575495015597,2.43670648355902,5.64213337049898
"OpenCoast_63609",35.3418134391337,2.70965683637838,2.55052922672825,2.8687844460285,8.60714524496661,6.00124523936059,12.4876499415358
"OpenCoast_63613",96.0600354040055,19.2463859575991,18.3804813680067,20.1122905471915,11.5129979791175,7.2742977213891,21.0854141431738
"OpenCoast_63615",18.1326563882621,1.42670919075479,1.3144289058397,1.53898947566987,4.37954871133062,2.98047173764464,6.48849652728882
"OpenCoast_63650",173.19983992791,24.3054243577103,23.0326198972683,25.5782288181524,31.1548963856057,20.7097474504997,49.2271248713908
"OpenCoast_63660",198.146880551012,15.2610453802702,14.7339613184264,15.788129442114,48.1875672409693,34.444380214364,68.3420021836283
"OpenCoast_63685",51.5444830743414,7.29475260694453,6.73800413155237,7.85150108233669,9.21030631829032,5.86078152178282,14.9174094066253
"OpenCoast_63690",764.803245441063,59.5007026795137,56.6264526999527,62.3749526590747,185.396944543169,130.484143134628,266.670422334967
"OpenCoast_63708",164.24610926757,12.846104349716,11.4412896475166,14.2509190519155,39.7471422988526,26.1959202279951,60.5289073308387
"OpenCoast_63717",127.838803685091,11.2172636686716,10.4396911435878,11.9948361937555,29.7179996593314,20.3804546534966,44.1084144478335
"OpenCoast_63722",0,0,0,0,0,0,0
"OpenCoast_63724",2229.85746649911,170.963171956487,167.646286713773,174.2800571992,543.059487391192,394.46185109123,758.630837220047
"OpenCoast_63727",9.37141325794188,1.10071457433893,0.883052249413002,1.31837689926486,1.90010566498664,1.0567970680001,3.28830147066161
"OpenCoast_63732",0,0,0,0,0,0,0
"OpenCoast_63745",0,0,0,0,0,0,0
"OpenCoast_63770",47.7510841897714,4.1899367514503,4.03522329276821,4.34465021013238,11.1004379169564,7.87759754612173,15.9765109755439
"OpenCoast_63790",0,0,0,0,0,0,0
"OpenCoast_63795",7.15280977116079,0.967775162038055,0.736394558861355,1.19915576521476,1.32262605478534,0.662755102975219,2.43828338927
"OpenCoast_63814",249.665558002722,23.2972497444726,22.2934812687766,24.3010182201686,56.6481585835791,39.7269125128399,82.5789668348017
"OpenCoast_63818",168.417016013672,32.6824935144462,31.1712050632105,34.1937819656819,21.2463191832915,13.9571623457264,38.1224612914069
"OpenCoast_63821",4.31581422101743,0.35832861200598,0.347731841768027,0.368925382243934,1.02363825970601,0.729456062643172,1.45470880210239
"OpenCoast_63836",4.73177121343736,0.362784898934242,0.348365840136729,0.377203957731755,1.15237556132053,0.81968432973348,1.64194663953823
"OpenCoast_63846",116.101634841552,9.15486958032717,8.9111659506261,9.39857321002823,28.0220349122861,20.17194193857,39.5191275772098
"OpenCoast_63864",0,0,0,0,0,0,0
"OpenCoast_63870",0,0,0,0,0,0,0
"OpenCoast_63875",3715.01736462666,379.309903490467,369.832158633271,388.787648347663,810.275806836637,561.32446322514,1173.98952612878
"OpenCoast_63876",405.352655439013,31.0783880925092,30.5971027008026,31.5596734842157,98.7195857056173,71.9931828254178,137.37740222541
"OpenCoast_63879",727.64814596245,65.7774817215369,53.5857701552039,77.96919328787,167.222731097099,98.800226217384,276.016051391458
"OpenCoast_63880",9.03844824127895,1.29013594598954,1.04825298113881,1.53201891084027,1.60406556535039,0.875647873428375,2.87292578221576
"OpenCoast_63881",13.8559692688236,1.15041797024446,1.10732737445823,1.1935085660307,3.28640194932553,2.32290106802514,4.70612080369542
"OpenCoast_63884",3.01905482525448,0.408478117856931,0.31424241187058,0.502713823843283,0.558253427737806,0.282818170683522,1.02218477514801
"OpenCoast_63912",245.880555672225,33.267639182452,30.6311584578777,35.9041199070264,45.4657735493511,27.5680426120899,73.0050438109536
"OpenCoast_63920",99.5068993880491,10.135858528152,9.79112423671881,10.4805928195852,21.7272457248952,15.3674247387357,31.7470108199818
"OpenCoast_63931",81.0791952027923,8.65851406979285,7.28251097988455,10.0345171597012,17.3038550260933,10.2685560372177,28.5293409599416
"OpenCoast_63945",0,0,0,0,0,0,0
"OpenCoast_63954",71.6594960648674,7.29929802635771,7.0124619345348,7.58613411818061,15.6467892085735,11.0062418172651,22.9793377223527
"OpenCoast_63957",952.525327742087,128.876676843504,127.349713761743,130.403639925266,176.131458352789,114.614742385568,265.154067848042
"OpenCoast_63964",0,0,0,0,0,0,0
"OpenCoast_63968",283.306136874721,21.9274337655629,20.4161433220452,23.4387242090805,68.7900243230915,47.3984078741692,100.846665221935
"OpenCoast_63971",75.3406862249505,15.7507481656353,10.7928149750082,20.7086813562624,8.37409297045608,3.65017959488795,19.9448956138255
"OpenCoast_63975",62.4001675897608,7.32917992374671,6.42634678383791,8.23201306365551,12.6519777401706,7.69076172290621,20.5323232520368
"OpenCoast_63979",1.71920272396478,0.245396684632255,0.186187055782912,0.304606313481599,0.305109219608506,0.155529535703374,0.571214444700952
"OpenCoast_63991",247.060278598561,29.0183392737709,27.3772456622478,30.6594328852941,50.0928325362743,32.7638517030155,76.4708925820686
"OpenCoast_64006",11.1215997577806,0.876962632318078,0.817874983867783,0.936050280768372,2.68428482612084,1.8513993319169,3.93590491213051
"OpenCoast_64007",28.3104167493228,3.32518558982343,3.1220584408593,3.52831273878756,5.74009295747724,3.73633860127561,8.80033317815167
"OpenCoast_64012",0,0,0,0,0,0,0
"OpenCoast_64013",21.2809646733733,3.06879244844068,2.78410008182492,3.35348481505643,3.74558524962019,2.3539327727075,6.19068311886072
"OpenCoast_64035",477.878323300509,59.6465823724199,56.2858071395197,63.0073576053201,93.374835531636,59.6405162813118,144.16936928242
"OpenCoast_64044",23.4932910263633,2.39304687080342,2.31195476996102,2.47413897164583,5.12973984874838,3.62867328283881,7.49447269396803
"OpenCoast_64061",16.2511128043208,1.28143603198855,1.22635199010094,1.33652007387616,3.92233279908301,2.77605661005874,5.61980059405795
"OpenCoast_64066",18.8274878556384,2.68741029508883,2.51200077723814,2.86281981293952,3.34133959116513,2.09837527602292,5.36851653216281
"OpenCoast_64067",33.0811702724317,2.62894060595946,2.62770274304292,2.630178468876,7.96398092697589,5.87896136221619,10.9530574146755
"OpenCoast_64076",67.1481246343656,5.57509963748266,5.34445595382158,5.80574332114375,15.9264013516875,11.211356938791,22.8926127572071
"OpenCoast_64096",21.7850593812544,2.94751853428373,2.50803017446482,3.38700689410264,4.02827533018776,2.25722715701833,6.88691401800869
"OpenCoast_64101",21.4971418748988,2.90856329567381,2.28017332982511,3.53695326152251,3.97503650408754,2.0521559968426,7.19180496509576
"OpenCoast_64102",19.4068285429311,2.7701598164608,2.60748499310671,2.9328346398149,3.44410075127117,2.168309613298,5.49964410341277
"OpenCoast_64114",15.7240071943169,2.12745817339108,1.86416850736701,2.39074783941514,2.90752617030114,1.67775165663031,4.86118727347746
"OpenCoast_64116",380.975630421302,29.2094015844012,28.0705075111776,30.3482956576249,92.7828050328038,66.0482529674766,132.104345803779
"OpenCoast_64121",406.01477661938,31.1291529234078,30.4022421818275,31.8560636649881,98.8808386978837,71.534687486653,138.667571247595
"OpenCoast_64125",170.342990674403,13.4319199352818,12.9843833195434,13.8794565510202,41.1136091085688,29.3923632307132,58.3603491598977
"OpenCoast_64132",1.54623414808563,0.481172604542766,0.461963564437806,0.500381644647726,0.0139470320157324,0,0.159541973655797
"OpenCoast_64135",14.7423315409858,1.99463745749538,1.81769456811314,2.17158034687762,2.72600452524368,1.63592511130182,4.41554670531782
"OpenCoast_64139",0,0,0,0,0,0,0
"OpenCoast_64142",39.8928792256027,6.99351219995288,4.58353346819587,9.40349093170989,5.78058665687736,2.5910033378957,12.6109210472971
"OpenCoast_64143",174.761000774985,30.6368759217422,27.1768138618601,34.0969379816242,25.3233441364159,15.3626489078885,45.7270386033818
"OpenCoast_64151",244.01867908013,42.7782512140171,39.600715983464,45.9557864445702,35.3589700142314,22.3856961028369,61.6308133572623
"OpenCoast_64155",2870.12727675846,388.32822054542,367.463259561263,409.193181529577,530.715234745407,330.716933605137,832.026135776806
"OpenCoast_64156",1.18279230746743,0.207352103755277,0.20634145197279,0.208362755537764,0.17138982101887,0.116641755649312,0.279433061441386
"OpenCoast_64158",8.66005324031851,1.51817038940473,0,8.95978681911669,1.25486525867766,0,12.0158742106585
"OpenCoast_64160",0,0,0,0,0,0,0
"OpenCoast_64162",0,0,0,0,0,0,0
"OpenCoast_64167",14.313602999809,1.09742394199535,0.636872427774923,1.55797545621578,3.48593487457348,1.49852335947041,6.78177551529223
"OpenCoast_64170",83.2497829223471,10.602401950301,8.84574324052519,12.3590606600768,16.0550110392638,9.24250247976998,27.4683656644811
"OpenCoast_64179",443.076246777789,33.9706558404531,33.8050799757494,34.1362317051567,107.906789140263,79.5413646488221,148.593008598917
"OpenCoast_64182",21.5281268087016,3.77403738214416,3.06078836570301,4.48728639858532,3.11948410327016,1.73021816621541,6.01785176378957
"OpenCoast_64185",44.2756816714304,7.76184938117112,7.13340575832854,8.3902930040137,6.4156666468376,4.03240824107446,11.2521321502531
"OpenCoast_64196",34.1190158948936,5.98131191689435,5.27848690927167,6.68413692451702,4.94393816280952,2.98385018803952,8.96402449224033
"OpenCoast_64197",148.553443296534,26.0425002708895,23.8898790088404,28.1951215329386,21.5257978070937,13.5045934939347,37.8121757284643
"OpenCoast_64203",17.0347187723142,2.30479744989411,2.107867017635,2.50172788215322,3.14988984818862,1.8970803158715,5.08684669371155
"OpenCoast_64207",376.619266505341,28.8753991629645,27.8823345401777,29.8684637857514,91.7218561647108,65.6054930357121,130.015665890918
"OpenCoast_64210",310.930093197651,42.0688416096421,40.5938291450879,43.5438540741963,57.4940835331776,36.5344462305791,88.5391699508658
"OpenCoast_64211",0,0,0,0,0,0,0
"OpenCoast_64227",0,0,0,0,0,0,0
"OpenCoast_64228",4.13212418196108,0.559076401819334,0.459483432051841,0.658669371586826,0.764071082486423,0.413535088846657,1.33929438889321
"OpenCoast_64246",105.761474705592,8.10873226567774,7.2516079228232,8.96585660853228,25.7571495497999,17.0626068772311,39.0278464136111
"OpenCoast_64256",6.45524486793832,1.40407178333565,1.30385617101192,1.50428739565937,0.662962175826884,0.394452802989671,1.33410320611205
"OpenCoast_64260",3.945238937503,0.533790828244156,0.349605688005134,0.717975968483179,0.72951413193368,0.31464511920462,1.45988446924913
"OpenCoast_64263",5.84923284939376,1.27225890977188,1.22975377601337,1.31476404353038,0.600723940932495,0.372034764815463,1.16602115447885
"OpenCoast_64264",4.88770615428237,1.0631185085711,0.971051907869384,1.15518510927282,0.501973879091654,0.293770245080234,1.02449582598426
"OpenCoast_64265",72.4190745935641,5.55237044908856,5.30366915867759,5.80107173949953,17.6369414265166,12.4792215498296,25.2517240425274
"OpenCoast_64266",60.8801185177493,4.66767868675584,4.59191901139914,4.74343836211254,14.8267440638127,10.8045153209392,20.6479081644899
"OpenCoast_64269",792.545242441906,138.938951753447,129.009463884618,148.868439622275,114.841960328876,72.9271322800554,199.6458711073
"OpenCoast_64270",695.21604529754,121.876434811729,113.917600722524,129.835268900934,100.738695052996,64.3959263666742,174.120689556144
"OpenCoast_64271",0,0,0,0,0,0,0
"OpenCoast_64274",132.755322049355,12.7032007078998,11.037670631403,14.3687307843966,29.8063809655242,19.0537596184598,47.2588504343683
"OpenCoast_64282",117.928138918882,10.4789937427101,10.1881804169001,10.7698070685201,27.2827756205051,19.3236884599247,38.972247697068
"OpenCoast_64285",1055.7803133212,80.9466766223368,79.2540587449007,82.6392944997729,257.124737506246,186.480138223296,359.723987822541
"OpenCoast_64291",10.0503686866256,1.35981488330045,0.839548225019809,1.88008154158109,1.85841367384394,0.755593402517828,3.82283246788154
"OpenCoast_64292",29.8441935693064,5.23190443698907,4.96673792365469,5.49707095032345,4.32450478583854,2.8076231204455,7.37206301886803
"OpenCoast_64296",21.999690780544,4.78512367834259,4.31022969971724,5.26001765696794,2.2593973064954,1.30396452030694,4.66493732555073
"OpenCoast_64300",8.13419978088739,1.10055723035406,1.01001277911463,1.1911016815935,1.50409488148389,0.909011501203162,2.42190675257345
"OpenCoast_64301",4.36770861529882,0.765691122823942,0.594667540342171,0.936714705305713,0.632892852880895,0.336156721153225,1.25621806606076
"OpenCoast_64303",710.377952321101,63.1235783552259,62.3936697642085,63.8534869462434,164.346545757514,118.340644458457,231.063926564142
"OpenCoast_64304",0,0,0,0,0,0,0
"OpenCoast_64308",157.457632936339,13.9915508326372,13.4252231995159,14.5578784657585,36.4279578099079,25.4633133687018,52.6799822783933
"OpenCoast_64310",0,0,0,0,0,0,0
"OpenCoast_64311",197.589210773725,42.9773682043998,41.4180056155749,44.5367307932246,20.2926729774548,12.5301001540884,39.498167379742
"OpenCoast_64312",60.2082998352918,5.35005812028647,5.34722705441253,5.35288918616042,13.9292415699723,10.1419630881829,19.370274874076
"OpenCoast_64316",191.122972835981,41.5709053329733,39.0027184184408,44.1390922475059,19.6285817988361,11.7994085133108,39.1455147814102
"OpenCoast_64320",153.48467801618,32.6336532344061,27.287985896897,37.9793205719152,16.513675513155,8.80303979201705,35.3308885659723
"OpenCoast_64321",26.6723490951506,8.30016831491991,7.19175741821579,9.40857921162404,0.240584588838259,0,2.99983685008303
"OpenCoast_64322",250.435827626121,77.9331251989725,69.4781527370634,86.3880976608816,2.25893116518761,0,27.5440311382521
"OpenCoast_64328",10.8924838307599,2.80360078338021,2.56134177495768,3.04585979180274,0.684281464067431,0.370656226398393,1.81081018790135
"OpenCoast_64330",465.866700171036,35.7179999021133,35.2157308229291,36.2202689812975,113.457176159654,82.8605431127743,157.66470027153
"OpenCoast_64333",46.6112650337344,14.5049595658478,14.1287013851428,14.8812177465528,0.420433610604284,0,4.74473609310378
"OpenCoast_64334",0,0,0,0,0,0,0
"OpenCoast_64336",67.1813000514851,5.9696729662705,5.40335954947652,6.53598638306447,15.5424511232156,10.2484283059852,23.6514989214616
"OpenCoast_64338",5.14251413944236,1.09339267833562,1.09134519773867,1.09544015893258,0.553291774255214,0.352065382869196,1.01905125218479
"OpenCoast_64347",183.014747944996,47.1059033624405,44.9347045938313,49.2771021310497,11.4972490770268,6.50257931288816,29.2959901861887
"OpenCoast_64353",256.63046983211,30.1219869250416,27.9710077506678,32.2729660994154,52.0536558198983,35.0950224172507,80.5717996533073
"OpenCoast_64357",35.544218694979,2.72517524734404,2.60842704830717,2.84192344638091,8.65643902097518,6.13747540778157,12.3707255901287
"OpenCoast_64361",26.0606907169696,4.56862883818514,2.68316492186761,6.45409275450267,3.77626493629568,1.5167532465777,8.65551471789056
"OpenCoast_64366",76.786345990081,6.54954205874445,4.23575780878875,8.86332630870015,18.0382137907394,8.53026405151881,33.783600289545
"OpenCoast_64368",0,0,0,0,0,0,0
"OpenCoast_64378",57.6390806748242,5.12175949916849,4.88293078915401,5.36058820918296,13.334850523717,9.26134299550376,19.3981350047498
"OpenCoast_64381",8.89663703764928,1.1500348996009,1.00703238608411,1.29303741311768,1.69875724622478,0.99563897834062,2.81225293411419
"OpenCoast_64388",149.620547450189,13.2951541072811,13.2002137447053,13.3900944698569,34.6148413917439,25.0365430890859,48.4541714671693
"OpenCoast_64391",218.166345733345,19.386075221472,18.4462664845335,20.3258839584105,50.4729703458023,34.9866111719614,73.5524210646688
"OpenCoast_64393",0,0,0,0,0,0,0
"OpenCoast_64397",0,0,0,0,0,0,0
"OpenCoast_64400",126.942031618847,39.5030908194689,33.8025816808799,45.2035999580579,1.145017125202,0,14.4127420156127
"OpenCoast_64402",42.7332305046007,9.29484851307444,8.72299109964559,9.86670592650329,4.38875922680375,2.63894773534627,8.75045822247481
"OpenCoast_64403",0,0,0,0,0,0,0
"OpenCoast_64409",1.15108838110904,0.358207193317321,0.34891531034025,0.367499076294393,0.0103828171976035,0,0.117173618528647
"OpenCoast_64418",41.1400321986785,12.8023666199068,5.35312895422209,20.2516042855914,0.37108309043208,0,6.45703325047843
"OpenCoast_64419",1.19119310893031,0.209681206024689,0.209681206024689,0.209681206024689,0.171750739385884,0.111465815222307,0.279196357811397
"OpenCoast_64421",3.01800681827659,0.570618050686427,0.570618050686427,0.570618050686427,0.39577791259392,0.255153801525968,0.668002127602468
"OpenCoast_64422",225.995085421684,42.7291530049205,41.3809722444896,44.0773337653514,29.6367332979568,18.5036424387919,51.5997569633126
"OpenCoast_64428",722.791265643497,224.9254139556,209.721145028722,240.129682882477,6.51957721610435,0,76.5630872958623
"OpenCoast_64432",11.625179428477,2.51761434063661,1.22250689502905,3.81272178624417,1.20488436415599,0.369797459350425,3.41270510747122
"OpenCoast_64445",0,0,0,0,0,0,0
"OpenCoast_64448",14.2834481361511,1.93255053282125,1.86609983788084,1.99900122776165,2.6411523948557,1.67948985409275,4.06463582978203
"OpenCoast_64451",0,0,0,0,0,0,0
"OpenCoast_64455",12.5839093301598,1.29987892255253,0.963936363948356,1.63582148115671,2.72961468405795,1.44897325754555,4.86347755898433
"OpenCoast_64468",3014.54321789493,331.886917325568,315.528395411449,348.245439239687,633.399966476568,429.114084382424,949.934079047254
"OpenCoast_64470",46.3249754314792,8.75871685203884,8.75871685203884,8.75871685203884,6.07500353087512,3.91649002094989,10.2535163147945
"OpenCoast_64471",16.3466646935783,1.68855991661426,1.27169814890256,2.10542168432597,3.54580558491645,1.9115957010713,6.25965072098069
"OpenCoast_64478",132.492270018478,11.7731499980349,11.7339621512465,11.8123378448232,30.6521997845821,22.2555372728888,42.7448099525853
"OpenCoast_64481",27.2090779041284,5.14445192787699,0,12.185816985514,3.56816690780398,0,14.2654997736322
"OpenCoast_64482",268.385799557375,83.5189769642596,72.1741490710251,94.8638048574941,2.42083991200753,0,30.2464305342735
"OpenCoast_64483",17.5993169833579,1.81795502476791,1.46494231410226,2.17096773543355,3.81752226647314,2.20207714572202,6.45452635521944
"OpenCoast_64491",588.241031633367,56.288092816969,53.8509462967974,58.7252393371405,132.072567922352,92.9601018394712,193.14769997432
"OpenCoast_64493",815.427978599407,78.0273447051279,74.9599031339481,81.0947862763077,183.080848322188,129.39940165217,266.721287575438
"OpenCoast_64497",2.0299475891353,0.209687309068508,0.159588358711514,0.259786259425502,0.440322208448507,0.239890590952909,0.77237318216105
"OpenCoast_64501",2.90457901452177,0.300034030825086,0.208686578239006,0.391381483411166,0.630041215414931,0.313694225455329,1.16362028711484
"OpenCoast_64505",43.2424419079457,4.46681053725671,3.5586216280085,5.37499944650492,9.37985178608659,5.34926138857001,15.9804657713292
"OpenCoast_64514",6.59118310675523,0.680848834044057,0.555160206442626,0.806537461645487,1.42971390857004,0.83450767381977,2.39792476769488
"OpenCoast_64516",734.011569447337,228.417060296317,223.374052422135,233.460068170498,6.62078435641498,0,74.4365434746517
"OpenCoast_64518",461.583039615906,141.534978957901,136.079421524289,146.990536391513,6.26852615750863,1.40116620098334,49.7497806849595
"OpenCoast_64519",1258.90090596453,386.016161651083,363.938867426243,408.093455875923,17.0964974478192,3.74736190490632,138.121544605552
"OpenCoast_64522",8.35544848420543,1.13049217991299,0.755898353898994,1.505086005927,1.54500597921442,0.680308518509094,3.06034154538489
"OpenCoast_64527",5.58743764543858,0.577165031615014,0.457631934510911,0.696698128719117,1.21198837683088,0.687904782623877,2.07136032473166
"OpenCoast_64530",225.113682217542,23.2535472892712,20.4040568954848,26.1030376830575,48.8301048936081,30.6710420861135,77.6072080329348
"OpenCoast_64532",34.5400877498954,10.74852990689,9.06617725752673,12.4308825562532,0.311551591504057,0,3.9634698005445
"OpenCoast_64536",51.3351445011664,6.94564505100782,6.91364014732047,6.97764995469516,9.49238156971068,6.22227613258842,14.1878882412135
"OpenCoast_64539",57.2291463119757,14.7301278501179,13.7565669971876,15.7036887030482,3.59521709043986,1.99073675416022,9.33608289115645
"OpenCoast_64555",558.780386002899,173.886868320242,152.757651436575,195.016085203909,5.04019908174616,0,62.1790416592174
"OpenCoast_64562",1095.2918808028,96.9892165517957,96.867965580254,97.1104675233375,253.734196600069,186.728337947657,352.970238678724
"OpenCoast_64566",7.11535976334351,1.30021582014615,1.06314255014893,1.53728909014337,0.978193529674075,0.526266595671435,1.91537952385563
"OpenCoast_65000",293.346102681456,91.2863736934423,85.1517159840547,97.4210314028299,2.64598184618674,0,31.0617781284385
"OpenCoast_65001",57.5485205208608,5.50237708060778,5.26789648647826,5.73685767473729,12.9252346753771,8.98640858563816,18.8881187535498
"OpenCoast_65002",108.571133301857,14.6896743357413,13.91474068671,15.4646079847725,20.0758882588464,12.523266618039,31.4447029023707
"OpenCoast_65003",431.281333327219,52.4369033801586,51.1215881998771,53.75221856044,85.6636923645503,56.9668794044403,127.689835075368
"OpenCoast_65004",152.495463873187,18.0036760928447,16.572933625074,19.4344185606154,30.8268963939884,19.5137126844726,48.1248938121114
"OpenCoast_65005",118.345463790293,36.3740320637062,35.2627807164613,37.4852834109511,1.52136889658345,0.304633439955963,12.5687297647566
"OpenCoast_65006",241.484510769647,37.5570390305266,36.4234416850511,38.6906363760021,39.7687161630221,25.2387123127955,63.4084230613567
"OpenCoast_65007",417.624888113593,56.5046473617692,53.2575960625801,59.7516986609582,77.2230180610845,47.9318364563221,121.495120610615
"OpenCoast_65008",77.1357245831462,9.05993727028415,8.32506957534284,9.79480496522545,15.6396930984851,9.96306744472643,24.4302456982933
"OpenCoast_65009",2250.40766879822,304.480157588399,292.605112133948,316.35520304285,416.122882037479,263.344600920553,643.255579520462
"OpenCoast_65010",658.307400771985,113.812320687821,110.902542108549,116.722099267094,96.9842921133759,61.42058716557,160.361284488076
"OpenCoast_65011",0,0,0,0,0,0,0
"OpenCoast_65012",155.063576477941,48.2542343641703,46.5676800824319,49.9407886459088,1.39867345983103,0,15.9231500030434
"OpenCoast_65013",3208.719626767,498.439843275275,484.496055333409,512.38363121714,529.024268411785,336.525162248465,841.346829801598
"OpenCoast_65014",464.345703777798,133.703468362535,124.537930234511,142.869006490558,14.9846694441539,6.96196623611598,60.7670683526271
"OpenCoast_65015",444.630675129533,60.1585303450259,56.2800810122052,64.0369796778466,82.216658138202,50.6520729109846,130.208525344955
"OpenCoast_65016",655.267304454115,139.321828509458,135.615939375497,143.027717643419,70.5013150497945,43.749381697314,133.053890322666
"OpenCoast_65017",20109.403258498,1997.94138721814,1992.99156895053,2002.89120548574,4441.2906301855,3163.72544119396,6270.65570481863
"OpenCoast_65018",277.555950046273,26.0382562604462,25.3706985426125,26.7058139782799,62.837934503871,44.1513351055433,90.1263440618219
"OpenCoast_65019",1012.9605606079,79.4933666860928,76.0690814698132,82.9176519023724,244.866734426164,173.115528301481,350.719591785845
"OpenCoast_65020",33.9330170552011,5.4952840238176,5.3373694132157,5.65319863441951,5.37040736742835,3.40532374162539,8.67344674404726
"OpenCoast_65021",289.757894753679,46.9248557304707,46.480948896005,47.3687625649364,45.8585197486048,29.6555599874581,72.6757480158105
"OpenCoast_65022",64.800397951494,8.76749384283714,8.31610354487541,9.21888414079887,11.9822415852107,7.48449319038786,18.7450644196244
"OpenCoast_65023",113.477620941821,15.3535221134284,15.2615090985364,15.4455351283203,20.9831468883521,13.7353581886827,31.4059214275847
"OpenCoast_65024",23.9661418559133,3.24261899310507,3.16927064709021,3.31596733911994,4.43157929057693,2.85234358238118,6.74246692287722
"OpenCoast_65025",1369.09320529597,223.198435114695,219.03697051275,227.359899716641,215.198900153128,137.816038375609,345.005896409812
"OpenCoast_65026",7119.82982244723,2215.61984244735,2198.41570019882,2232.82398469588,64.220864998474,0,711.914893671152
"OpenCoast_65027",1338.54862892226,245.263428253113,243.560055860223,246.966800646003,183.353228214083,117.754595189076,306.202243950475
"OpenCoast_65028",0,0,0,0,0,0,0
"OpenCoast_65029",7165.44207865448,2229.81392045649,2221.09049274649,2238.53734816648,64.6322875494634,0,713.736545792212
"OpenCoast_65030",2050.73243037112,615.383606600307,610.143906354655,620.623306845959,41.281424928828,15.6560647376579,228.18396562473
"OpenCoast_65031",8929.82205802837,2778.87132623785,2771.13478639904,2786.60786607665,80.546994963416,0,888.48366744473
"OpenCoast_65032",2622.8085612387,435.781366157022,427.957153791242,443.605578522802,404.068163237223,258.632565265797,652.147929472465
"OpenCoast_65033",0,0,0,0,0,0,0
"OpenCoast_65034",31529.9713181167,5339.90396827851,5330.36685174999,5349.44108480703,4756.30814749563,3090.40680366845,7613.88578521385
"OpenCoast_65035",983.759207400346,282.002836074144,276.470400485195,287.535271663094,33.0066997275204,16.3798184953151,124.130155355689
"OpenCoast_65036",9.57958956002772,2.98107247518503,2.96998670785155,2.99215824251851,0.0864078978314501,0,0.954021468629089
"OpenCoast_65037",813.996690374413,155.726329025381,153.35750594053,158.095152110233,104.923551199409,67.2997920370668,181.058954524732
"OpenCoast_65038",0,0,0,0,0,0,0
"OpenCoast_65039",390.748122963981,78.4164108689588,78.0759360771192,78.7568856607983,46.7050455853375,29.7643935443208,82.3063457801064
"OpenCoast_65040",1943.55860492722,161.423907408095,159.625495562736,163.222319253453,460.922993475649,334.438767227697,643.320193195019
"OpenCoast_65041",3012.57001522465,230.973743067274,228.42343351079,233.524052623758,733.681301507811,537.466902378329,1016.51646436224
"OpenCoast_65042",11057.7249570446,847.795772456608,843.996419759913,851.595125153303,2692.99833603864,1985.87392884685,3706.94348596144
"OpenCoast_65043",303.414490747498,23.2627890056107,22.4565101718244,24.0690678393969,73.8935650766457,52.8388474631163,104.771236477375
"OpenCoast_65044",12944.691722446,1461.12065639895,1456.64390808644,1465.59740471146,2683.89908004549,1860.94842516631,3863.31097038993
