"Type","Mean_SOC_Carbon_Secure","Low_SOC_Carbon_Secure","Hi_SOC_Carbon_Secure","Mean_SOC_Carbon_Restor","Low_SOC_Carbon_Restor","Hi_SOC_Carbon_Restor"
"Delta_30028",253878.166509028,253680.215684371,254076.117333685,8676.93013256844,2843.35974343598,13790.1067216778
"Delta_50000",88284.0811783281,88225.4957726143,88342.6665840419,48344.8754923862,33997.8919220949,60919.1312898245
"Delta_50001",398141.056729526,398015.701118503,398266.412340549,215847.905136552,150481.974697248,273087.579251012
"Delta_70000",530783.349438323,530601.997918091,530964.700958554,31936.3499631817,16833.6794419078,45161.5773469677
"Delta_70001",709811.729091681,709600.514351217,710022.943832145,17320.5536879062,9859.51959487731,23853.4864811832
"Delta_70002",373556.755782347,373415.850291142,373697.661273552,5654.14596558217,2535.52132196967,8385.26709236475
"Delta_70003",274496.11222487,274383.928542787,274608.295906953,13153.0903241464,2011.79783733413,22910.360929508
"Delta_70004",48756.0057141719,48729.0808555998,48782.9305727439,7657.36857021066,4561.74153945748,10369.5600295878
"Delta_70005",24149.624701361,24143.0055795703,24156.2438231517,492.22376558094,43.82196897914,884.807273619477
"Delta_70006",47303.6744456019,47292.1458428986,47315.2030483053,3542.77674551777,1423.12520918777,5398.48365327259
"Delta_70007",66919.9879891129,66906.5351130932,66933.4408651326,4458.32259800879,3020.53949639163,5717.00044376679
"Delta_70008",404245.378522281,403999.431445478,404491.325599085,33019.464275917,1085.07221240194,60998.5689274681
"Delta_70009",2251635.95246598,2251172.05997956,2252099.84495241,154750.613879492,10691.3262043726,280858.41469087
"Delta_70010",672386.723248339,672225.729694808,672547.71680187,13948.6505943806,0,26159.9820052131
"Delta_70011",628289.538425929,628165.263240765,628413.813611094,70845.6770835338,0,132861.91931946
"Delta_70012",424775.400789215,424621.115875753,424929.685702677,50011.9273665833,0,93806.423367132
"Delta_70013",83905.4510927048,83883.2540509687,83927.6481344408,0,0,0
"Delta_70014",681005.053686812,680902.788422151,681107.318951473,18034.5903803949,0,33819.9348775351
"Delta_8735",4036.03537118269,3998.26605735221,4073.80468501317,481.914671185993,0,912.045825002948
"Delta_8736",4647075.74912855,4645537.47995648,4648614.01830062,580951.229886622,396921.43488084,742107.867893544
"Delta_8739",255658.582109241,255511.924411088,255805.239807394,141052.831334526,98680.3071113768,178181.384482547
"Delta_8740",131737.605071637,131515.360822112,131959.849321162,6582.59875127296,1800.85710651213,10782.1189112626
"Delta_8741",65235.6304526614,65176.631948068,65294.6289572549,17662.5897180903,8812.13607083675,25422.7282407463
"Delta_8742",96341.7181311375,96248.7689442856,96434.6673179894,7079.04813760482,0,13286.0210766001
"Delta_8743",145553.372463379,145370.257626233,145736.487300524,59769.5627121217,37820.8088550441,79032.3391369968
"Delta_8745",656260.813830932,655635.525355849,656886.102306014,25120.6876071294,0,47146.1675994151
"Delta_8746",310430.468151243,309835.703175889,311025.233126597,124657.406666426,78098.1151118944,165582.246679707
"Delta_8747",205373.16522104,205199.317452726,205547.012989355,15032.9795862025,0,28210.6967968663
"Delta_8748",129848.613605263,129637.63898358,130059.588226947,71108.9757464148,49592.7913496845,90011.0277425385
"Delta_8749",13884.7965989547,13877.5477138954,13892.045484014,0,0,0
"Delta_8750",665495.948017501,665091.35668454,665900.539350462,348236.169484528,240930.328257639,442269.253491564
"Delta_8751",130430.244380031,130041.956101995,130818.532658068,1632.12494166481,0,3069.34452297812
"Delta_8753",50553.7335355678,50526.7610325381,50580.7060385975,211.901786542046,0,397.527834168121
"Delta_8754",137736.922217713,137692.461046841,137781.383388585,8334.82104379561,0,15632.8340726506
"Delta_8757",658.905836929449,654.91326500769,662.898408851208,78.6753238124716,0,148.410091533853
"Delta_8758",63783.8454251614,63754.3686394949,63813.3222108278,2.70538214490313,0,5.07493574681905
"Delta_8760",47098.0627277666,47058.6888835942,47137.436571939,13311.6642449196,7932.88036119805,18027.3506303601
"Delta_8761",539464.093109284,539246.901972008,539681.284246561,57446.7907536403,2606.16317811917,105473.868669815
"Delta_8762",1203576.73720446,1203203.46783353,1203950.0065754,642021.969622446,450626.543821048,809621.657091287
"Delta_8763",294428.360289853,294005.477687689,294851.242892016,120854.281843558,77038.2868385675,159324.827919509
"Delta_8764",240763.176706957,240679.919269375,240846.434144539,70496.8192868566,48459.2796327522,89796.0398831092
"Delta_8765",2450602.03146498,2449739.83857686,2451464.2243531,51865.91626055,0,97282.8078647852
"Delta_8766",1181258.42246751,1180733.35868692,1181783.48624811,592357.580465485,413054.406270641,749420.10149557
"Delta_8767",242168.213845173,241813.940646169,242522.487044176,135758.995306833,95307.1285028528,171282.408258462
"Delta_8768",3807590.28936037,3805860.76576946,3809319.81295128,2127120.06787572,1494108.22818638,2681628.8464633
"Delta_8769",176314.701671317,176277.883740105,176351.519602529,833.836932035145,0,1563.77072506446
"Delta_8770",71192.2693160734,71161.0977191684,71223.4409129785,10915.822173731,7332.74393737107,14054.3561014728
"Delta_8771",43418.1938386336,43380.8076535087,43455.5800237585,20586.4517769282,13780.6137963645,26554.0134678768
"Delta_8772",471724.663844551,471496.36811999,471952.959569111,117051.425405935,55101.6901279552,171316.969255948
"Delta_8775",84742.2605447869,84646.4623802501,84838.0587093236,10590.1949722539,420.923339446962,19509.9212001504
"Delta_8776",81233.0514331776,81186.1961589109,81279.9067074443,45352.8557273136,31865.5664719418,57171.0992909471
"Delta_8779",1527628.99202867,1526477.17415513,1528780.80990221,164639.243310097,0,308931.337029491
"Delta_8780",138982.849102511,138892.319661808,139073.378543215,12099.8780735329,2111.51116493886,20852.0684763129
"Delta_8781",4526275.82445792,4524074.27806893,4528477.37084692,2520802.41668276,1771714.21272003,3177044.73767464
"Delta_8782",13082.6338940916,13026.4708416899,13138.7969464934,4069.49384427323,2230.31763641921,5694.7016502792
"Delta_8783",59540.4286076539,59475.0157828977,59605.84143241,4744.56076411503,0,8905.82489029732
"Delta_8784",208692.475046279,208507.953113992,208876.996978566,10002.8739776219,3033.49382439699,16112.9668411202
"Delta_8785",80239.1309144682,80194.6514479298,80283.6103810066,39922.7124431262,27578.1322248263,50738.9469585183
"Delta_8786",1606657.56553919,1605994.78517285,1607320.34590552,892863.606682194,626097.377610375,1126522.49302456
"Delta_8787",232789.422516205,232630.994249856,232947.850782555,24787.4641384217,0,46508.1255221633
"Delta_8788",634005.581439125,632913.488589856,635097.674288395,1290.99505936447,0,2424.78531653581
"Delta_8795",75655.9769905825,75604.4478941751,75707.5060869899,7321.27278966243,0,13736.7361691614
"Delta_8797",80518.7637243178,80490.800914371,80546.7265342647,0.419047144274237,0,0.785986260537641
"Delta_8799",2379.14765449517,2364.41403570663,2393.88127328371,729.595983817803,395.531943114021,1026.06048353936
"Delta_8801",3467.37644232648,3426.8210208311,3507.93186382186,1565.06869954038,1019.91150805833,2055.28091504533
"Delta_8802",161582.786574459,161511.147732233,161654.425416685,31893.4370428032,15691.6459129383,46084.3369607864
"Delta_8805",335649.056871084,335494.455430273,335803.658311896,182825.281842253,128056.914222162,230802.2286773
"Delta_8806",19317.0917620433,19291.0098628921,19343.1736611945,1876.49840043044,0,3523.18508412214
"Delta_8808",696335.16978411,696160.759122526,696509.580445695,8862.14904583212,0,16620.6913933239
"Delta_8809",6245.32805170366,6167.05783465565,6323.59826875168,15.1499970655913,0,28.7622486828671
"Delta_8810",152575.527228617,152491.682336293,152659.372120942,33074.9024520605,22103.0695854697,42688.0678538706
"Delta_8811",53402.2107096792,53230.4748002017,53573.9466191568,0,0,0
"Delta_8812",75378.0510314847,75025.2611838984,75730.840879071,0,0,0
"Delta_8813",251698.075039703,251579.679215579,251816.470863827,34887.5319293703,19302.7007315602,48539.1321987659
"Delta_8814",24581.3407382829,24562.6130753286,24600.0684012372,2169.90453736338,0,4071.6707093727
"Delta_8815",12819.6739034556,12815.2657154878,12824.0820914234,1487.29826174367,0,2789.64316097348
"Delta_8816",73209.8124224456,73058.8032288368,73360.8216160544,14855.7662430748,6802.7517687236,21935.0025438516
"Delta_8817",3321.35865651781,3317.67915124381,3325.03816179182,0,0,0
"Delta_8818",161398.681841275,161327.781791459,161469.581891092,591.632940626058,0,1109.79906789722
"Delta_8819",36940.2929455916,36840.2829321142,37040.302959069,6145.0170785246,1545.05632423956,10193.8363679784
"Delta_8820",117384.003980171,117278.447035879,117489.560924463,63891.5432802001,44516.0812587588,80882.6820060273
"Delta_8821",31743.8497740433,31700.1356564139,31787.5638916727,3059.32128300682,0,5744.12670333936
"Delta_8822",3035.04546008118,3021.70606218139,3048.38485798096,436.719974022928,99.8534671832222,734.30570380375
"Delta_8823",2899690.38376762,2898175.65955121,2901205.10798402,1617950.09927913,1135842.90583057,2040339.71869363
"Delta_8824",167370.591146876,166967.700120298,167773.482173454,84624.037478321,58772.8821714562,107377.563749085
"Delta_8825",7845.80506155159,7801.7240023656,7889.88612073758,0,0,0
"Delta_8826",57372.5523886294,57330.7746307842,57414.3301464747,6301.55212944125,718.651662067787,11194.2773670107
"Delta_8827",67833.7808070161,67810.0657199971,67857.4958940351,4918.75923107541,0,9225.89785895228
"Delta_8828",208190.337378944,208133.460541008,208247.21421688,112437.292237704,78599.6191215472,142065.263202156
"Delta_8830",599505.226859266,598573.077223058,600437.376495475,74164.5608278751,2302.86392287231,137253.486998822
"Delta_8831",31959.4681484933,31814.4745227585,32104.4617742282,2046.19686122115,0,3854.02507766214
"Delta_8832",107645.663403462,107523.561381669,107767.765425255,58151.4038085568,40514.5907590864,73626.7783968066
"Delta_8834",604702.408289083,604434.292413345,604970.52416482,13909.4278083364,213.189653138606,25905.0342568664
"Delta_8835",664961.400365029,664779.104353489,665143.696376569,340364.039269951,237238.252768315,430660.209924927
"Delta_8836",3074371.1129803,3073474.30530418,3075267.92065641,1644537.10737039,1150572.46458677,2077068.1237007
"Estuary_10",109.424001647716,104.068818667273,114.779184628159,0,0,0
"Estuary_1002",151161.950844362,150658.763971549,151665.137717176,0,0,0
"Estuary_10040",766.39861252018,763.850467310471,768.946757729889,60.0548323071879,0,112.97719579495
"Estuary_1005",2264.46907515598,2248.06834023528,2280.86981007668,23.5140061134441,0,44.4080805020644
"Estuary_10082",194.622685961757,190.084628022736,199.160743900778,0,0,0
"Estuary_10089",136.746474107356,133.702415256166,139.790532958545,0,0,0
"Estuary_10099",16.4833493025533,16.0416697869989,16.9250288181077,0,0,0
"Estuary_101",5673.15580192658,5657.37521396109,5688.93638989206,677.391737543472,0,1273.64247534897
"Estuary_1010",18359.1470702792,18186.9427091689,18531.3514313896,0,0,0
"Estuary_10105",3.63627700866758,3.31703953914628,3.95551447818888,0,0,0
"Estuary_10108",127.191953829287,123.044594303232,131.339313355342,0,0,0
"Estuary_10111",156.881482350291,153.314899339618,160.448065360964,0,0,0
"Estuary_10124",854.6144962524,837.833906317363,871.395086187437,102.043521940585,0,195.088452131516
"Estuary_1014",50692.1056701687,50642.2533757007,50741.9579646367,5448.96266701663,999.943622743448,9350.17926997735
"Estuary_10141",467.420712598097,462.147652287805,472.693772908389,55.811428369922,0,105.826964083968
"Estuary_10143",37.3449427529071,36.0820737731085,38.6078117327058,0,0,0
"Estuary_10146",1935.09207359306,1923.80857543747,1946.37557174865,231.055769981261,0,435.755725018356
"Estuary_10147",87.0086028319347,82.8037171052451,91.2134885586242,0,0,0
"Estuary_1016",5560.23380854969,5514.78829419869,5605.67932290069,663.908514453695,0,1255.00283348523
"Estuary_10179",18.930464411927,18.2920098112533,19.5689190126006,0.0880221764711001,0,0.170607823439466
"Estuary_1019",2183.39173673878,2173.94392258864,2192.83955088893,158.792098447415,0,299.02352265606
"Estuary_1021",87800.2830467691,87521.1928739502,88079.373219588,3195.31873964762,0,6010.26689618663
"Estuary_10216",19314.6588582491,19063.6190004014,19565.6987160969,8941.43235822106,6008.7089996556,11586.9984227718
"Estuary_10250",4675.35164285454,4662.13339373566,4688.56989197343,558.250942430393,0,1049.67982656121
"Estuary_1027",7620.80472173172,7564.93593457078,7676.67350889265,46.093828218336,0.783543647230886,86.3637966315772
"Estuary_1031",18480.4535474322,18432.7146573062,18528.1924375582,0,0,0
"Estuary_10314",11941.0700385328,11927.3456213272,11954.7944557384,5699.94807998036,3858.08876731377,7316.08958354075
"Estuary_10332",0,0,0,0,0,0
"Estuary_10334",9210.17215194775,9174.70877883777,9245.63552505774,4396.38180702219,2967.70480262736,5658.13975376388
"Estuary_1036",2920.14728259788,2858.93691063567,2981.3576545601,0,0,0
"Estuary_1037",0,0,0,0,0,0
"Estuary_1040",937.528998649736,925.392905204143,949.66509209533,5.67056921039301,0.09584823167526,10.6838831672105
"Estuary_10419",47924.6497376982,47294.7991255802,48554.5003498162,5722.3462373371,0,10870.4105260782
"Estuary_10441",7950.80652675072,7907.66053921795,7993.9525142835,3969.10620986234,2740.99920149634,5057.91298638261
"Estuary_10447",0,0,0,0,0,0
"Estuary_1059",6108.29681090762,6054.96109071925,6161.63253109599,36.9455450164857,0.627146923370799,69.3193449242894
"Estuary_107",1151.10502906672,1147.58462144095,1154.62543669249,137.445376604982,0,258.498232095334
"Estuary_1072",16244.0194360744,16164.246888071,16323.7919840779,98.2506531530157,1.67422342647218,183.645253316554
"Estuary_1077",2555.20930145227,2549.20149624448,2561.21710666007,305.099618083853,0,573.406814923896
"Estuary_1080",13525.6965636358,13456.6480741251,13594.7450531464,1615.00854491173,0,3043.59963876413
"Estuary_1085",3987.58419517528,3970.17870216117,4004.98968818939,476.129456140332,0,896.63948243046
"Estuary_1087",42408.7438883516,42354.0189621533,42463.46881455,5234.51368944624,446.085740819159,9436.04454346227
"Estuary_1091",15038.3450882155,14929.4962936709,15147.1938827601,156.156576488475,0,294.91284524625
"Estuary_1092",2044.23330372137,2029.89567573747,2058.57093170527,244.087558653298,0,460.874089187748
"Estuary_1095",22408.6786154241,22300.8117163935,22516.5455144548,0,0,0
"Estuary_1102",1395.87529563191,1381.1153010859,1410.63529017792,0,0,0
"Estuary_1104",9987.44323494625,9959.75885012976,10015.1276197627,1652.39625987857,429.533730978145,2728.89965265265
"Estuary_1108",15714.3798554289,15583.6720205838,15845.087690274,1876.34386333479,0,3547.40769185238
"Estuary_1110",18161.2834777567,18105.1390668961,18217.4278886173,0,0,0
"Estuary_1129",14659.8623985318,14618.6054299083,14701.1193671553,0,0,0
"Estuary_1132",1832.54135123162,1825.50508035568,1839.57762210755,97.1328259078285,0,182.823336556656
"Estuary_1138",39025.3134836575,38957.9121070076,39092.7148603075,4316.04849162413,219.429128886308,7913.902941955
"Estuary_1143",25986.4717334884,25772.5018659657,26200.441601011,157.177097146753,2.66940530428555,294.759130691965
"Estuary_1144",774.97726308415,769.826717007713,780.127809160588,80.395239432193,0,151.742908290896
"Estuary_1152",8599.37263094786,8566.55820113179,8632.18706076393,1130.4759903964,94.5387278642616,2044.37572655292
"Estuary_1159",8107.40056981238,8068.2562418016,8146.54489782316,941.483172654708,322.900197144246,1488.52489827128
"Estuary_1167",30011.9714104334,29889.1356486187,30134.807172248,311.641120191861,0,586.718688154492
"Estuary_1169",36957.6065979529,36888.7404838229,37026.4727120829,223.535129437063,3.82077766559277,416.553700712517
"Estuary_1170",15828.9251030132,15805.1000827597,15852.7501232668,5395.97107505909,3348.40452825034,7193.98707302589
"Estuary_1174",85578.3205821521,85272.0309943606,85884.6101699436,517.613631652151,8.83211156710178,966.215509609348
"Estuary_1180",13597.1848926337,13555.7362445282,13638.6335407393,2094.74461219979,541.119750899311,3463.24364301573
"Estuary_1183",20988.8872201326,20894.8843506245,21082.8900896408,126.949606681298,2.16420258336065,237.185863121367
"Estuary_1186",25135.5590027963,25039.6657967712,25231.4522088215,152.030419509748,2.59350128454958,283.857846078483
"Estuary_1188",2246.22762790821,2235.26024151211,2257.19501430431,733.886733641251,433.888347166954,999.378379863775
"Estuary_1196",7623.42297667993,7610.40791825023,7636.43803510963,2278.23934116929,1376.40591101953,3070.51713944264
"Estuary_12",203.280841761666,199.385683324656,207.176000198676,24.2723393148258,0,46.382686611644
"Estuary_1200",1753.21014177647,1727.19385008926,1779.22643346369,163.601325381656,51.6203931766822,264.77590827516
"Estuary_1206",3043.98717379698,3035.14887046708,3052.82547712688,352.331853130519,152.447136339436,528.372249543949
"Estuary_1207",7014.46436195715,6979.6109379218,7049.31778599251,670.833272919591,0,1264.0621965756
"Estuary_1217",55815.99573086,55682.1025907563,55949.8888709636,6664.59650517731,0,12526.0945233501
"Estuary_1219",913.257294099282,912.17555474619,914.339033452375,0,0,0
"Estuary_1223",3307.9508083375,3293.14115310135,3322.76046357365,1860.72232968984,1303.53503976929,2353.62199503134
"Estuary_1227",21993.2740695144,21945.749455494,22040.7986835348,2626.06257546441,0,4934.50716795555
"Estuary_1236",68589.1436636018,68496.8326126094,68681.4547145943,712.222375265043,0,1337.21423138222
"Estuary_1240",89767.5444734213,89693.2918837631,89841.7970630794,542.951817508254,9.29004682426775,1010.7344908681
"Estuary_1243",4050.9358546707,4036.28065812789,4065.59105121351,2231.28546444693,1555.53392094918,2827.8195344861
"Estuary_1244",0,0,0,0,0,0
"Estuary_125",6493.35731615719,6468.58809495315,6518.12653736123,623.741537205711,0,1173.97655447014
"Estuary_1251",109655.315203945,109529.914247242,109780.716160648,13093.1719646502,0,24577.772274772
"Estuary_1253",42094.6594153191,42003.3922185985,42185.9266120396,4888.30089951644,1681.02043634202,7708.15148093586
"Estuary_1258",40413.7802527225,40366.8698665142,40460.6906389307,244.43951953138,4.18102740275191,455.189198012125
"Estuary_1264",21809.2646353059,21754.0613611474,21864.4679094644,2532.63120346711,870.620675854242,3995.04394548758
"Estuary_1268",47562.527437908,47342.7317289627,47782.3231468533,84.6860020516049,0,159.520036072285
"Estuary_1281",18092.5983702824,18047.9459780648,18137.2507625001,2101.02816168304,722.297995962575,3314.01222049181
"Estuary_1283",13180.5451608801,13144.9180925625,13216.1722291976,79.7214738670761,1.36149428810491,148.68403734093
"Estuary_1284",144330.596089439,143958.218124057,144702.97405482,17233.5040106792,0,32396.1882212283
"Estuary_1288",42214.8245221065,42091.1584475245,42338.4905966884,1467.6363354172,0,2759.87943319591
"Estuary_1293",17865.6085886182,17767.3765992575,17963.8405779788,159.265911259424,0,300.265530961976
"Estuary_1297",1313.03086595547,1309.48680891025,1316.57492300069,19.1913962850762,0,36.0809936119347
"Estuary_130",1065.89993218861,1053.70466828941,1078.0951960878,102.388645786745,0,194.175193813643
"Estuary_1308",447399.730387727,446813.512730187,447985.948045266,4174.8838401274,0,7838.16392841881
"Estuary_1310",100447.131984631,100170.316911303,100723.94705796,0,0,0
"Estuary_1314",12342.8920360005,12304.8992215438,12380.8848504573,0,0,0
"Estuary_1315",152960.18536878,152719.200430122,153201.170307439,7493.08500139878,0,14071.6690669342
"Estuary_1321",21660.7401121081,21466.7896489136,21854.6905753026,40.8314006140323,0,77.2443850219376
"Estuary_1331",47053.2806555557,46970.1171045636,47136.4442065477,117.998804381358,0,221.638798945168
"Estuary_1338",1302.04149094858,1298.82988372536,1305.25309817179,19.0307744321168,0,35.7707167851545
"Estuary_1340",0,0,0,0,0,0
"Estuary_1348",37506.9518297439,37359.470068055,37654.4335914328,0,0,0
"Estuary_1351",71537.624015892,71294.6354484135,71780.6125833705,0,0,0
"Estuary_1352",24682.7773501174,24597.9437448298,24767.6109554051,0,0,0
"Estuary_1356",27918.3624176379,27832.88506328,28003.8397719958,0,0,0
"Estuary_1367",1261.37491919211,1259.68353642877,1263.06630195545,150.611930649804,0,282.776037751221
"Estuary_1373",12503.5283830629,12460.0785589957,12546.9782071301,0,0,0
"Estuary_1382",8910.99474069019,8868.61735036828,8953.3721310121,0,0,0
"Estuary_1402",12995.7319049964,12948.1458382438,13043.3179717489,0,0,0
"Estuary_141",4981.480162629,4964.9961324108,4997.96419284719,478.513031535557,0,900.18086467822
"Estuary_1419",59709.738099794,59649.0289424983,59770.4472570896,734.026187438464,0,1377.6984369876
"Estuary_1425",58861.5531061484,58757.3172694757,58965.7889428212,1760.41031960226,0,3306.61456462196
"Estuary_1426",41946.6633072647,41890.97807582,42002.3485387094,0,0,0
"Estuary_1432",9938.66875440391,9895.6395525467,9981.69795626113,1186.70671694375,0,2234.7084976704
"Estuary_1440",85898.4314328069,85737.2338005868,86059.629065027,11.4989728034144,0,21.6010347391671
"Estuary_1441",1250.87191724857,1238.54582461762,1263.19800987951,149.357840865501,0,282.805524599891
"Estuary_145",2054.4077796023,2030.4540935713,2078.3614656333,245.302421445051,0,465.304805738799
"Estuary_1462",4395.92018931168,4389.04052087913,4402.79985774423,64.2512286481989,0,120.659592376129
"Estuary_147",228.54149947075,209.839171487052,247.243827454448,21.9533315747895,0,44.5309637677715
"Estuary_1478",32010.6134250081,31988.5659095072,32032.6609405089,467.870469382053,0,877.861346571587
"Estuary_151",1098.6696652144,1084.54637257336,1112.79295785545,105.53645402463,0,200.424590565045
"Estuary_154",12449.7980393229,12429.5830664647,12470.0130121811,1195.90772367099,0,2245.96789067013
"Estuary_1554",13290.1920715002,13208.5186764987,13371.8654665017,1586.88860555226,0,2993.70122384366
"Estuary_1559",2990.04934934537,2982.55145819168,2997.54724049905,357.020817832282,0,671.09266578337
"Estuary_156",40296.4949866615,40221.8339650352,40371.1560082878,3870.81697544057,0,7271.22898871694
"Estuary_1572",31254.3686869908,31232.6036717404,31276.1337022413,3731.86491784965,0,7002.1194855764
"Estuary_1574",14126.7356375669,14082.2430615717,14171.2282135621,1640.48683333018,563.58634685595,2589.34631792285
"Estuary_1580",1199.46096838373,1171.52471654473,1227.39722022274,143.21922010552,0,274.790422437926
"Estuary_1582",7146.04447612172,7140.38929370258,7151.69965854085,829.589507183804,0,1556.71129017957
"Estuary_1583",36813.3680552808,36504.0852211994,37122.6508893621,4395.62603645144,0,8311.04124388704
"Estuary_1597",0,0,0,0,0,0
"Estuary_16",52.1161694869243,51.9164287283228,52.3159102455257,6.22282620739394,0,11.7125172191476
"Estuary_1632",13413.2124103567,13389.1085891731,13437.3162315403,1606.04154424287,3.98062294580091,3013.24372838184
"Estuary_164",21596.6401366991,21552.6569076776,21640.6233657207,2578.70329990437,0,4844.9156788927
"Estuary_1649",1289.07675075691,1279.69704963728,1298.45645187654,153.919612030676,0,290.699205644
"Estuary_1667",13035.2805426878,12997.818626119,13072.7424592567,1556.45140808213,0,2926.73338640075
"Estuary_168",54.4439403534196,53.4025732954842,55.4853074113549,6.50076899742323,0,12.4220837488108
"Estuary_1689",45826.6875382536,45712.353435172,45941.0216413352,5471.84328814968,0,10285.3033525377
"Estuary_1700",176.231561487157,175.378878747198,177.084244227116,19.9580806033636,0,37.6024616778994
"Estuary_1709",1254.38460920656,1244.395758673,1264.37345974012,0,0,0
"Estuary_1719",35304.5995608051,35274.3490941437,35334.8500274665,6.4331818682095,0,12.07255141719
"Estuary_1743",49121.1124142244,49071.0246574784,49171.2001709704,4552.50085298517,0,8544.64301544748
"Estuary_176",1430.50759801951,1419.4561835623,1441.55901247672,137.412276073726,0,259.638482443135
"Estuary_1767",12828.6492240448,12809.9935170448,12847.3049310448,1531.77901182624,0,2876.2622979951
"Estuary_1771",6915.44509540418,6815.8911212656,7014.99906954276,825.724787510947,0,1570.52217974838
"Estuary_178",0,0,0,0,0,0
"Estuary_179",372.901896994121,369.137769380255,376.666024607987,35.8203608908573,0,67.8411318375949
"Estuary_1806",5782.41621702392,5751.33290853004,5813.49952551781,687.149233403608,0,1295.33061713165
"Estuary_1831",140347.590210743,139821.148005175,140874.032416311,78798.6079392191,55215.1223802995,99624.5471660004
"Estuary_185",128.754719132426,126.316660090303,131.19277817455,12.3679727641536,0,23.6290665438777
"Estuary_188",1694.8250303302,1683.53651334686,1706.11354731355,162.802186641178,0,307.287269176097
"Estuary_1886",0,0,0,0,0,0
"Estuary_19",3882.52385906512,3872.94619259477,3892.10152553547,463.584938395836,0,871.366013179584
"Estuary_1900",7239.09192067134,7209.38418922683,7268.79965211584,2982.13935009986,1884.11082000791,3952.27395911605
"Estuary_192",5929.82168346599,5912.30543702565,5947.33792990632,569.609204008772,0,1071.17210001995
"Estuary_1933",303.337079085145,300.492392185142,306.181765985147,36.2193527265844,0,68.5481565638389
"Estuary_1938",2900.51015750256,2892.8092751551,2908.21103985002,1166.69627308516,730.915167701083,1550.40765382805
"Estuary_194",357.959817683684,351.629060932636,364.290574434732,34.3850486071868,0,65.6121956131846
"Estuary_1947",13180.0108598955,13153.2431437181,13206.7785760729,1365.58193703866,0,2565.66626656273
"Estuary_1954",187.428297462644,166.466798535794,208.389796389493,105.428417322737,65.8931077537519,147.609439109224
"Estuary_197",1120.10194331021,1111.97026677556,1128.23361984487,107.595204442081,0,203.205600577228
"Estuary_2015",42468.7860337892,42430.9041736639,42506.6678939145,381.923962152594,0,716.746191854524
"Estuary_2017",17199.8164081612,17178.3492979187,17221.2835184038,0,0,0
"Estuary_2031",25884.7611118935,25870.9750307386,25898.5471930485,0,0,0
"Estuary_2033",0,0,0,0,0,0
"Estuary_2036",6088.35689388029,6074.55159029366,6102.16219746692,0,0,0
"Estuary_2055",1168.49877123087,1167.53038412072,1169.46715834102,139.522241340999,0,261.821005598735
"Estuary_2071",6788.63995719635,6763.64012911012,6813.63978528259,810.583875486132,0,1525.44174297371
"Estuary_2075",26686.3885093995,26635.2967806363,26737.4802381627,3186.43444888353,0,5986.00303839464
"Estuary_208",5122.51851176328,5107.04258056196,5137.99444296461,492.060950186989,0,925.401643933141
"Estuary_2104",11419.9292092005,11412.8911916642,11426.9672267368,967.003351784726,0,1814.24870393783
"Estuary_2106",8594.0134873813,8583.27542438455,8604.75155037805,1026.15086416493,0,1926.43691426374
"Estuary_2112",78.8417074672789,78.37659593653,79.3068189980279,9.4139352199736,0,17.7552579846331
"Estuary_212",0,0,0,0,0,0
"Estuary_2120",11672.2541509947,11653.0150840376,11691.4932179518,6381.4049102545,4454.47826018215,8074.31748191058
"Estuary_2138",224205.336870512,223819.557804198,224591.115936826,115431.467799774,79680.4802748902,146845.64667479
"Estuary_214",3708.2302253274,3690.11031707653,3726.35013357827,442.773758248048,0,834.257492592151
"Estuary_2146",46536.9574995832,46476.9099877269,46597.0050114395,15525.1016835113,8954.64190115789,21291.5683891286
"Estuary_2196",16123.9486966167,16011.1721684887,16236.7252247448,8569.77978519309,5894.2651476511,10950.5880217958
"Estuary_2244",3492.02415822434,3461.11199500377,3522.93632144492,1964.26358900119,1370.02349802232,2495.41322769015
"Estuary_2259",4580.68484304014,4546.95025550666,4614.41943057362,531.9384014421,181.973785897055,843.140042757392
"Estuary_226",39327.0362137409,39281.813465095,39372.2589623868,3769.290966689,0,7075.54749542178
"Estuary_2262",50996.6633629146,50887.8890548361,51105.4376709932,28685.6231416395,20143.1227508726,36199.6850169535
"Estuary_2265",16621.9896191098,16557.3602799503,16686.6189582694,1984.71517840117,0,3735.81021453792
"Estuary_2283",15767.77423079,15743.2308555872,15792.3176059928,552.621955210096,41.4232747035679,1001.42063656867
"Estuary_23",376.463067335079,369.630281492814,383.295853177344,44.9508140101587,0,85.812504442689
"Estuary_2301",30787.0233845402,30750.8955250859,30823.1512439946,1079.00993563447,80.9111423443484,1954.55413891247
"Estuary_2307",17415.3317476224,17302.8603022895,17527.8031929552,2079.44259673103,0,3924.13504319892
"Estuary_231",20348.8105941848,20298.7601330659,20398.8610553036,2429.70872766385,0,4566.90919148589
"Estuary_2313",3444.43413619382,3430.40932913657,3458.45894325106,0,0,0
"Estuary_232",29040.9873571633,28987.9015544104,29094.0731599163,3467.5805799598,0,6513.59846863798
"Estuary_2331",104486.355209954,104214.085683493,104758.624736415,58768.5635463986,41246.9438569028,74198.5326011706
"Estuary_2332",285.578059685307,281.416408366288,289.739711004327,1.32787034796975,0,2.52603945197986
"Estuary_2349",32643.3519738164,32611.9256438301,32674.7783038027,0,0,0
"Estuary_237",2407.90302825644,2398.62915026603,2417.17690624684,231.299320699603,0,435.356539900691
"Estuary_2372",178.330661181821,147.36325967936,209.298062684282,75.6984507306785,40.1621958136566,116.670162273428
"Estuary_241",1735.69604309102,1722.88825524517,1748.50383093688,166.728190876791,0,314.922162243282
"Estuary_2417",33823.3271122881,33777.7838064592,33868.870418117,0,0,0
"Estuary_242",119120.863733397,118850.738870273,119390.98859652,12481.3751934888,0,23455.6474306502
"Estuary_243",28353.9886499954,28188.8370316837,28519.1402683072,3299.39067905479,0,6222.39079420869
"Estuary_2439",8801.00380577863,8746.05472182539,8855.95288973187,1050.86612606312,0,1982.67602008922
"Estuary_2459",1162.39155505543,1157.90728930908,1166.87582080178,653.845249718679,458.338302018177,826.537039734594
"Estuary_2481",21660.1775719232,21513.0128675628,21807.3422762836,12183.8498842068,8515.56759341026,15446.8674457009
"Estuary_2496",1989.68761961987,1982.98225652189,1996.39298271786,237.574641148642,0,446.953652847282
"Estuary_250",1161.65266789876,1155.66573797089,1167.63959782663,653.429625693054,457.451021280146,827.07804846053
"Estuary_2516",8122.5127996304,8110.67578669489,8134.34981256592,284.674224709894,21.3406481951324,515.814459321717
"Estuary_2522",3853.53984812724,3840.55586192434,3866.52383433013,460.124160970416,0,865.639664402269
"Estuary_2558",26214.2907505493,26086.1613947352,26342.4201063634,3130.06456722977,0,5897.5567402306
"Estuary_2584",3455.63171531294,3406.1959697555,3505.06746087039,1753.47953446423,1180.70486865277,2271.70353541633
"Estuary_2586",28092.3782516835,27998.9260890422,28185.8304143248,1625.20012816948,0,3057.38722916633
"Estuary_260",9186.0384299698,9162.65397151679,9209.4228884228,3961.80968744294,2552.85728267914,5202.15142019931
"Estuary_2607",84867.2522909422,84692.0544218614,85042.4501600231,2486.4545182133,0,4671.72655085374
"Estuary_2624",14996.3218249109,14983.326780865,15009.3168689569,8105.39206560467,5638.29691072401,10268.712127088
"Estuary_2637",76009.6181541427,75882.2143615667,76137.0219467188,9075.77530198719,0,17045.6019283699
"Estuary_2643",40117.2882775213,40016.773921704,40217.8026333386,4790.12397343538,0,9003.98566418029
"Estuary_2653",3785.10695204963,3780.39483681648,3789.81906728278,44.6744820694795,0,83.8689332854664
"Estuary_2655",19615.0699198426,19576.3681706951,19653.7716689902,11022.2174437605,7738.94052842242,13909.0870477657
"Estuary_2658",8789.39994645976,8778.44166187588,8800.35823104364,369.966121093582,249.864745736372,475.37384250745
"Estuary_2665",75736.5723166583,75528.628412165,75944.5162211517,36277.1013352022,24262.1780039364,46860.018431111
"Estuary_2689",32842.2344358509,32690.014858463,32994.4540132388,14987.6255547272,9839.95451871117,19541.9021871295
"Estuary_2702",5319.78785491742,5279.33540569109,5360.24030414375,24.5912420970502,0,46.4591953473247
"Estuary_2709",50226.1364755918,50090.0180285304,50362.2549226532,5997.15062395126,0,11275.1316991015
"Estuary_271",18188.1112711518,18166.8889543809,18209.3335879226,0,0,0
"Estuary_2716",928.038283424396,926.183786962765,929.892779886027,81.083153027612,12.9655552040461,140.944422497924
"Estuary_2719",2374.48892203655,2358.51734396459,2390.46050010851,283.521065317797,0,535.17772390489
"Estuary_273",2210.042930351,2198.79603130192,2221.28982940008,212.293195576607,0,400.075415144423
"Estuary_2730",728.488873941688,711.022951441991,745.954796441384,382.2138639419,257.415619534629,497.528680644913
"Estuary_2738",4537.95264924458,4463.0430570551,4612.86224143407,541.845092447115,0,1032.73035255987
"Estuary_2739",28756.2192562426,28601.2922699383,28911.1462425469,15789.3043971342,10978.3147283744,20054.3524367927
"Estuary_2752",274.092802636151,272.965932759816,275.219672512486,23.947620542019,3.8212230875119,41.7152156048514
"Estuary_2754",2851.87489670044,2848.44065492498,2855.3091384759,249.169687064537,39.8750389250377,432.780968172328
"Estuary_2766",496.07120251111,445.382089098077,546.760315924143,279.040051412499,176.297076934656,387.288557112934
"Estuary_2774",7535.80365535108,7487.08418388876,7584.5231268134,899.797451385204,0,1698.02756570449
"Estuary_2789",16128.653092442,16107.6072216638,16149.6989632202,7505.55035966733,4978.06442075809,9724.08152053754
"Estuary_2790",6440.95105810821,6432.24015869226,6449.66195752415,0,0,0
"Estuary_2809",270572.4801625,269396.573781928,271748.386543073,150951.887323182,105629.043994642,191032.575506018
"Estuary_2811",0,0,0,0,0,0
"Estuary_2815",1954.42029955054,1881.04222807114,2027.79837102993,1099.36141849718,744.579215278159,1436.35717947954
"Estuary_2825",12361.5176139848,12328.1297711049,12394.9054568647,1476.00210316236,0,2774.97883362643
"Estuary_2833",28338.687388777,28067.1080958091,28610.2666817449,15576.8152993277,10788.1085230745,19864.1534835805
"Estuary_2836",39900.1504121417,39840.0030985952,39960.2977256882,12082.5573335979,7852.68801475922,15797.0969604464
"Estuary_286",2781.41959701279,2772.98175600558,2789.85743801999,322.717019624472,0,606.930053727282
"Estuary_2865",1778.67693195687,1773.86862902274,1783.48523489101,892.698356094432,617.92283781746,1134.72056766115
"Estuary_2885",12.0197392803354,11.9977510107901,12.0417275498808,0,0,0
"Estuary_289",4481.93355873884,4466.66127999376,4497.20583748392,534.470408142688,0,1005.54680026512
"Estuary_291",246.775167665421,245.725469497363,247.824865833479,29.4656916615428,0,55.4831789179431
"Estuary_2916",128.519720806605,124.775466582868,132.263975030343,15.3456383052663,0,29.6113376933603
"Estuary_2937",22141.097236306,22122.5442868947,22159.6501857173,600.507669728482,0,1126.89536281228
"Estuary_2946",975.625898764609,974.808910339632,976.442887189586,0,0,0
"Estuary_2954",2394.76928498309,2364.98227135484,2424.55629861134,1347.05772280299,936.138815744626,1717.3940448497
"Estuary_2967",62161.6856033077,62124.2506197197,62199.1205868957,33821.8465881594,23705.0782466552,42687.2117580485
"Estuary_2968",13.5042325436675,13.4648560701841,13.543609017151,0,0,0
"Estuary_2970",74.0263544980202,73.4208670570182,74.6318419390222,35.5412842249207,24.7432850942727,45.1775118211132
"Estuary_2975",2977.99231528034,2971.98132178721,2984.00330877348,260.188626835458,41.6044724982592,452.28722298341
"Estuary_2986",7450.98889927633,7416.93543088079,7485.04236767187,3989.03143508973,2792.32623578437,5047.89618192737
"Estuary_2987",535.635556776367,533.679196107256,537.591917445478,301.295000686707,211.248015125789,380.794274857214
"Estuary_2991",2186.72459559375,2164.71190462984,2208.73728655766,1097.49298292756,754.072145637436,1405.28196061584
"Estuary_2994",2195.43106008697,2190.46405461864,2200.39806555531,1126.2916186556,770.227995855169,1439.56863765057
"Estuary_2996",2443.70812709807,2433.78737534041,2453.62887885573,213.507959276396,34.0703486868046,371.898043338865
"Estuary_2997",0,0,0,0,0,0
"Estuary_30000",3587.53144510877,3580.94361608665,3594.1192741309,0,0,0
"Estuary_30001",63219.8897416261,63197.8580386576,63241.9214445947,6468.42679662915,0,12132.5268740894
"Estuary_30002",177137.786773594,177073.527947581,177202.045599606,33432.2398256309,13068.8777974207,51264.6219200634
"Estuary_30003",54633.8561689625,54512.434822861,54755.277515064,4358.74855085273,0,8190.81689642531
"Estuary_30004",25050.4704652563,24963.1015665996,25137.8393639131,13036.1224508301,8947.92193147461,16643.7423826945
"Estuary_30005",8927.54709818388,8908.67003160032,8946.42416476744,1065.97577291748,0,2002.93078315689
"Estuary_30006",322250.251432876,321529.985949199,322970.516916552,0,0,0
"Estuary_30007",244724.090279141,244235.914105558,245212.266452724,128.890244746374,0,242.151291188689
"Estuary_30008",3031.83952105792,3025.56713359315,3038.1119085227,244.018527591536,0,458.481304889449
"Estuary_30009",3088.13518168097,3075.9624579883,3100.30790537364,368.732559006683,0,694.098784785143
"Estuary_30010",8282.69644543863,8246.98060436641,8318.41228651085,988.978680052373,0,1862.33110892034
"Estuary_30011",10682.3524906247,10656.5057140071,10708.1992672423,831.4605877799,0,1562.76069537696
"Estuary_30012",2296.44213733945,2286.85160801276,2306.03266666613,274.202046249486,0,516.275970149134
"Estuary_30013",33434.0138718411,33327.1770139305,33540.8507297516,3992.12105932431,0,7509.14568576529
"Estuary_30014",2175.01730029578,2161.56588091578,2188.46871967577,259.703558244272,0,489.955683509501
"Estuary_30015",453.612856829824,450.542990970626,456.682722689022,54.1627291737104,0,102.24240060202
"Estuary_30016",331.26444648645,327.697452087179,334.831440885722,39.5539637595762,0,74.9622628848631
"Estuary_30017",1701.85413385821,1695.72650067561,1707.98176704081,165.32129159452,0,311.093515003842
"Estuary_30018",715.6017623265,707.621037798557,723.582486854443,69.5148927640048,0,131.794041116009
"Estuary_30019",3664.2282716895,3651.98005646439,3676.47648691461,355.949983327616,0,669.637120965774
"Estuary_30020",22975.3484043124,22949.7608267251,23000.9359818998,2231.86828851425,0,4189.413588053
"Estuary_30021",268617.476756071,268388.940011956,268846.013500186,142392.230457887,99495.5284620392,180005.729838044
"Estuary_30022",12792.1561685826,12778.8933612719,12805.4189758933,7077.87099066384,4953.26059525203,8941.66790832118
"Estuary_30024",13484.0383265134,13464.2474816362,13503.8291713907,6691.82475857834,4533.06962213994,8587.49090637355
"Estuary_30025",14712.0335424489,14673.9055081387,14750.1615767591,7995.88911775184,5559.26574767906,10141.510257471
"Estuary_30026",9222.72733275963,9207.93474276422,9237.51992275504,5187.78412467729,3644.80750234417,6543.24327861815
"Estuary_30027",14891.9746602408,14866.8573601975,14917.0919602841,0,0,0
"Estuary_3021",6940.22636545108,6922.53230464685,6957.9204262553,1151.1437554464,287.329857934984,1911.19849683786
"Estuary_3023",471233.101153771,470462.170781144,472004.031526399,264372.06462602,185638.437613847,333542.593277343
"Estuary_3033",57330.28985461,57115.0381596616,57545.5415495585,31229.5280444127,21701.3606953155,39643.3989711087
"Estuary_3034",5704.97640276519,5690.32729945124,5719.62550607914,296.615244134105,0,557.581660751595
"Estuary_3035",104956.666970006,104910.59078964,105002.743150371,8336.31245725773,0,15637.4477148654
"Estuary_3039",193506.250736848,193319.086796152,193693.414677543,108282.169878783,76017.8075600048,136581.066005877
"Estuary_3040",16413.1121577771,16405.7058983046,16420.5184172496,210.958523987523,0,395.725719372277
"Estuary_3070",370.067741983361,365.265627817708,374.869856149015,208.163104865641,144.584311011176,265.532814772219
"Estuary_3072",34080.2102167872,34038.1222605949,34122.2981729794,6877.09432474129,3507.85122101664,9833.51587581478
"Estuary_308",4572.97999529361,4565.42155355059,4580.53843703663,546.02746212461,0,1025.49367993357
"Estuary_3082",4930.17535233926,4924.00535020364,4936.34535447487,0,0,0
"Estuary_309",50111.9833792794,50037.2972783728,50186.6694801859,5861.13800427016,0,11006.0125329108
"Estuary_3112",305.273220981195,305.035164421966,305.511277540424,36.4505338485009,0,68.3980472105427
"Estuary_3115",5976.21898748842,5966.13477830966,5986.30319666718,1711.61282075489,999.552602481163,2337.12420763708
"Estuary_3118",67115.3991763861,67085.0656590943,67145.7326936779,5419.93781177247,0,10166.9763941543
"Estuary_3121",4460.84172659106,4454.9768274046,4466.70662577752,0,0,0
"Estuary_3126",63680.3937230656,63659.0774468502,63701.709999281,4451.22502860399,0,8348.84067143519
"Estuary_3128",298186.315616646,297894.011884555,298478.619348737,165509.950498415,116325.042759795,208651.205099663
"Estuary_3139",54.2104779177338,54.1743813259775,54.2465745094901,6.47289288569956,0,12.1447554871993
"Estuary_3154",23256.6239796349,23222.3856291679,23290.8623301019,19.3140998057771,0,36.267251214115
"Estuary_3164",16191.4780645598,16149.9374411992,16233.0186879203,18.4720987587792,0,34.7240447058891
"Estuary_3184",391831.705552237,390696.965190755,392966.445913719,216757.147050768,151914.839526712,273899.01540645
"Estuary_3191",8162.21801157121,8157.55354194453,8166.8824811979,0,0,0
"Estuary_3196",26197.1855866117,26180.6800130437,26213.6911601796,0,0,0
"Estuary_3202",1347.43595291388,1332.69084811162,1362.18105771614,0,0,0
"Estuary_3207",98752.2728450513,98717.3093465311,98787.2363435714,22514.3187255187,13919.065172166,30041.4844875467
"Estuary_321",47750.462548594,47698.9706270869,47801.9544701012,242.451903387357,0,455.087535871408
"Estuary_3212",2286.19841236012,2284.13361474289,2288.26320997735,268.467388662336,0,503.830981953569
"Estuary_3214",2912.58058151524,2903.64337008197,2921.51779294851,1090.73995775357,662.496174059488,1468.16028846976
"Estuary_3242",50657.5907168129,50617.5078491081,50697.6735845176,3431.68443455646,0,6439.49954660267
"Estuary_3261",12285.4268166589,12272.8121770508,12298.0414562669,3.81776088890892,0,7.16565178950248
"Estuary_3269",495138.187642018,494701.138490365,495575.23679367,277382.658268344,194859.96285543,349747.828040476
"Estuary_3276",8285.19730885322,8271.3399435595,8299.05467414694,4.20152584622733,0,7.89103703860111
"Estuary_3285",3566.11852596473,3561.64201957604,3570.59503235342,0,0,0
"Estuary_3288",6385.08435586143,6366.51142259317,6403.65728912969,656.348445753903,0,1234.23306019127
"Estuary_3293",3431.11617190803,3426.119764914,3436.11257890207,0,0,0
"Estuary_3294",1117.86740154329,1080.93760206622,1154.79720102036,464.060766778566,302.00758258555,616.545890262872
"Estuary_3303",71484.2725978127,71386.0581059233,71582.4870897021,36297.7119845546,24873.9031724219,46327.1634117504
"Estuary_3307",71925.7150349578,71893.0968996098,71958.3331703059,21.0538404969422,0,39.4938531786871
"Estuary_331",6490.71319041452,6479.1173349114,6502.30904591763,0,0,0
"Estuary_3317",15894.1608640411,15878.8464483654,15909.4752797169,0,0,0
"Estuary_3321",1621.55061213025,1582.33585835229,1660.76536590821,0,0,0
"Estuary_3327",20251.5567558626,20234.2457448189,20268.8677669062,4.0883690546917,0,7.67224460360332
"Estuary_3329",40739.755904511,40719.7563215573,40759.7554874648,235.881045676295,0,442.494079144786
"Estuary_3330",255.629723904387,247.087816463696,264.171631345078,143.791719696218,97.8055940168797,187.121572202764
"Estuary_3351",26294.18955736,26104.7733878888,26483.6057268313,14790.481626015,10333.1394660393,18759.2207231722
"Estuary_3357",7564.66981685527,7559.80968581659,7569.52994789395,0,0,0
"Estuary_3358",16912.2098677,16901.98058762,16922.4391477799,1872.52378786573,0,3513.1057052286
"Estuary_3367",702.832053978335,702.419483068857,703.244624887813,39.5737515160789,0,74.244340849634
"Estuary_3397",633.23286201913,629.607468415037,636.858255623223,30.5191614703918,0,57.5510441228392
"Estuary_34",319.386471454176,317.256187520658,321.516755387695,38.1356980840808,0,71.9813631464988
"Estuary_3415",10834.3575203869,10785.8559176396,10882.8591231343,6094.32610521766,4269.40130073236,7708.69187888676
"Estuary_3418",71960.8465960041,71903.6579511376,72018.0352408705,38226.3077329728,26451.972668812,48548.9943022354
"Estuary_343",61797.2249610914,61753.2404813411,61841.2094408416,0,0,0
"Estuary_3430",4167.44348703852,4138.68454903076,4196.20242504628,2091.59397255057,1441.70073224492,2669.78223571364
"Estuary_3442",2819.47485471788,2800.5507445562,2838.39896487956,336.653713996165,0,635.462454823782
"Estuary_3454",19249.8290412451,19133.3657541427,19366.2923283475,4987.21263921217,3488.28707727115,6318.18945989708
"Estuary_347",21250.4975727966,21185.911188731,21315.0839568623,794.634159960705,0,1494.4674039276
"Estuary_3477",6508.07119991243,6476.03395488924,6540.10844493562,777.083128347753,0,1464.20338319454
"Estuary_3480",5583.26948900991,5555.3729026507,5611.16607536912,2000.62263183763,1400.81131080219,2531.89016962536
"Estuary_3509",28020.8206011049,27987.1788688608,28054.4623333491,10004.9368731592,7028.94740040249,12616.6640885201
"Estuary_3525",0,0,0,0,0,0
"Estuary_354",10618.9855845868,10580.0443458369,10657.9268233367,397.082875859104,0,747.260684647433
"Estuary_357",28538.7355548444,28505.8442915686,28571.6268181202,1067.16814871173,0,2003.24638848619
"Estuary_36",1056.570455139,1053.46375976063,1059.67715051737,126.157666285254,0,237.241153100903
"Estuary_3601",606.309448011874,584.343482540825,628.275413482922,72.395157971567,0,140.658674660356
"Estuary_3632",495.706929597695,492.151899089449,499.261960105942,278.835147898704,194.810126722907,353.643888408375
"Estuary_364",3830.42628956789,3807.83975156107,3853.01282757471,143.233708597893,0,270.146816657107
"Estuary_3666",271.078746030281,269.641770767361,272.5157212932,133.173201033315,89.5756268038358,171.809333288278
"Estuary_37",2157.08097732841,2150.31078425462,2163.8511704022,257.561907740706,0,484.444291881089
"Estuary_3715",120852.316894574,120780.0269734,120924.606815747,17579.4490400703,4987.78005254895,28611.6515821379
"Estuary_3718",9829.14290244074,9783.66533371873,9874.62047116275,5436.5431907447,3790.91048067956,6892.79791441846
"Estuary_3729",41054.9778987054,40795.5342531027,41314.4215443081,21497.4784221161,15019.4673995443,27253.3034105646
"Estuary_3744",198848.246323776,198726.168001738,198970.324645815,12529.61964602,1656.01326812726,22056.6679701707
"Estuary_3785",6184.18393973314,6170.44539995061,6197.92247951566,3474.31630313874,2438.64661351388,4385.49737836883
"Estuary_379",31.9570762236343,30.5904264659006,33.323725981368,3.10437011713715,0,6.06961692953538
"Estuary_3837",538.571759499123,530.301487891316,546.842031106929,302.946614718256,209.911005623646,387.346438700742
"Estuary_3847",0,0,0,0,0,0
"Estuary_3855",25465.0643772818,25443.6184865239,25486.5102680398,12504.3692914179,8462.74459947827,16048.0532634956
"Estuary_3857",64488.6686752544,64443.2474985176,64534.0898519913,7358.85115797379,0,13807.5641307879
"Estuary_3859",9493.68822190902,9434.48159508676,9552.89484873128,4286.30452926255,2798.8741416498,5607.18924459078
"Estuary_3894",731.98444634053,726.853144358231,737.115748322829,411.741251066548,287.712702975133,522.123655062004
"Estuary_3904",2051.98586017177,2028.79391936686,2075.17780097668,1154.24204634662,803.064259749384,1469.91760902515
"Estuary_3910",3398.95567426385,3344.19251787352,3453.71883065418,1659.77146392342,1102.12592999617,2166.26830168475
"Estuary_3911",2079.70427322613,1981.73456003643,2177.67398641582,730.841762936367,429.837854129094,1021.5861311717
"Estuary_3913",112448.702050417,112380.99899708,112516.405103754,45055.9292505263,28371.2039584657,59676.0164565083
"Estuary_3916",3336.09558463431,3329.88029207446,3342.31087719417,228.12793026238,8.50302826242585,421.068843274307
"Estuary_3922",36666.6971374358,36602.4754712445,36730.918803627,19340.8975591817,13570.3914885887,24411.9391414972
"Estuary_3923",33644.2923133116,33566.9128210266,33721.6718055966,18093.6318017301,12560.5839045444,22962.4037632389
"Estuary_3924",205677.835026393,205463.192093708,205892.477959077,103205.157459947,70305.0622769751,132066.154326929
"Estuary_3934",34443.2698181731,34247.2972105171,34639.2424258292,17086.0962220985,11878.0184000053,21706.4963309263
"Estuary_3939",11349.4999858484,11314.9867213036,11384.0132503931,5474.56485075637,3668.80724430091,7066.23382147655
"Estuary_3941",2165.61228649696,2145.04223239964,2186.18234059428,1136.11128872139,776.481311045028,1457.99056533895
"Estuary_3944",11019.8360937757,10981.5438778789,11058.1283096726,5132.84257837114,3495.71831242852,6577.43698226114
"Estuary_3949",33293.9412175706,33255.2957591052,33332.586676036,18702.2231304659,13140.6950041112,23582.5398239529
"Estuary_3953",22954.8560936026,22731.810844485,23177.9013427203,6678.47729613892,3483.40908082936,9536.02198977664
"Estuary_3973",1486.38061009581,1470.74115209792,1502.02006809369,817.181700763889,565.455489035417,1043.04129086278
"Estuary_3990",4551.28909427689,4538.29177845031,4564.28641010347,311.2249438791,11.5887719288724,575.014973080034
"Estuary_3993",5902.66102617314,5871.42425031418,5933.8978020321,3264.57980992869,2274.63939634243,4141.99292038557
"Estuary_401",1682.34903839163,1674.96657113956,1689.73150564369,62.9092100221867,0,118.472376730237
"Estuary_4014",2861.15760100184,2845.46069430269,2876.85450770099,1609.40115056353,1126.32819149482,2037.77194295486
"Estuary_4017",24298.8084671812,24171.5596750105,24426.0572593518,4391.53612542797,2873.34943028813,5736.59893202403
"Estuary_4021",34113.2578196015,33861.9577011289,34364.5579380741,4073.22481428078,0,7693.55774733002
"Estuary_4024",24128.8223879953,24019.9015451952,24237.7432307954,8459.88046719506,5100.0688212046,11430.8482410681
"Estuary_4027",0,0,0,0,0,0
"Estuary_4040",17127.6235805028,17093.5162738661,17161.7308871396,4458.53021863873,3063.1728664697,5685.41907962003
"Estuary_4043",9403.60766220171,9348.57122863336,9458.64409577006,5205.63596228475,3625.97001588512,6607.61267877095
"Estuary_4046",329.119999665086,324.066492168919,334.173507161254,184.247805953602,127.500327496291,235.726892280956
"Estuary_4052",30237.69449261,30074.2174331209,30401.1715520991,15170.3344668317,10270.9805088952,19513.3468285868
"Estuary_4058",9158.90814218678,9084.74181879029,9233.07446558327,4927.90184964611,3397.57157379761,6293.22221617677
"Estuary_4070",100.252156162571,99.686560022123,100.817752303018,52.06781543189,35.6182628476345,66.6583048573649
"Estuary_4071",8657.59488722519,8641.63251343732,8673.55726101306,505.402090345849,0,949.376102908514
"Estuary_4072",154919.720030158,154595.273561258,155244.166499058,84266.4019188127,58631.0564004905,106812.89166923
"Estuary_4074",20072.1589068314,20007.8986006075,20136.4192130554,314.087694997604,0,590.799816815684
"Estuary_4087",26234.1009164698,26121.9625920313,26346.2392409084,14503.4664944337,10114.704805556,18383.8873692103
"Estuary_4091",50802.6114687664,50708.2774169201,50896.9455206128,27924.9956010553,19491.1242869652,35338.4029379558
"Estuary_4095",3756.7527013536,3738.66976382841,3774.83563887878,2022.60686839714,1399.37345555657,2574.34588414679
"Estuary_4096",67334.9745838193,67244.8018088722,67425.1473587665,37641.1671041268,26411.9906016603,47499.23056671
"Estuary_4098",4324.53200632084,4306.66109773284,4342.40291490884,2432.54925355547,1704.72001785258,3075.86873139376
"Estuary_4103",40324.5589021412,40118.6875119335,40530.4302923488,22289.0848004625,15530.5999572898,28276.6540993897
"Estuary_4104",14295.0307524043,14202.2138082024,14387.8476966061,8040.95479822741,5621.70963241346,10191.3921184293
"Estuary_4108",17657.963740689,17615.213928777,17700.713552601,9932.60460413756,6972.68884680756,12538.0054330924
"Estuary_4123",57405.4864792949,57307.3313794855,57503.6415791043,28826.1594780837,19733.8029165958,36815.2379852951
"Estuary_4128",210000.486924836,209674.123325346,210326.850524326,60775.3245246239,32185.6681080245,85880.6990843984
"Estuary_4136",10107.3286586231,10079.9571110467,10134.7002061996,1206.84521296993,0,2268.96273273125
"Estuary_4146",5323.10884948587,5281.8542684445,5364.36343052724,2994.2487278358,2090.73398125928,3799.75742995679
"Estuary_4149",0,0,0,0,0,0
"Estuary_4155",256.8303400519,256.012803642397,257.647876461402,62.105513815225,28.6761975535642,91.566587035258
"Estuary_4167",1007.74145838641,1001.1691733244,1014.31374344842,536.944839391093,369.751029693194,685.557657829389
"Estuary_4168",19123.365948325,18928.3567565998,19318.3751400503,10617.2968208315,7388.03608928034,13512.7030729025
"Estuary_4170",4544.12432186243,4527.64884242012,4560.59980130473,1098.83892920321,507.145544328956,1620.81117987289
"Estuary_4172",37833.3599896773,37807.1847942804,37859.5351850743,19765.5413341573,13612.2343151184,25158.8330186058
"Estuary_4191",67905.591459615,67685.4488724246,68125.7340468054,37104.0332490463,25819.031866026,47056.9922730553
"Estuary_4193",69832.2599218451,69780.2522799382,69884.2675637521,38974.7562284609,27348.2916594273,49166.6674078827
"Estuary_4211",17964.5081486061,17944.7018565355,17984.3144406766,9471.40468382056,6537.69140102819,12045.3555431417
"Estuary_4218",4870.27854789029,4858.08423868728,4882.47285709329,1177.70802148559,544.157875615649,1735.2030296407
"Estuary_4220",2691.92532170882,2679.58964549061,2704.26099792704,321.423919010009,0,605.431566700083
"Estuary_4224",195.587138087373,192.025875079055,199.14840109569,47.2959686309297,21.5089708437188,70.77620686151
"Estuary_4228",18306.0490932562,18276.7288119923,18335.36937452,9714.72786967818,6715.07239786608,12349.7489992299
"Estuary_4234",82.8918585012667,80.8303092345698,84.9534077679635,46.2586647248746,31.6747551658654,59.7629709675914
"Estuary_4238",97.9476328308133,80.9975992385823,114.897666423044,39.994105294917,20.9055100188309,62.0176960829126
"Estuary_4251",7747.33063583014,7730.25821653883,7764.40305512146,1873.42332583228,865.872364989873,2759.42459875119
"Estuary_4270",13881.842779755,13858.885839704,13904.799719806,1657.5334662394,0,3113.01486264313
"Estuary_4272",7034.27566711927,6992.91130277927,7075.64003145926,3574.81508630384,2428.81186764212,4591.84090396791
"Estuary_4294",1089.07197173422,1078.24958005012,1099.89436341832,612.602984100497,426.807125436505,779.091840754641
"Estuary_4297",2776.47080402008,2768.47093167084,2784.47067636933,1561.7648272613,1095.85307711971,1972.33339576161
"Estuary_4298",6582.71077558265,6576.63373496217,6588.78781620313,1633.87892139609,1148.7052044248,2059.37658631926
"Estuary_4312",20956.5995311407,20908.5498416104,21004.649220671,2502.28054103173,0,4702.5334076129
"Estuary_4323",11336.0837981664,11321.0040799206,11351.1635164122,6110.54621774158,4294.29395212049,7704.99778806144
"Estuary_4331",24420.7643072204,24393.8341382599,24447.694476181,12773.2206601291,8796.15153729632,16262.5731689068
"Estuary_4332",7910.62546438441,7900.40102456876,7920.84990420006,4449.72682371623,3127.24207222513,5610.60201547504
"Estuary_4333",23796.4050618562,23771.6723571217,23821.1377665906,13381.2041050858,9406.61598558676,16867.918575053
"Estuary_4336",23244.7087543427,23217.5592556958,23271.8582529896,11451.0700004122,7741.13482198667,14706.499633478
"Estuary_4342",5580.27258292177,5565.13455320784,5595.41061263571,1349.39546441957,623.355143139122,1988.57704513884
"Estuary_4351",9338.27957640251,9323.5420175584,9353.01713524662,4999.41815213007,3494.25452311497,6321.56432969751
"Estuary_4356",21856.4555367022,21824.720246664,21888.1908267404,11862.9131947607,8254.17814312485,15031.8486805458
"Estuary_436",46611.3317636261,46564.564649785,46658.0988774673,0,0,0
"Estuary_4365",10742.1978135062,10714.8926045905,10769.5030224219,2597.62812515753,1200.18363426717,3827.42000195294
"Estuary_4383",5112.73467223656,5101.84668806323,5123.6226564099,2731.89787196214,1891.10121877956,3471.44058111691
"Estuary_4391",8206.46800892585,8174.35419627653,8238.58182157516,4616.13825502079,3235.68186935946,5835.66212361574
"Estuary_4399",24391.3963273168,24348.29200039,24434.5006542436,13364.8869769363,9321.04882953953,16918.6525483567
"Estuary_4418",1323.18764372137,1265.56676941248,1380.80851803027,744.293049593273,500.953512892442,978.072700271438
"Estuary_442",10193.9067804062,10171.1268762475,10216.6866845649,381.187618003609,0,716.323954300347
"Estuary_4425",32673.4641355925,32542.7220958185,32804.2061753664,18378.8235762708,12881.4941629282,23236.3127075512
"Estuary_4426",41557.1820668964,41465.9247932956,41648.4393404972,4962.05159007718,0,9324.27746429041
"Estuary_4436",51771.8841482726,51732.1651773126,51811.6031192326,28272.0399883524,19718.8816320934,35770.2278330834
"Estuary_444",40006.7995680774,39946.8089093895,40066.7902267653,195.047552634563,0,366.262553804514
"Estuary_4441",10082.723289029,10063.3016200613,10102.1449579966,4526.79053732953,2962.72448572829,5901.6913352215
"Estuary_4466",27819.1252417319,27792.394454034,27845.8560294297,15337.3264356052,10723.6575519917,19383.8695812213
"Estuary_4491",69692.5276064222,69634.7780697096,69750.2771431348,8321.49583360265,0,15615.7336887615
"Estuary_4498",52401.0275312142,52352.9782805106,52449.0767819178,6256.83910820468,0,11742.3306228174
"Estuary_450",0,0,0,0,0,0
"Estuary_4504",37348.5099331394,37313.6578566719,37383.3620096069,4459.5235741062,0,8369.40940513588
"Estuary_4511",168262.103084603,167966.068368532,168558.137800674,90151.3273253341,62477.1142059625,114470.95682843
"Estuary_4517",162.501934288619,162.449229260083,162.554639317155,55.9682357127974,32.65415659796,76.3835507223671
"Estuary_4525",45122.6301691236,45078.6108439327,45166.6494943146,5387.77673661178,0,10111.936453951
"Estuary_4529",95090.898278708,95033.3062915038,95148.490265912,11354.1371079054,0,21301.9008058012
"Estuary_4540",87456.5701735932,87405.2660912146,87507.874255972,47950.3236892602,33487.2657283719,60623.8429727997
"Estuary_4548",107805.663081456,107713.479448372,107897.846714541,12872.3179798754,0,24156.2343390764
"Estuary_4558",33498.6986678852,33448.4726338681,33548.9247019022,18843.0180006854,13240.0204175728,23763.8216638474
"Estuary_456",5633.42660491067,5623.06991039957,5643.78329942178,210.654513032391,0,395.703352277972
"Estuary_4561",270549.297246665,270327.361526423,270771.232966906,32304.3937010943,0,60620.4252910983
"Estuary_4570",119959.898954253,119757.635507036,120162.16240147,64605.3243947864,44842.6307299391,81969.3872108382
"Estuary_4574",128925.525495087,128816.144066377,129034.906923797,16133.01714336,659.545889536534,29696.9882567776
"Estuary_4576",3952.51682714549,3944.59719125905,3960.43646303193,2223.29071526934,1561.40305487337,2805.30916131428
"Estuary_4578",11010.6474047624,10965.2301648557,11056.0646446691,4752.34998694109,3058.29634239322,6249.23432457611
"Estuary_4589",45593.9801249258,45564.7848043283,45623.1754455233,25533.2242238343,17934.8308078854,32192.3639314044
"Estuary_4608",0,0,0,0,0,0
"Estuary_4609",83598.1983819534,83504.0757330161,83692.3210308907,34549.8602726463,21922.6902521008,45628.3272652828
"Estuary_4610",32677.6283049707,32555.7932658393,32799.4633441021,7188.23713052913,2924.93204333093,10949.7244676144
"Estuary_4632",122727.164718646,122660.511164225,122793.818273067,20186.6960655457,4939.86659846175,33543.5307928383
"Estuary_4652",17968.4846531074,17941.8187213205,17995.1505848944,8564.27664288631,5725.60578710661,11057.0524784992
"Estuary_4667",7188.12933582928,7149.0625287309,7227.19614292766,4043.32275140397,2829.83725095598,5119.26393457376
"Estuary_4668",21039.3539762118,20936.9642737442,21141.7436786794,2512.16166880141,0,4733.22619671928
"Estuary_4684",168068.455464796,167913.809319248,168223.101610344,22387.7591388183,2070.52266022162,40200.6286166761
"Estuary_4700",23630.977600509,23551.3033428133,23710.6518582047,13085.9995005558,9138.60596212021,16568.5923529712
"Estuary_4715",89164.3808634062,89100.822010411,89227.9397164015,11579.4259635117,832.82581706543,20997.1379503038
"Estuary_472",0,0,0,0,0,0
"Estuary_473",28214.3570197245,28129.4498687318,28299.2641707172,171.957053099652,0,323.389750758129
"Estuary_4737",140589.443011046,140487.343622179,140691.542399912,20555.5351309956,3364.29245789325,35621.5835567652
"Estuary_4750",144302.070937709,144164.709614704,144439.432260713,47338.2040216591,26874.9201745101,65283.2556885701
"Estuary_4761",131811.517820191,131712.813388438,131910.222251945,36098.8312082888,18254.7560573503,51739.1418407782
"Estuary_4874",2018.99587663281,2010.14163558438,2027.85011768123,929.158476384139,611.992981430061,1209.60105372402
"Estuary_4902",130256.376253087,129852.34161592,130660.410890255,73130.3024048864,51276.177885325,92398.779191568
"Estuary_4903",59377.7354645071,59324.7912807031,59430.6796483112,21690.9623436805,13032.0042149964,29283.4614895623
"Estuary_493",177840.229454919,177555.217313277,178125.241596561,16.4105944413278,0,30.8191772950234
"Estuary_4930",28261.5380196173,28243.1034903077,28279.972548927,6363.70286633816,2669.06219600217,9601.24774811886
"Estuary_4931",1241.31323507601,1216.63357746956,1265.99289268245,566.100828185615,365.887885192513,749.401879804501
"Estuary_4939",1602.19448745009,1596.35592136056,1608.03305353963,796.038222634522,538.258090231243,1023.58980160867
"Estuary_4968",30819.9273182155,30683.6856866891,30956.1689497418,17178.2907593447,12005.1754781682,21753.8656915235
"Estuary_497",126321.321879592,126083.225986813,126559.417772371,0,0,0
"Estuary_4992",3848.40961405009,3830.39949993782,3866.41972816236,1929.54840391749,1308.7360422081,2478.92191050081
"Estuary_4998",10125.790394772,9989.20280945782,10262.3779800862,5695.75709705926,3954.05944541039,7269.18440256108
"Estuary_5011",69302.6587765214,69269.0506629301,69336.2668901127,28861.9716567937,18420.5842786965,38008.7887519027
"Estuary_5014",37741.4517527554,37682.3753680361,37800.5281374746,1885.16121970287,681.010420102712,2942.4575810907
"Estuary_5046",81569.6788694438,81453.024735859,81686.3330030286,43099.5925595586,29758.9172744387,54813.6692056375
"Estuary_5062",19162.0447964368,19138.8488807317,19185.2407121418,10243.2087984437,7150.89199675767,12957.0683434039
"Estuary_5072",212515.61275229,212434.974620501,212596.250884079,34195.7488729199,7909.38894019998,57215.388679216
"Estuary_5087",263260.452974613,263092.479961359,263428.425987866,55849.7577593721,22405.6453106268,85155.1377450763
"Estuary_5107",88904.3044509255,88854.0536831328,88954.5552187182,23239.0511132613,11306.0734468813,33693.8455437052
"Estuary_5108",1034.34862685982,1014.68581698669,1054.01143673295,477.872279759376,310.550793299173,630.780238624994
"Estuary_5115",33148.4541109494,33111.9233660726,33184.9848558263,16043.4622207394,11071.0545413405,20406.0950305779
"Estuary_5118",42405.8754092897,42281.3610715118,42530.3897470676,23853.3049177255,16736.3720908068,30125.6927375062
"Estuary_5128",24894.3791032064,24859.7292007843,24929.0290056284,10283.4632277494,6849.94751714367,13297.9186851055
"Estuary_514",19142.5944579097,19123.2247153454,19161.9642004739,1462.67425355659,0,2745.28928261589
"Estuary_5150",1468.09682282099,1453.83158139224,1482.36206424975,736.086894422177,496.731943991563,950.403747838938
"Estuary_5158",80999.995698701,80944.4151069336,81055.5762904685,10871.5647128914,1118.58646482165,19418.0637648392
"Estuary_516",126925.289869333,126800.362472898,127050.217265768,271.385248875655,0,509.348179368043
"Estuary_5171",19279.1002304851,19225.6045472172,19332.595913753,9576.51316285261,6524.40129031378,12265.1652716454
"Estuary_5182",48925.0675010186,48884.3038067239,48965.8311953134,13155.901458373,6530.78514742057,18963.9003773339
"Estuary_5199",32021.9396278208,31967.7618708572,32076.1173847843,14297.7291198957,9341.13345285339,18652.402806079
"Estuary_5201",6.20756715371516,5.60576256481778,6.80937174261254,3.49175652396478,2.21894768190704,4.82330498435055
"Estuary_5209",99922.0236833849,99838.0009169107,100006.046449859,22032.0928484609,9038.05508140076,33423.3018266873
"Estuary_521",5603.26468203707,5573.9356542322,5632.59370984193,0,0,0
"Estuary_5213",538.997362935399,527.495956845824,550.498769024975,270.247090530784,180.230018005794,352.94757325489
"Estuary_5214",5507.92025972705,5500.12950771601,5515.71101173809,402.647100871455,0,756.031182164104
"Estuary_5219",284233.221019462,284111.959436122,284354.482602801,95514.2041230645,55121.3320999488,130893.200408022
"Estuary_5238",186.733040752854,180.632990611572,192.833090894137,41.6354896908569,16.7118149356751,65.0062839118195
"Estuary_5271",55646.5725970662,55541.4868795024,55751.6583146299,30888.2297667842,21616.9510999562,39038.3943819507
"Estuary_5281",6019.89810557019,5939.9752678945,6099.82094324589,2184.82803571358,1292.26965673088,2989.77598291929
"Estuary_5291",716.657069383222,715.635596025052,717.678542741392,107.605413829428,19.6560259589776,184.799604589716
"Estuary_5294",264995.245712418,264898.132163463,265092.359261374,64964.7951340228,32024.7224545207,93811.4525488715
"Estuary_5301",117462.29130182,117328.834837676,117595.747765963,63695.5182783469,44321.6046855354,80695.1594179412
"Estuary_5309",1278.39112255299,1276.91821779644,1279.86402730953,0,0,0
"Estuary_5316",378.898545677358,374.433873148346,383.36321820637,213.130431943514,148.21340812122,271.548946229512
"Estuary_5323",25826.0195664919,25684.2888146411,25967.7503183427,12711.4212306386,8553.56071700247,16397.7471660876
"Estuary_5329",97265.7551272101,97089.7313807012,97441.7788737189,50673.7097062449,34830.3526718299,64598.0863336318
"Estuary_5340",34467.940414746,34390.4202219111,34545.4606075809,18940.5147518111,13213.8272924076,23979.1131550199
"Estuary_5345",11961.4587630915,11934.8980404892,11988.0194856939,5997.33811613632,4077.80734775069,7686.01607066632
"Estuary_5370",27172.7952482987,27052.2120270838,27293.3784695137,12286.4588264133,8041.62677242963,16040.1887256959
"Estuary_540",49420.3467680108,49281.0251692735,49559.6683667481,1228.86322033481,0,2310.61411129562
"Estuary_5404",3026.04516569414,3009.34611619019,3042.74421519808,1618.69461010554,1132.7954396694,2049.60472249482
"Estuary_5407",8682.09542219619,8649.35598900446,8714.83485538793,4883.67867498536,3423.70341231427,6173.00802256645
"Estuary_5424",28189.4399822486,28149.9653571838,28228.9146073134,382.489276501699,0,718.171667168103
"Estuary_544",6462.91667288235,6444.24144128325,6481.59190448145,241.672193493775,0,454.444741874452
"Estuary_5449",17285.4991714855,17225.3220316323,17345.6763113387,9692.24622848347,6790.895869582,12252.6771936148
"Estuary_5462",13063.5776219915,13019.0413607991,13108.113883184,7115.23523071614,4945.90928470793,9029.26903337
"Estuary_5467",22881.4609096157,22826.7031089336,22936.2187102977,491.210866370121,0,923.224475409694
"Estuary_5471",1899.38687676804,1882.19118219562,1916.58257134045,1038.93686015065,718.947360018772,1325.06900809118
"Estuary_5472",4535.79418512065,4518.77234354029,4552.81602670101,2453.13560268408,1701.24132333018,3117.08973591491
"Estuary_5486",34185.9135517381,34071.7325109711,34300.0945925052,16679.9976585078,11216.7110697371,21499.0505531321
"Estuary_550",7097.32725883575,7067.68093157814,7126.97358609336,1.02217716870494,0,1.9245879688191
"Estuary_552",152.816121586769,143.862786813609,161.769456359929,0,0,0
"Estuary_5569",7421.79116232491,7402.92101715116,7440.66130749867,3309.0462686769,2158.92049201831,4321.55091348754
"Estuary_5579",1282.74018906258,1176.80516577812,1388.67521234705,578.990067255967,350.24797735964,813.618328955762
"Estuary_5598",5444.93948849295,5416.46790140521,5473.41107558069,2777.88562428163,1896.75282158881,3558.66431230263
"Estuary_56",52664.7370033092,52604.7141536641,52724.7598529543,6288.32680636528,0,11804.050713348
"Estuary_560",34847.2822180039,34691.1914801852,35003.3729558226,4160.86951856763,0,7836.57603488567
"Estuary_5610",10025.5444613163,9978.89756316006,10072.1913594725,5240.06184995428,3594.92583419758,6695.8620245059
"Estuary_5615",1228.70580868485,1191.34968073021,1266.06193663948,554.600584650058,354.576805182451,741.779782690953
"Estuary_5617",75820.06564568,75726.9118168012,75913.2194745588,39626.5354554046,27421.9635544634,50337.7898758952
"Estuary_5620",15318.725744993,15270.7858679338,15366.6656220521,7930.08326939987,5433.1539014471,10131.5799239092
"Estuary_5644",1650.03103357951,1642.92662963551,1657.1354375235,928.142456388473,650.325124230723,1173.80426824582
"Estuary_5657",1808.70311101871,1768.11586596697,1849.29035607045,1017.39549994802,699.879196945258,1309.91400221657
"Estuary_5669",42307.7576386741,41960.7191658493,42654.7961114989,23295.0730647174,16163.7545543401,29659.31142874
"Estuary_569",58278.663807192,58011.494406671,58545.833207713,6913.11255326258,0,13021.5086893273
"Estuary_5700",2674.96256113311,2659.17710408271,2690.74801818351,843.119569759512,465.096560861019,1178.38698974568
"Estuary_575",17215.9381164958,17158.8922322356,17272.984000756,213.992761277111,0,402.565944650235
"Estuary_576",17401.3835164813,17351.5533536854,17451.2136792772,1633.97639791053,0,3072.47889655854
"Estuary_5761",3478.1410575795,3457.92249142065,3498.35962373834,1268.56520169158,757.818879920045,1721.54066345077
"Estuary_578",8674.75643994747,8649.22489023713,8700.2879896578,854.724643440159,0,1607.32550560636
"Estuary_5789",3169.02401400393,3088.4220256909,3249.62600231695,378.390927045245,0,727.528209473945
"Estuary_579",14526.4325145935,14513.5936966917,14539.2713324952,46.7591519622206,0,87.7508978425776
"Estuary_58",11915.9715137641,11880.493605787,11951.4494217412,1422.80256880765,0,2675.6976317331
"Estuary_5808",5358.31953829267,5203.89180980687,5512.74726677847,639.799347855841,0,1234.19714927876
"Estuary_581",12143.3544074572,12114.9981304999,12171.7106844145,305.110413662843,0,573.417909906176
"Estuary_5822",11224.5110443071,11202.1460462572,11246.876042357,4198.10217093289,2547.93649244842,5648.77896182558
"Estuary_5832",0,0,0,0,0,0
"Estuary_5834",13176.030981766,12905.4390799525,13446.6228835795,6577.58004991203,4473.35821228965,8507.91249814449
"Estuary_5837",6506.50507788656,6494.71143207616,6518.29872369695,3248.09937485605,2251.23457955499,4124.24113163037
"Estuary_5845",1580.36907136047,1579.85650271094,1580.88164000999,188.700784640056,0,353.928725375372
"Estuary_5850",7415.38717023281,7401.4520018057,7429.32233865991,3701.82058472662,2565.53425962684,4700.66164010713
"Estuary_5866",566.366301960687,561.905512079415,570.827091841959,36.1850988013559,2.74384857310024,65.9424473924496
"Estuary_587",18415.268002722,18384.1857125062,18446.3502929378,136.801689476842,0,256.93610775674
"Estuary_5874",1442.01157324006,1428.03293271587,1455.99021376424,92.1300067990486,6.97324735305107,168.197269273358
"Estuary_5889",2527.53482451952,2517.72590381507,2537.34374522396,161.484002548328,12.2943421627516,293.116179710539
"Estuary_5892",2229.94591224768,2199.16331456542,2260.72850992994,1254.34457563932,870.502145348814,1601.34936120037
"Estuary_5893",6450.465534562,6435.90678190683,6465.02428721717,3628.38686319113,2547.54643450479,4579.39220344549
"Estuary_5900",14700.0343725211,14679.1703782375,14720.8983668047,8268.76933454311,5810.50494138567,10427.30300982
"Estuary_591",5956.45766945183,5945.17612182969,5967.73921707397,128.6790392138,0,241.730170644232
"Estuary_5920",7787.6727888702,7769.35736522364,7805.98821251675,4273.07883372787,2979.57463419059,5411.44602284843
"Estuary_5934",4171.34675923986,4119.56048634505,4223.13303213467,2254.24984109249,1549.37593702398,2889.4035729862
"Estuary_5935",12136.0611026249,12111.2201693178,12160.9020359321,6826.53437022652,4794.02465035497,8613.97227545187
"Estuary_5940",9018.43633765751,8996.70730411992,9040.1653711951,4224.37679623755,2942.51002971564,5352.65745922469
"Estuary_5943",945.276385193342,943.14360409425,947.409166292433,112.868822112638,0,212.106529766963
"Estuary_5950",3182.79213008709,3163.85111791704,3201.73314225715,1375.66492211607,921.6980497165,1778.57958264812
"Estuary_5965",362.210627466415,357.261137902095,367.160117030734,203.743477949858,141.415867086246,260.071749563437
"Estuary_5990",19370.0770346245,19354.7125861764,19385.4414830726,4863.35078427999,2276.64453679287,7130.78907769585
"Estuary_6",11103.0508900291,11053.9163526297,11152.1854274284,0,0,0
"Estuary_6009",4571.87764440922,4487.22765808031,4656.52763073813,2571.68117498019,1776.19428132346,3298.37373843951
"Estuary_6010",11663.0743178283,11619.8495770762,11706.2990585803,5264.35847357805,3458.37096058563,6858.66601031995
"Estuary_6012",30626.8392165977,30552.5148854866,30701.1635477089,3656.93602586241,0,6873.39482411392
"Estuary_6018",5313.67272281959,5284.17850599072,5343.16693964845,634.468384814279,0,1196.23140439891
"Estuary_6020",8060.7865160639,8013.9534847995,8107.6195473283,3638.39487284055,2385.16203049578,4750.21647196923
"Estuary_6032",9133.57254479292,9075.7363894762,9191.40870010963,4122.6179916149,2701.17637643228,5385.20348087247
"Estuary_6044",11599.6332274239,11565.8682127902,11633.3982420576,5235.72308699455,3442.30469557755,6815.95376199048
"Estuary_6073",3420.80403316225,3361.20207885412,3480.40598747038,1544.0473247178,1000.38159573956,2039.15363249502
"Estuary_6080",11198.1186012032,11146.6036722045,11249.6335302018,1337.08878820336,0,2518.5746709407
"Estuary_6091",8113.25187258632,8082.28241472571,8144.22133044693,968.746492249113,0,1823.33313368215
"Estuary_6102",90467.6971223899,90211.0853067858,90724.3089379939,40834.3782225017,26849.1769775907,53154.9493916865
"Estuary_6103",42701.8420401201,42636.3800098845,42767.3040703556,21317.1010819787,14778.8695508856,27059.6181630451
"Estuary_6108",762.356490645145,759.021534305415,765.691446984876,91.0276406740472,0,171.423458280196
"Estuary_6112",34818.8044511045,34767.1153271748,34870.4935750342,16711.2626556025,11198.0737131056,21552.6834937763
"Estuary_6114",16405.5815455344,16318.3454288533,16492.8176622154,1950.68899663772,0,3676.99072202272
"Estuary_6119",2990.97894919878,2974.89393971193,3007.06395868565,1448.54233988666,969.750042804172,1872.91602778139
"Estuary_6122",7216.54740577909,7116.18480242151,7316.91000913668,3257.33091038598,2117.96260421538,4286.94344208233
"Estuary_6124",1002.60547603039,984.323017910269,1020.88793415051,452.545743048917,292.960258942822,598.13347833205
"Estuary_6125",5216.14245771501,5155.38938434116,5276.89553108885,2354.40870891881,1534.37863537328,3091.70847575096
"Estuary_6126",3591.03626055178,3498.99549094626,3683.07703015729,1620.88499584232,1041.39251690326,2157.89765097573
"Estuary_613",19506.7047222803,19467.642588533,19545.7668560276,2185.49753531014,0,4106.01373006418
"Estuary_6131",6280.79871197557,6264.87066302675,6296.72676092439,2473.92673757426,1536.18370355631,3299.380479905
"Estuary_6137",55852.9430747497,55733.3828708939,55972.5032786054,5916.30666186982,0,11116.8211041792
"Estuary_6139",24484.4645682731,24408.5998926135,24560.3292439326,11051.545673852,7264.63733435081,14389.7823338247
"Estuary_615",0,0,0,0,0,0
"Estuary_6151",37.1959109383823,37.1850491674925,37.2067727092721,4.01080616279955,0,7.52245758583381
"Estuary_6154",11975.425747538,11898.152048712,12052.699446364,5405.34444785184,3541.20105057779,7061.62038161732
"Estuary_6158",62537.6850752926,62289.2069820768,62786.1631685084,28227.6167820368,18538.8961497147,36786.12011254
"Estuary_6160",32025.8039836809,31839.9555471521,32211.6524202097,14455.4778594632,9476.40302227693,18872.656890548
"Estuary_6164",127083.077037956,126892.968215221,127273.185860691,45875.619626942,27385.663261586,62111.2072480725
"Estuary_6165",12261.3722387523,12176.9871612779,12345.7573162268,5534.41203269207,3624.18966843321,7233.32162049962
"Estuary_6168",13043.7729789249,13011.5729491265,13075.9730087232,1557.46543031939,0,2927.45664374401
"Estuary_6170",26368.9303368988,26192.4323675106,26545.428306287,11902.1364415082,7795.55250574031,15552.8426142733
"Estuary_6177",60811.7228798284,60658.7341766799,60964.7115829768,2242.17659441933,0,4214.65764299466
"Estuary_6179",38188.6866522836,37997.771719925,38379.6015846423,17237.2164228995,11309.1300719072,22486.4295334456
"Estuary_618",20021.045817583,20007.1300210248,20034.9616141412,867.703795651576,0,1628.07543840847
"Estuary_6183",677.271940677369,671.275272629693,683.268608725045,305.700039514578,199.789067321634,400.323890508004
"Estuary_6184",88369.3746688893,87885.9552818831,88852.7940558955,1538.24695173582,0,2899.99094967449
"Estuary_6187",1870.06146077422,1837.62284383515,1902.50007771329,223.290920689459,0,425.932853219393
"Estuary_619",16286.110428911,16244.2451646142,16327.9756932079,1941.21673363191,0,3649.13783976505
"Estuary_6203",0,0,0,0,0,0
"Estuary_622",4014.74059208139,3992.23600752657,4037.24517663622,237.914682807918,0,448.590583058957
"Estuary_6221",306.973695448993,304.929834698098,309.017556199889,138.558627919589,90.7550892411319,181.051944657678
"Estuary_6256",161.568668395603,147.202503338741,175.934833452465,72.9272030130981,43.8113126590324,103.079398210595
"Estuary_6257",12861.0720054269,12829.6336912467,12892.510319607,1216.98586182841,0,2287.42636730894
"Estuary_6263",20957.9143410021,20874.7025762623,21041.126105742,406.047781358966,0,764.362429526429
"Estuary_6273",865.939960001426,821.542656055489,910.337263947363,390.859068699837,244.512568406208,533.362356362065
"Estuary_6303",1748.17633170135,1710.12501444354,1786.22764895916,789.073844023509,508.977904549672,1046.54244704523
"Estuary_631",1779.07748866168,1770.04219163455,1788.1127856888,212.427162825275,0,400.323757990031
"Estuary_6370",7424.88779717134,7276.44937592448,7573.3262184182,3351.36945244841,2165.66153037935,4437.17650295781
"Estuary_638",4401.40649290348,4386.52692010199,4416.28606570497,525.54107377952,0,988.720760978724
"Estuary_6393",1526.03031782039,1329.02490686268,1723.0357287781,688.803862140756,395.552551115333,1009.51859579183
"Estuary_640",59927.4954296545,59828.8826978102,60026.1081614988,6972.16939943852,0,13094.3293899497
"Estuary_6400",368.82389081289,365.482097118509,372.16568450727,120.960938472748,71.09220561207,165.513498896925
"Estuary_641",0,0,0,0,0,0
"Estuary_6428",7514.94545156093,7040.21536455906,7989.6755385628,2464.63116147071,1369.43626567896,3553.25385571079
"Estuary_646",5542.83753078679,5534.2796956832,5551.39536589038,207.267054805992,0,389.225744427196
"Estuary_647",3019.24189207244,3003.56012794341,3034.92365620146,360.506494575813,0,679.460520045103
"Estuary_648",21402.3806798789,21336.1835018479,21468.5778579098,191.496144386125,0,360.165822210502
"Estuary_649",0,0,0,0,0,0
"Estuary_653",179.229905650284,178.854361242026,179.605450058542,21.4005857492877,0,40.2101753862408
"Estuary_6530",2600.61430396923,2555.27941737988,2645.94919055858,852.907728185534,497.043360451543,1176.73478954044
"Estuary_6533",59831.3500688861,58730.5980571692,60932.1020806029,19622.5256408229,11424.0554755443,27098.3753482199
"Estuary_6545",1472.22815992034,1285.14488386531,1659.31143597537,482.837756191655,249.981558728518,737.946707503604
"Estuary_655",35366.2983394701,35304.3803744696,35428.2163044706,625.460768131384,0,1174.79212681283
"Estuary_657",16423.8643286059,16346.4916295902,16501.2370276215,0,0,0
"Estuary_6572",1148.39161005786,1106.910799553,1189.87242056272,376.631043560302,215.312133689893,529.17277375809
"Estuary_658",20280.413987543,20153.6826310762,20407.1453440099,30.6428379266153,0,57.814356721109
"Estuary_6634",51.2953911823452,46.9920965502858,55.5986858144046,28.8536575400692,18.6010382178215,39.38240245187
"Estuary_664",5587.8903389335,5578.1101123829,5597.67056548409,596.727864731918,0,1120.82304369661
"Estuary_666",285.259275909265,283.309860730546,287.208691087984,10.666892118956,0,20.1371023367477
"Estuary_669",58837.5567894792,58510.6384639925,59164.4751149659,451.40980911932,0,851.09619632015
"Estuary_670",13610.5596014442,13570.5333689967,13650.5858338917,369.948525375627,0,695.693396474924
"Estuary_671",2050.09496449121,2034.41714661976,2065.77278236266,182.350740171564,0,344.522329222554
"Estuary_6719",3525.45721807655,3508.04616613912,3542.86827001399,0,0,0
"Estuary_673",29565.050244506,29345.4076067329,29784.692882279,991.703847336288,0,1873.25877252916
"Estuary_676",7994.82460124135,7941.76688061867,8047.88232186403,599.187674070148,0,1130.9328526918
"Estuary_679",11151.502038705,11123.3418595657,11179.6622178442,50.2841037403277,0,94.5207806075264
"Estuary_6802",279.243359247715,253.703961828712,304.782756666718,54.162428916115,32.6726791866224,76.4982600260296
"Estuary_6808",65968.7039166638,65892.8458672144,66044.5619661132,24468.4603918757,14804.7857674394,32947.1050725159
"Estuary_6810",0,0,0,0,0,0
"Estuary_6811",216472.225380588,216320.777853774,216623.672907403,0,0,0
"Estuary_6855",268.432058795253,254.21490443757,282.649213152936,52.0654540987918,32.7384797512714,70.9429012336481
"Estuary_6870",17438.7686410507,17424.2363756704,17453.300906431,3382.44773107604,2243.94006727619,4380.65186382144
"Estuary_6872",484.427116713319,481.542755134998,487.31147829164,78.967300139757,21.5544560777548,129.859196758114
"Estuary_6887",4043.89943715943,4036.29541440896,4051.5034599099,482.85366413844,0,907.053013412665
"Estuary_6889",6349.81908235586,6336.35839208565,6363.27977262607,1035.09496477319,283.623327728885,1695.69246125133
"Estuary_689",93481.6136151478,92645.1209624698,94318.1062678257,13.0570601126493,0,24.7010575587673
"Estuary_6891",2826.43422867946,2816.59775355958,2836.27070379935,460.74192042701,126.074438708528,755.811943267075
"Estuary_6894",48559.4261186734,48519.8359605665,48599.0162767804,13357.5119526493,6747.53285360039,19152.0279661187
"Estuary_6896",1337.74767214558,1330.29202547036,1345.2033188208,218.068556224316,59.5455351115188,358.470978501915
"Estuary_6898",1314.02653458419,1309.69598304366,1318.35708612472,214.201732661308,58.6236304890775,351.316970502522
"Estuary_6899",956.434557104546,952.231475200582,960.63763900851,155.910047412987,42.6230719685786,255.99157363291
"Estuary_69",1749.22246515254,1742.7739264359,1755.67100386917,208.862383898811,0,393.060672508024
"Estuary_6901",22239.7347005023,22172.652605143,22306.8167958615,2655.49071050773,0,4994.06346176004
"Estuary_6902",2688.75500842078,2684.92017094872,2692.58984589285,396.072354288531,66.9285091243605,684.965115102277
"Estuary_6906",0,0,0,0,0,0
"Estuary_6907",1802.99629784564,1796.00346880266,1809.98912688862,293.909537452887,80.3913618697254,482.327514596343
"Estuary_6909",122.150990605864,120.418804115238,123.88317709649,19.9120437414537,5.39009630309983,33.0124993689676
"Estuary_6911",139835.914205131,139736.625718191,139935.20269207,0,0,0
"Estuary_6915",631.663444117651,631.178716935528,632.148171299774,0,0,0
"Estuary_6918",126002.375720394,125905.582933348,126099.16850744,28044.1026796144,11603.557817358,42454.3616502615
"Estuary_692",3522.51630228802,3512.24224370441,3532.79036087163,265.949726473845,0,500.110157165724
"Estuary_6920",98124.8288071537,97985.1420439081,98264.5155703992,51228.9655158144,35247.6453857576,65261.4245944423
"Estuary_6921",57737.0519845608,57626.6146990807,57847.4892700409,31593.1593103628,22022.3990861494,40007.0235517413
"Estuary_6922",81357.0719926489,81215.7518166318,81498.3921686659,17618.3268646201,7048.6858593157,26902.6806545369
"Estuary_6923",2422.09009092957,2408.23760301262,2435.94257884653,289.204786976665,0,545.360278846237
"Estuary_6925",0,0,0,0,0,0
"Estuary_6930",0,0,0,0,0,0
"Estuary_6933",8465.08564508781,8415.32767901601,8514.8436111596,1010.75649493586,0,1906.30827115513
"Estuary_6936",3269.39454350292,3258.29880726264,3280.4902797432,390.375467880946,0,734.438122330568
"Estuary_6937",2214.86475655351,2208.19769512777,2221.53181797924,645.421927115905,352.723171510016,903.312444319698
"Estuary_6939",1390.7365620831,1382.19590497553,1399.27721919067,607.82169647269,392.218610629017,799.232009474614
"Estuary_6941",22354.8743575233,22294.3453159241,22415.4033991225,9857.53298281601,6404.15561444982,12898.8555329867
"Estuary_6943",15626.2692454654,15593.343210154,15659.1952807768,5930.6191905687,3623.56643625903,7959.33124851725
"Estuary_6946",13946.0929583693,13883.2449662617,14008.9409504768,5238.80669842251,3178.03079003091,7061.07527392684
"Estuary_6949",3685.76905669979,3674.48090794144,3697.05720545814,1199.44621107838,676.279026950487,1660.46951349931
"Estuary_6950",9090.79356156518,9001.75439522573,9179.83272790463,1093.10818978037,6.75848600596911,2063.62164507247
"Estuary_6953",73475.1639913893,73342.9664699335,73607.3615128452,19699.8238120691,9743.59603638979,28447.2467598937
"Estuary_6958",60661.1574632552,60588.7778430539,60733.5370834565,7243.12327919465,0,13597.0605410723
"Estuary_696",26332.1849247245,26193.3627840801,26471.0070653689,0.0735131677730646,0,0.138563861279554
"Estuary_6960",23948.0736661713,23919.5334358632,23976.6138964795,6978.5804350355,3820.75106461397,9749.29709763937
"Estuary_6964",47199.0298953143,47063.7014294023,47334.3583612264,19013.0894271934,11916.1991476057,25265.1199605878
"Estuary_6972",38563.3587028305,38464.4007566582,38662.3166490029,4604.58014362156,0,8655.74253335885
"Estuary_6973",7316.98671943549,7280.47685599975,7353.49658287122,873.670056051998,0,1646.30520512042
"Estuary_6994",1615.82184827759,1537.27692402638,1694.36677252879,850.772747853397,566.127628873624,1126.76010617471
"Estuary_6999",7313.16273260782,7247.26574563214,7379.05971958351,1822.1591536721,840.086193631392,2698.8910187196
"Estuary_7",1365.89813131094,1354.49701184724,1377.29925077464,0,0,0
"Estuary_70",5819.1161929842,5806.22667967815,5832.00570629025,694.819843938412,0,1305.67291931871
"Estuary_700",0,0,0,0,0,0
"Estuary_7000",29620.415370343,29147.5307483006,30093.2999923854,3816.20026295392,245.642663598165,7047.69823557265
"Estuary_7014",8807.90473687092,8762.58075046292,8853.22872327893,1079.80664851231,24.9881840086209,2012.96505892823
"Estuary_7016",64848.9892640699,64752.7260968081,64945.2524313316,10393.0743096728,2363.74019455021,17441.519082386
"Estuary_7018",11697.2478268122,11611.0314791312,11783.4641744932,1396.68630767907,0,2638.08899428952
"Estuary_702",9892.50232239105,9866.96226740714,9918.04237737496,219.655113718932,0,412.916644205723
"Estuary_7021",45212.9432329949,45129.9904336765,45295.8960323132,5398.56038602924,0,10140.8722460403
"Estuary_7026",4868.64884652431,4855.13046035997,4882.16723268865,896.244491478541,365.171590890447,1363.81993326356
"Estuary_7027",14826.9157162107,14774.85332921,14878.9781032114,1770.37799596546,0,3331.11450071896
"Estuary_703",12454.7912065225,12417.2604482991,12492.3219647459,26.1885659823497,0,49.2515278791631
"Estuary_7031",25404.665854815,25359.7244590238,25449.6072506063,1401.14484095484,115.141129533714,2530.68848264176
"Estuary_7032",26644.5095583962,26592.0209354336,26696.9981813589,1386.40852473962,114.635569213066,2503.93482561365
"Estuary_704",26509.9057767053,26415.6382156431,26604.1733377675,282.422897903825,0,531.425955004971
"Estuary_705",49467.6132899556,49419.4323309665,49515.7942489447,5906.58069133799,0,11085.625578122
"Estuary_706",25729.7472070895,25666.9739554047,25792.5204587742,1284.92389324941,0,2415.11014016138
"Estuary_7069",36277.9944549472,36194.4864595022,36361.5024503922,7910.85755035766,3190.01998229852,12062.8540107452
"Estuary_709",8877.09009862183,8840.8944725061,8913.28572473755,16.5993807744082,0,31.250743920364
"Estuary_7091",84538.0579625812,84411.9283775522,84664.1875476103,46743.6994950183,32691.463951076,59084.6857107061
"Estuary_7093",20881.8829614229,20843.3166556341,20920.4492672116,11746.0591658004,8250.47950952184,14818.6515642749
"Estuary_7095",51.9809378150206,51.5529238983076,52.4089517317335,7.93680165353572,4.54468777894563,10.9614055935191
"Estuary_7097",3176.69855894301,3171.02020000866,3182.37691787736,264.262175654991,0,496.377272151561
"Estuary_71",1925.16214636643,1913.76925057251,1936.55504216036,229.870107028828,0,433.557098991126
"Estuary_7101",769.730994102322,766.041394779732,773.420593424912,87.0839707230287,0,164.065116978669
"Estuary_7103",25641.0923848816,25611.8167320677,25670.3680376955,2442.93596550946,0,4585.73471533283
"Estuary_7106",31184.0780544768,31129.450114759,31238.7059941945,679.581443719957,0,1276.44736376315
"Estuary_7109",11974.6855681416,11882.9951793185,12066.3759569648,398.772095564499,235.320193732214,544.340074529331
"Estuary_711",36832.9261809816,36793.2648916483,36872.5874703149,1077.55901681271,0,2022.5987259313
"Estuary_7110",2231.11786396812,2219.73723424711,2242.49849368913,134.164007186591,0,252.840674244008
"Estuary_7113",23401.5702181489,23329.3358273143,23473.8046089835,94.4357256494282,0,177.6135440382
"Estuary_7114",13249.6425578046,13179.3239082917,13319.9612073175,0,0,0
"Estuary_7115",4487.05449740992,4463.5589600971,4510.55003472274,104.142709958972,0,196.290059670287
"Estuary_7116",5360.87063511752,5347.35624538853,5374.38502484652,18.0952817713368,0,34.014185145315
"Estuary_7117",1520.76248269382,1511.66127338194,1529.86369200569,0,0,0
"Estuary_7120",1623.14893491487,1617.40707384681,1628.89079598294,0,0,0
"Estuary_7121",1804.47173246425,1797.04004203471,1811.90342289378,0,0,0
"Estuary_7122",3237.00313283996,3227.48499964392,3246.521266036,0,0,0
"Estuary_7124",1397.3836014099,1394.47304471143,1400.29415810838,0,0,0
"Estuary_7125",880.478894281495,878.208938265194,882.748850297796,0,0,0
"Estuary_7126",4088.19566292448,4072.54350900967,4103.84781683929,0,0,0
"Estuary_7128",1610.60681824209,1607.8640612055,1613.34957527869,1.72318258110338,0,3.23646946355419
"Estuary_7129",11132.5110589695,11116.4327555089,11148.5893624302,1195.22261368157,0,2244.27906124057
"Estuary_713",16157.9149420046,16132.1814616242,16183.648422385,16.8751967679227,0,31.6913861408098
"Estuary_7131",25680.3098591636,25624.6717674458,25735.9479508815,0,0,0
"Estuary_7133",2946.73222766058,2941.62740809756,2951.83704722359,0,0,0
"Estuary_7134",479.006114681977,477.624641864993,480.387587498961,0,0,0
"Estuary_7138",0,0,0,0,0,0
"Estuary_7139",30580.1004117704,30534.4368296834,30625.7639938574,437.848613719935,307.221378470091,552.569323179675
"Estuary_714",1183.1278599758,1168.2917173627,1197.9640025889,112.449250229038,0,213.486257143503
"Estuary_7141",6343.70543567152,6324.38396808944,6363.0269032536,0,0,0
"Estuary_7142",37733.1394643129,37671.3066614322,37794.9722671936,10262.1928571015,6756.3027574633,13341.9708062497
"Estuary_7143",10748.3117088897,10718.6271857066,10777.9962320728,0,0,0
"Estuary_7145",9844.50668277677,9816.30142823506,9872.71193731848,1473.6757392858,663.676077167089,2187.00489923917
"Estuary_7147",26361.0760954023,26316.6205192144,26405.5316715902,7049.5228555991,3578.36753035981,10098.4961066501
"Estuary_7148",4672.85047265275,4662.14967297807,4683.55127232743,0,0,0
"Estuary_7149",30808.8529866744,30724.6690666131,30893.0369067357,12717.875425212,8052.95972351051,16826.2217461097
"Estuary_7150",3651.79698660557,3645.47375664928,3658.12021656187,0,0,0
"Estuary_7151",33.5289340044032,33.4885787540056,33.5692892548009,0,0,0
"Estuary_7155",180316.125013647,179955.263966435,180676.98606086,16999.2882565653,1152.92857243185,30924.5948475381
"Estuary_7159",9345.49037934524,9332.42406534104,9358.55669334946,2825.48713066202,1839.51876081469,3691.10937140741
"Estuary_7163",81993.2284240728,81824.207310194,82162.2495379517,21834.1317917911,10737.0342905295,31589.6705033346
"Estuary_7165",5017.31558747135,5008.86833905861,5025.7628358841,837.814093252641,212.907867034028,1386.62348537472
"Estuary_7169",69033.6786361476,68949.3711705021,69117.986101793,4475.30895899858,2325.64159622841,6361.5392554291
"Estuary_7172",50368.656385668,50264.2078562972,50473.1049150388,15296.1512401794,10042.419702484,19916.1210105202
"Estuary_7173",142649.768922388,142159.667351162,143139.870493614,13403.6840832941,550.513114162601,24733.2329782671
"Estuary_7175",13454.4624715752,13399.7084802906,13509.2164628597,3350.49116740558,1573.06149498134,4920.05917075333
"Estuary_7177",36511.065837099,36420.0060236477,36602.1256505503,3635.87113347391,1370.76276049395,5628.84569667187
"Estuary_7185",9637.50825201497,9470.33332187435,9804.68318215558,1150.74725397194,0,2195.07832436319
"Estuary_7206",19421.6207276533,19389.3764924809,19453.8649628257,7682.41094970337,4783.35958396433,10229.0749776035
"Estuary_7226",54903.0812355615,54794.4620582758,55011.7004128472,0,0,0
"Estuary_7232",4104.14818948283,4092.95740830874,4115.33897065691,2149.82916523238,1478.69526490643,2740.98724493261
"Estuary_7239",58486.6291148538,58450.4220309304,58522.8361987773,2343.91317413624,0,4397.55789582128
"Estuary_7241",18493.3149242035,18470.6489551415,18515.9808932654,8731.84167077224,5820.68220783271,11286.67264172
"Estuary_7244",6361.24798091174,6350.4273715753,6372.06859024818,1536.85794373309,693.212134936642,2277.88264058744
"Estuary_7247",1321.65376852955,1318.37651856948,1324.93101848962,303.017462808417,129.397538824141,455.780829663776
"Estuary_7249",14515.0377945894,14495.5587437034,14534.5168454753,2450.57940504997,640.053470143125,4039.45065193381
"Estuary_7253",5397.87662345845,5386.56749421919,5409.18575269771,1751.36240073324,1185.86235389352,2248.69784521936
"Estuary_7255",6403.71721016557,6394.56821932681,6412.86620100433,1242.31673669245,513.117345360262,1882.40939339582
"Estuary_7257",11714.2738446626,11702.04915771,11726.4985316151,643.639709844855,0,1208.08386404333
"Estuary_726",23201.606404716,23175.3091250479,23227.9036843841,225.618137954946,0,423.513485967265
"Estuary_7263",3427.16483979355,3421.06808036924,3433.26159921786,194.30107217916,0,364.962608115907
"Estuary_7264",19110.8989203085,19080.9681420356,19140.8296985813,10749.8806426735,7552.8832228891,13558.0877031618
"Estuary_7268",31743.746458422,31711.3087910642,31776.1841257798,1542.39779708981,0,2894.95108467969
"Estuary_7269",23753.8635198683,23735.2566374214,23772.4704023153,3178.62630997791,1597.60313409727,4564.49839043264
"Estuary_7282",15427.3791822183,15407.9138476089,15446.8445168276,0,0,0
"Estuary_7283",132743.242807372,132666.531716205,132819.953898539,15403.5915921073,0,28898.4247220473
"Estuary_729",24815.5990560394,24769.898657625,24861.2994544539,343.727576911895,0,645.676097804149
"Estuary_7290",22732.8939641803,22702.1652853312,22763.6226430295,0,0,0
"Estuary_7294",39088.7968359847,39046.4163362316,39131.1773357379,0,0,0
"Estuary_7313",13619.2896480201,13601.9483685186,13636.6309275217,4697.32269812664,3298.42551064485,5925.21309606678
"Estuary_734",8017.51856318883,7993.18995780353,8041.84716857413,957.315649335979,0,1800.41354520316
"Estuary_7357",618.50832702897,614.126103435529,622.89055062241,94.0358281770307,25.6417108642166,154.809713771951
"Estuary_738",40514.9864539388,40478.1276023744,40551.8453055033,4431.22470722327,0,8316.1050963297
"Estuary_739",9513.979357414,9481.96392392532,9545.99479090267,0,0,0
"Estuary_741",5157.23266801934,5129.99349761265,5184.47183842603,615.788975285892,0,1160.70265039389
"Estuary_7422",148746.691727655,148595.512655793,148897.870799517,78951.2720958244,54607.9319140422,100304.923705539
"Estuary_744",0,0,0,0,0,0
"Estuary_748",588.312658676016,584.234333717146,592.390983634886,70.2462876031064,0,132.624847082437
"Estuary_752",10692.8039030767,10663.0128563431,10722.5949498103,609.92871367028,0,1146.80254897819
"Estuary_7596",25212.0389580883,25154.7237861712,25269.3541300055,13941.3243493951,9742.76665097153,17635.6388718254
"Estuary_760",3156.36028813824,3089.77599620752,3222.94458006896,19.0909929107279,0.320025757538983,36.258638581605
"Estuary_761",21374.9294977857,21339.1379545083,21410.7210410631,236.212366437547,0,443.639804002128
"Estuary_7618",1070.17225934185,1063.19594988411,1077.14856879959,162.705222066608,44.391799968158,267.708446466409
"Estuary_7622",13082.530421682,13049.9782195782,13115.0826237859,1913.72302651787,313.341052709966,3321.61774720884
"Estuary_7626",300501.764156265,300327.977246903,300675.551065627,159641.399790669,110495.523286503,202705.256331081
"Estuary_7672",2523.17297132377,2518.19295745549,2528.15298519206,240.009193679205,0,450.905442053837
"Estuary_7674",7914.87509157649,7893.33339445712,7936.41678869585,1203.34973941149,329.571681651833,1972.47238733229
"Estuary_7681",283.722800173926,278.516801045439,288.928799302412,15.745850508407,10.8771000090913,20.1919318684522
"Estuary_769",15368.5127818884,15320.0786380567,15416.94692572,1835.04630231503,0,3451.55528187762
"Estuary_7698",515.932175508029,505.497590502745,526.366760513313,3.28531820422141,0,6.2845553489249
"Estuary_77",2291.40552513659,2282.24500944188,2300.56604083129,273.600659717802,0,515.052098693573
"Estuary_7700",3540.72925665364,3524.99708784877,3556.46142545852,499.872292062948,68.5687690394307,880.891768060982
"Estuary_7702",1659.96343834786,1587.41782619533,1732.5090505004,198.204589653476,0,387.87516055979
"Estuary_7710",7999.13806322214,7962.53713795826,8035.73898848601,2356.40775546224,1246.08838043753,3338.12977122938
"Estuary_7718",3080.35495159037,3055.26716514361,3105.44273803712,367.803576309297,0,695.248374187415
"Estuary_7727",22775.2262958392,22741.3894870893,22809.0631045891,12811.0647914095,9001.80000530617,16156.4196990839
"Estuary_773",305.833955728345,295.751656935817,315.916254520874,1.84981223550801,0.0306326892857178,3.55410805558487
"Estuary_7739",9071.79304329939,9046.95121235082,9096.63487424795,2672.39336466313,1415.79255314924,3778.836985029
"Estuary_776",33998.9460907607,33951.3129810036,34046.5792005177,3918.30377114965,0,7357.11259181429
"Estuary_7831",1653.61464103866,1633.82959059812,1673.3996914792,541.625885208964,303.788137771926,755.446850398036
"Estuary_7843",1207.96464802399,1199.2040563501,1216.72523969789,112.0083647118,7.69529846065068,204.707027204488
"Estuary_7853",900.707788623297,899.334020541552,902.081556705042,100.370370548906,0,188.481480735437
"Estuary_788",65372.945353441,65230.3375103875,65515.5531964944,105.429240724604,0,198.111055110829
"Estuary_7950",18431.7200416504,18355.9813530289,18507.458730272,8463.8226475482,5571.97421543916,11019.1674036258
"Estuary_7953",108745.598111671,108645.694536399,108845.501686942,16387.6952593371,3037.35101428382,28092.5873526465
"Estuary_7972",1837.64193494449,1828.6756699853,1846.60819990369,313.804181125337,83.9051959320641,517.11669521741
"Estuary_7982",124.368220832347,119.627904575397,129.108537089297,11.5320270840166,0.76765286529448,21.7217691817035
"Estuary_7983",1648.72804145183,1643.5465587351,1653.90952416857,925.560617335871,648.924014279053,1169.49142284084
"Estuary_800",12571.4756910586,12465.7441305106,12677.2072516065,0,0,0
"Estuary_8055",5256.35204274596,5224.62236704495,5288.08171844697,627.62412450698,0,1183.89889218962
"Estuary_806",12744.8942821535,12697.0452354902,12792.7433288167,1291.02492176841,0,2429.75982523681
"Estuary_8071",0,0,0,0,0,0
"Estuary_8089",327.778493441114,325.007035866167,330.549951016062,30.3932181277771,2.08557178368266,55.6131290840061
"Estuary_8133",210073.734917642,209830.025205999,210317.444629285,14444.0037897059,1111.1094665263,26139.4467518639
"Estuary_8145",12875.007982411,12815.5562644666,12934.4597003553,1355.53340274197,0,2553.36135434889
"Estuary_8154",51902.9606451041,51788.7814680288,52017.1398221793,23840.5475774872,15726.5675334788,30977.9391809174
"Estuary_8168",48685.6745491261,48589.4092548152,48781.9398434369,5487.46957098284,0,10309.3497079772
"Estuary_8169",46394.747551501,46255.5769972891,46533.9181057128,20213.6657674203,13069.4459093447,26509.7345654333
"Estuary_8181",98746.9234250376,98641.3388875985,98852.5079624767,50893.1823282243,34894.2206814732,64928.9429165384
"Estuary_8228",23053.9102520729,23008.9986857175,23098.8218184284,2752.70570174005,0,5171.37801905113
"Estuary_8304",10018.8238728781,9979.11316575485,10058.5345800013,3556.88836438926,2146.14139316138,4802.78037857827
"Estuary_831",39928.5900989605,39872.6140259365,39984.5661719845,414.614234298381,0,778.491532292198
"Estuary_8328",1416.22329604761,1389.30236475107,1443.14422734415,131.319120734647,8.91516026170447,242.800720300905
"Estuary_835",12892.7426441277,12840.9294750768,12944.5558131786,0,0,0
"Estuary_8354",8552.38135045422,8490.52962075079,8614.23308015765,1021.1798627408,0,1928.55964481141
"Estuary_8360",4032.64182225496,3985.50468327939,4079.77896123053,481.509471314025,0,913.383349529224
"Estuary_843",104298.239549633,104054.875845998,104541.603253267,0,0,0
"Estuary_8450",279375.982811739,279006.217235976,279745.748387503,16656.6479701126,0,31272.5507383243
"Estuary_8460",7148.09455610643,7105.52666935414,7190.66244285872,615.467839770032,0,1160.87444147294
"Estuary_847",10697.535437751,10670.1859437916,10724.8849317104,111.082070601796,0,208.811371573531
"Estuary_8482",6641.98590562875,6621.96151719195,6662.01029406554,3736.11707191617,2621.19310055515,4718.92395829643
"Estuary_851",7.6842232543558,4.97537667890301,10.3930698298086,0,0,0
"Estuary_8542",10044.6124149326,10015.9048377007,10073.3199921645,1573.00597426633,333.67177616514,2664.17911833563
"Estuary_8580",52710.6110401865,52611.6886097126,52809.5334706604,4961.17696675501,1189.40538073509,8275.02099486569
"Estuary_8617",51774.3003538793,51637.5559324171,51911.0447753415,13096.0472480169,6160.2302390811,19201.1929350906
"Estuary_8626",1799.12048196597,1775.45047823589,1822.79048569604,4.36432959114042,0,8.29077860708303
"Estuary_865",15856.5638125452,15827.9920271882,15885.1355979023,1247.43929356175,0,2343.16320389141
"Estuary_868",18089.1359714855,18048.7155481174,18129.5563948537,187.835664654035,0,352.978848811328
"Estuary_874",2418.75532882439,2369.59408070638,2467.91657694239,0,0,0
"Estuary_876",12047.7701012027,12020.2077690863,12075.332433319,473.066244693871,0,889.02844463258
"Estuary_882",9084.58439733851,8988.12151393811,9181.04728073891,0,0,0
"Estuary_891",2942.77663790333,2907.83728146736,2977.7159943393,0,0,0
"Estuary_895",21204.2982522706,21167.8588946404,21240.7376099009,2531.85650773381,0,4755.389017142
"Estuary_897",65656.3452813337,65537.0022130485,65775.6883496189,7839.56361568164,0,14725.9003767804
"Estuary_898",21507.42360558,21424.3449919024,21590.5022192577,0,0,0
"Estuary_9",14936.1736219463,14904.3115477512,14968.0356961415,0,0,0
"Estuary_900",39241.2388903421,39069.5523066958,39412.9254739885,0,0,0
"Estuary_90000",5366.29714891049,5346.39426386603,5386.20003395496,366.956590630197,13.6523050501023,678.560762679675
"Estuary_90001",6002.11690093309,5980.15794979237,6024.07585207381,410.435034328552,15.270654678453,758.921220685136
"Estuary_90002",435.309095097129,432.366526662923,438.251663531335,25.4482445678326,0,48.0380017960991
"Estuary_90003",693.418196785873,691.373119753413,695.463273818333,40.5373470445294,0,76.2316923742089
"Estuary_90004",267.843476838158,245.217827474682,290.469126201634,150.661955721464,97.0653900420617,205.748964392824
"Estuary_90005",823.836120516656,811.277393099066,836.394847934246,16.4533049589682,0,31.3202297378825
"Estuary_90006",29554.5778718192,29516.231286621,29592.9244570173,14107.5765280249,9547.49229172389,18110.2642264644
"Estuary_90007",0,0,0,0,0,0
"Estuary_90008",175.162783007419,163.679415677189,186.646150337648,17.0156401479763,0,33.9959173399579
"Estuary_90009",184.796821992698,180.156101557948,189.437542427447,17.9515087025318,0,34.5043442996168
"Estuary_90010",23.3224595654912,20.5096964850992,26.1352226458832,2.2655873155162,0,4.7602957099492
"Estuary_90011",51.1363841658666,43.8214919548427,58.4512763768905,4.96748393977164,0,10.6463742034276
"Estuary_90012",9294.56870940904,9181.42415882067,9407.7132599974,3996.40473608284,2547.30988594257,5300.64531587738
"Estuary_90013",11.6796029244808,8.49523715349326,14.8639686954684,0.746208918715434,0.0414832099715481,1.7170987287606
"Estuary_90014",0,0,0,0,0,0
"Estuary_90015",0,0,0,0,0,0
"Estuary_90016",0,0,0,0,0,0
"Estuary_90017",0,0,0,0,0,0
"Estuary_90018",141.197388704291,140.563100267151,141.831677141431,9.02109013737344,0.686385617879573,16.3845200099072
"Estuary_90019",420.554087475266,415.18213467938,425.926040271153,26.8691678052253,2.02738162080126,49.2033505505569
"Estuary_90020",762.66641145111,759.059553239886,766.273269662333,48.7266974664562,3.70657419669698,88.5205616466056
"Estuary_90021",34331.242966055,34269.3407476019,34393.1451845081,2193.42043197034,167.34109150028,3973.1263624366
"Estuary_90022",3296.71429890653,3287.19725349303,3306.23134432002,210.626819097114,16.0517583465547,381.938750991259
"Estuary_90023",2545.03533490267,2526.35886653257,2563.71180327277,162.602108789988,12.3364979023285,296.162240953207
"Estuary_90024",1741.63861315727,1732.24811022322,1751.02911609131,111.273154979702,8.45876469141989,202.280422602064
"Estuary_902",34339.8013427382,34294.7852649372,34384.8174205391,2188.69793724487,0,4109.18831892082
"Estuary_903",14057.4153209442,14005.6395668059,14109.1910750825,1630.28773642371,0,3068.04816026907
"Estuary_909",99261.090466681,99020.3676574254,99501.8132759366,143.438721680511,0,269.599840823028
"Estuary_920",146794.6649017,146643.558382839,146945.77142056,0,0,0
"Estuary_927",36873.5719474165,36825.5292198001,36921.6146750329,3872.35097552879,0,7270.11802020676
"Estuary_930",7611.25031834167,7584.95827528245,7637.54236140089,3407.09671180693,2251.20720859774,4426.91153809487
"Estuary_931",2343.39758403039,2331.57145931598,2355.22370874479,87.6282432569352,0,165.132122810306
"Estuary_935",18623.5531401057,18583.6698519932,18663.4364282182,1886.02849249593,0,3543.87659742243
"Estuary_936",4756.90974666128,4745.27510642246,4768.54438690011,447.798125688916,0,841.675065499586
"Estuary_937",10697.1423857219,10619.2076821923,10775.0770892514,107.065339431525,0,202.210070052455
"Estuary_939",2229.85044026777,2223.85906188307,2235.84181865247,83.3822984789057,0,156.761883982098
"Estuary_946",1001.13273377433,979.419668523024,1022.84579902564,0,0,0
"Estuary_951",66113.7168912606,65938.0181684974,66289.4156140238,0,0,0
"Estuary_953",260863.374550177,260571.796559002,261154.952541352,0,0,0
"Estuary_959",90214.3781840414,90002.7301553022,90426.0262127806,0,0,0
"Estuary_96",2653.10775668406,2641.70996791666,2664.50554545146,0,0,0
"Estuary_961",37445.321022497,37327.0227978385,37563.6192471556,4061.65373716971,0,7639.66015966815
"Estuary_97",11438.0792252802,11412.8864410041,11463.2720095563,1365.74080301853,0,2566.40418124394
"Estuary_970",22560.074298389,22455.4277532101,22664.720843568,2664.55630554598,0,5019.21758199956
"Estuary_973",232323.945589688,231635.298541028,233012.592638348,0,0,0
"Estuary_974",15632.6898912981,15565.2903548403,15700.089427756,0,0,0
"Estuary_977",9891.79767139227,9837.0458317346,9946.54951104995,1181.11016971848,0,2226.83944277238
"Estuary_979",0,0,0,0,0,0
"Estuary_982",239199.933889602,238830.734816396,239569.132962809,2153.37402285231,0,4043.80819016127
"Estuary_996",49447.3948474598,49326.3129347709,49568.4767601487,299.078615338818,5.10900812322019,557.653238905045
"Lagoon_10083",333.416960809814,328.617334743482,338.216586876146,39.8109803952017,0,75.7201313901819
"Lagoon_10095",52.2141948617025,50.6428771607637,53.7855125626413,0,0,0
"Lagoon_10116",99.1062820655115,95.7795314397302,102.433032691293,0,0,0
"Lagoon_10120",516.110227946038,511.069473298144,521.150982593932,61.6251018443031,0,116.675593118044
"Lagoon_10122",720.537783397677,704.450454636108,736.625112159247,86.0343621967376,0,164.916069886399
"Lagoon_10371",5243.33299841499,5204.2704906021,5282.39550622787,324.888103172013,0,613.703436609951
"Lagoon_10407",6033.29019719828,5806.05825951258,6260.52213488397,2723.2444471888,1728.03470018922,3668.01071444622
"Lagoon_10444",472.825945534033,466.452724338579,479.199166729487,30.2088127343796,2.27774174586534,55.3575089447815
"Lagoon_10480",139.924780663541,104.472398384525,175.377162942557,0,0,0
"Lagoon_10493",1078.96472228234,1040.8773692457,1117.05207531898,0,0,0
"Lagoon_1125",3364.64612751078,3299.91158972722,3429.38066529434,20.3507931616085,0.341790701853583,38.5810773385966
"Lagoon_1148",8864.60408914347,8826.6814874461,8902.52669084084,53.6168492735882,0.914229844830969,100.154839689916
"Lagoon_1246",17582.7821835825,17532.8790359196,17632.6853312454,106.348052622231,1.81598047955469,198.370511426888
"Lagoon_1255",2482.93750237271,2475.30507639465,2490.56992835077,296.47014953704,0,557.59028246659
"Lagoon_134",20933.1415220524,20868.6394081591,20997.6436359457,2499.47958472267,0,4700.96499312216
"Lagoon_14",3129.96680798946,3118.94201294567,3140.99160303326,373.727380058444,0,703.207075305955
"Lagoon_1415",7117.03544210596,7083.44651975839,7150.62436445354,43.0468199974683,0.73367303689814,80.4456601788641
"Lagoon_1454",13784.7151127596,13739.9255007553,13829.504724764,0,0,0
"Lagoon_1456",12114.7625127776,12078.005925719,12151.5190998361,0,0,0
"Lagoon_1564",10268.0061891697,10224.4442331131,10311.5681452263,4753.41984904095,3222.66774628102,6106.61165587423
"Lagoon_1708",191235.877937175,191021.612371998,191450.143502353,4.66919297857579,0,8.76454586572972
"Lagoon_1760",7504.77623139616,7440.99242863549,7568.56003415684,896.092684345811,0,1694.45373899034
"Lagoon_20000",403113.57059953,402803.528599667,403423.612599394,41432.1092053345,0,77744.9538679465
"Lagoon_20001",806676.475682529,806199.926225624,807153.025139434,91236.8590016457,0,171170.17083527
"Lagoon_20002",1094.43512357838,1090.42531513301,1098.44493202375,130.678820725777,0,245.920507169496
"Lagoon_20010",4595.1171074153,4569.80732862141,4620.42688620919,395.650446058412,0,745.93064596177
"Lagoon_20011",921.257993004229,906.091047196581,936.424938811876,327.06551961533,194.866965637265,447.127092556701
"Lagoon_20012",18940.3681330581,18762.9434665907,19117.7927995255,2261.53649349948,0,4280.10286556541
"Lagoon_20015",2380.86182161637,2349.62972990917,2412.09391332358,284.282008551209,0,540.02102537095
"Lagoon_20016",3648.70340828814,3624.03537062502,3673.37144595126,435.666078601569,0,822.396592377147
"Lagoon_20017",9277.40992728998,9237.04365562003,9317.77619895992,1107.7504390794,0,2086.06929827461
"Lagoon_20018",8986.26672630326,8946.13753205008,9026.39592055644,1072.9870717974,0,2020.83490758726
"Lagoon_20019",2946.07301394753,2917.5863489581,2974.55967893697,1642.31783105462,1141.7417613269,2090.58872437268
"Lagoon_20020",4026.95010044958,4005.16914005269,4048.73106084647,1992.36092603277,1342.99757715909,2567.97824226509
"Lagoon_20021",5809.33950659828,5781.44248787528,5837.23652532128,693.652478399795,0,1306.84399820626
"Lagoon_20022",879.303053780042,869.804353791985,888.801753768098,259.027475079521,136.119063526539,369.217516799057
"Lagoon_20023",28057.8966951769,27994.523632234,28121.2697581198,5252.08445305321,1695.18230045022,8379.9006639189
"Lagoon_20024",1551.3002252501,1545.87906295039,1556.72138754981,301.181513644352,103.221479496773,475.736525071521
"Lagoon_20025",17444.8483474667,17388.6728239062,17501.0238710272,7195.31176506938,4552.32137482397,9525.63582934213
"Lagoon_20026",1753.58059214218,1733.92482648233,1773.23635780203,209.382757270708,0,396.993214433291
"Lagoon_20027",1377.54043410024,1369.86219840036,1385.21866980013,405.799591996177,214.375058935674,575.434280275666
"Lagoon_20028",2406.19956493227,2392.69756455235,2419.70156531218,708.824784768415,374.442540289913,1005.16926249501
"Lagoon_20029",27468.7778972962,27421.1067285339,27516.4490660584,12665.4323199153,8369.89895722119,16439.7732024641
"Lagoon_20030",29170.2899332614,29117.2391127563,29223.3407537665,8885.86599746657,4817.7648611867,12460.3939580921
"Lagoon_20031",1451.21317172583,1444.30721743438,1458.11912601728,427.502306580546,226.025249269799,605.717889982672
"Lagoon_20032",7478.3298811642,7459.48025249026,7497.17950983815,2202.98667063911,1167.36305346951,3114.40654778619
"Lagoon_20033",2705.53224081975,2695.56538843812,2715.49909320138,797.003015141452,421.839503043574,1128.04664010992
"Lagoon_20034",819.379194028561,814.169994569591,824.58839348753,241.374942176652,127.41262644763,342.542617331767
"Lagoon_20035",2104.38044526216,2084.90700190943,2123.85388861488,1183.71400045996,825.275688255818,1504.39650443554
"Lagoon_20036",4022.68885720515,3986.72191472731,4058.65579968299,480.321057576735,0,908.654283511117
"Lagoon_20037",7469.26463576892,7407.0320914825,7531.49718005534,891.852493823155,0,1686.15608508702
"Lagoon_20038",2728.42626319623,2721.84469716226,2735.00782923021,295.922288505,0,556.192721896745
"Lagoon_20039",21264.6530964655,21145.9246899001,21383.3815030309,0,0,0
"Lagoon_20040",1363.96758464543,1353.3881978941,1374.54697139676,87.956011169001,0,166.196676147437
"Lagoon_20041",6257.09402351283,6178.11482433141,6336.07322269424,0,0,0
"Lagoon_20042",26891.6817073626,26631.3205597168,27152.0428550083,3210.94706953583,0,6078.8155645541
"Lagoon_20043",557.897964581055,554.939600830215,560.856328331895,66.6146823380364,0,125.564849626544
"Lagoon_20044",92791.9393897121,92650.7731023818,92933.1056770424,0,0,0
"Lagoon_20045",1043.65161360942,1033.27857164326,1054.02465557559,135.248934299644,9.40512485306154,247.717530886593
"Lagoon_20046",288.23077700469,285.120485024425,291.341068984955,102.920964303741,60.5377244169612,140.933029608579
"Lagoon_20047",2391.1763090108,2382.20736672956,2400.14525129205,1008.8033469238,656.267415745589,1320.04309299513
"Lagoon_20048",61523.3946618574,61426.1032290612,61620.6860946537,25955.8470093203,16922.0994731456,33890.4326815557
"Lagoon_20049",3527.57907690833,3491.76324199639,3563.39491182027,1488.23554579112,961.935753882907,1959.81257318913
"Lagoon_20050",17185.7659810411,17113.017049739,17258.5149123433,7250.43075066916,4714.41555915455,9491.91862164519
"Lagoon_20051",6029.70893439745,5994.78838579985,6064.62948299506,2543.84862005966,1651.48690950932,3335.45324237885
"Lagoon_20052",21807.6346848747,21673.593715777,21941.6756539724,9200.33155886112,5970.79563115446,12067.5852347577
"Lagoon_20054",33835.7240209351,33738.436891303,33933.0111505671,14274.8117356641,9294.50437404542,18662.6359257715
"Lagoon_20055",5050.02741353656,5013.32247080947,5086.73235626365,2130.53489098014,1381.10570396491,2797.62481424239
"Lagoon_20057",13967.8182042094,13912.2742458708,14023.362162548,5892.82425579851,3832.65218385081,7712.63420548222
"Lagoon_20058",1349.85653304005,1340.45985617454,1359.25320990557,161.176899467469,0,304.310420128112
"Lagoon_20059",319.633832726,317.446128061022,321.821537390978,38.1652337583284,0,72.0495979233533
"Lagoon_20060",1629.2469729324,1620.1882218161,1638.30572404871,687.356174057952,446.340966031193,901.043032325103
"Lagoon_20061",155.662884764484,154.165843143285,157.159926385684,65.6719617664614,42.4707021264826,86.4355501857092
"Lagoon_20062",88.5955731655492,87.7686692534485,89.42247707765,37.3772148859286,24.1791367782841,49.1809915092943
"Lagoon_20063",636.649169629783,632.230931714645,641.06740754492,76.0178112990785,0,143.522553927967
"Lagoon_20064",2644.19690320906,2635.32716211081,2653.06664430731,1487.3607580551,1043.15033500219,1879.25553971768
"Lagoon_20065",6843.0765735164,6830.76140850645,6855.39173852635,3721.63224941073,2590.06036072738,4716.14391630653
"Lagoon_20066",2777.48791456936,2749.76614562767,2805.20968351106,379.409186200958,42.2475764860491,680.780555745644
"Lagoon_20067",380.775982541724,377.969907876106,383.582057207343,45.4657889602059,0,85.8765799717931
"Lagoon_20068",1322.17859031845,1304.32178994383,1340.03539069306,557.808381639589,359.323836514806,736.998921586589
"Lagoon_20069",1265.26808130684,1262.29458307066,1268.24157954301,151.076785827682,0,283.93468198724
"Lagoon_20070",784.126659970293,778.917382203309,789.335937737277,355.57072882405,232.44842857624,465.011360128994
"Lagoon_20071",6239.91408739155,6203.92602592478,6275.90214885832,1315.20549421299,506.388586540696,2032.00214885471
"Lagoon_20072",12225.5450564222,12187.7502842526,12263.3398285918,1459.76657390115,0,2745.52384222204
"Lagoon_20073",7728.98528526702,7695.4939705712,7762.47659996283,1442.36201923082,566.467566307665,2216.17423822131
"Lagoon_20074",1670.65506320526,1662.99453156736,1678.31559484315,431.689222012145,206.487984561468,630.787197550183
"Lagoon_20075",9758.40888451736,9653.0609511645,9863.75681787022,1319.70304162414,136.547568188433,2379.06934141779
"Lagoon_20076",1717.46043908402,1709.96791257443,1724.9529655936,436.794173926815,208.732721049687,638.32028650849
"Lagoon_20077",7922.38332113539,7905.73199579595,7939.03464647482,0,0,0
"Lagoon_20078",4695.04769731879,4684.02334160169,4706.07205303589,0,0,0
"Lagoon_20079",3124.00170706446,3110.27109113167,3137.73232299726,0,0,0
"Lagoon_20080",13726.5174470967,13534.7805160256,13918.2543781678,2237.58329317466,605.83370644407,3708.94882295857
"Lagoon_20081",11797.6066562853,11763.9964640558,11831.2168485149,1923.14821696699,526.571197218547,3152.79320324102
"Lagoon_20082",1008.54488616795,1004.02441785259,1013.06535448332,164.404642066257,44.9413888690527,269.962557947274
"Lagoon_20083",766.466589551363,760.867287230624,772.065891872101,124.943041246011,34.0573715391384,205.740806504964
"Lagoon_20084",0,0,0,0,0,0
"Lagoon_20085",1199.58208253633,1189.95562353896,1209.20854153371,349.563817453613,190.075790051287,491.684663035187
"Lagoon_20086",6818.14286281913,6800.73151747047,6835.55420816779,3074.19027106162,2013.85217246335,4007.68296237722
"Lagoon_20087",1794.458648973,1781.76123180196,1807.15606614404,522.91362527804,284.60697787225,734.820248877027
"Lagoon_20088",20023.8274043278,19914.4245163953,20133.2302922603,8969.89251869327,5845.11802475743,11739.7663019817
"Lagoon_20089",730.874368497705,727.464391721736,734.284345273673,87.2685813131588,0,164.392017598583
"Lagoon_20090",45386.756862652,45166.38058335,45607.133141954,5419.31425225695,0,10210.5521959598
"Lagoon_20091",561.948802724986,556.752239235806,567.145366214166,67.0983645044759,0,126.972843182276
"Lagoon_20092",18069.6075796104,17986.0815189035,18153.1336403173,2462.31895165313,270.988338090914,4398.87215172409
"Lagoon_20093",3532.71958954369,3521.72784006638,3543.71133902101,672.541496985624,223.283419171804,1068.34628773906
"Lagoon_20094",40906.3895542491,40569.5100083659,41243.2691001323,4157.87190910617,916.31568501426,7045.1211689031
"Lagoon_20095",160713.480367482,160483.255945852,160943.704789111,24598.390818155,5208.46126349264,41617.5737698427
"Lagoon_20096",1652.89169153487,1643.10456823366,1662.67881483609,312.761492712512,102.481391132301,499.16069529518
"Lagoon_20097",134.314058755228,133.986665016311,134.641452494144,0,0,0
"Lagoon_20098",2817.02803285327,2805.45518767487,2828.60087803168,428.291022919182,117.136644025468,703.004551707547
"Lagoon_20099",2294.57382425732,2276.19239264928,2312.95525586537,0.759562579487607,0,1.43558869337627
"Lagoon_20100",2348.49859162069,2339.20342181203,2357.79376142935,357.057456439544,97.6691553398314,585.992799177064
"Lagoon_20101",398.973281273548,395.486214921579,402.460347625518,60.6584928375722,16.5128026916171,100.025231010825
"Lagoon_20102",0,0,0,0,0,0
"Lagoon_20103",323.024205205181,322.228428483484,323.819981926878,0,0,0
"Lagoon_20105",9342.09260232378,9303.1572638784,9381.02794076915,1115.47374356105,0,2100.23013599309
"Lagoon_20106",522.991020087336,518.89544225572,527.086597918952,62.4466889656521,0,118.004462220661
"Lagoon_20107",833.010501322244,826.163607277843,839.857395366646,468.568406993763,327.02309454748,594.898988384708
"Lagoon_20108",922.236531831184,914.877237160728,929.595826501639,157.353573322818,63.0701693256152,241.318064312155
"Lagoon_20109",1693.40447153259,1688.58705036837,1698.2218926968,0,0,0
"Lagoon_20110",6441.88462930469,6413.47693213677,6470.2923264726,2814.54631761934,1819.73790301117,3694.1701004088
"Lagoon_20111",10618.2169625375,10575.0904190756,10661.3435059994,2633.70922431596,1218.70643356021,3883.19592412048
"Lagoon_20112",4433.04977006712,4412.07534187948,4454.02419825476,1647.32387160581,994.025217495332,2225.30458473968
"Lagoon_20115",30007.255053011,29956.7770459778,30057.7330600442,3582.95582722519,0,6729.34322239796
"Lagoon_20116",288748.332275176,288284.149511581,289212.515038772,34449.4794284045,0,64696.6112459463
"Lagoon_20117",1735.88406060892,1722.35097892479,1749.41714229305,976.434784092515,681.763929157728,1239.17047579091
"Lagoon_20118",5552.90289022656,5531.9348342445,5573.87094620863,514.892197511853,35.498453652623,937.771745166677
"Lagoon_20119",0,0,0,0,0,0
"Lagoon_20120",714.902236630165,711.769644780124,718.034828480205,66.289216811718,4.56742939019489,120.80523225109
"Lagoon_20121",514.28297286935,509.86156447252,518.704381266181,47.6868216999963,3.27178422342234,87.2690303632626
"Lagoon_20122",9962.09739157152,9912.69388624724,10011.5008968958,1189.50416615779,0,2241.3807978125
"Lagoon_20123",3295.63534855756,3264.75103627737,3326.51966083776,393.508698335231,0,744.743207650244
"Lagoon_20124",1638.55097272241,1633.22771015168,1643.87423529314,195.64787733999,0,368.031545214883
"Lagoon_20125",0,0,0,0,0,0
"Lagoon_20126",1651.97221181804,1633.29065402308,1670.653769613,153.178908255102,10.4808343410319,281.077892943491
"Lagoon_20127",238.217579361547,237.41912968993,239.016029033163,28.4438900730205,0,53.5110512760813
"Lagoon_20128",8891.46491065032,8828.17037863642,8954.75944266421,824.459926177005,56.6504137184551,1506.58679957544
"Lagoon_20130",1171.35988687421,1165.97154682672,1176.74822692169,139.863867089457,0,263.451095579484
"Lagoon_20131",1116.37660305974,1109.38647883166,1123.36672728782,162.515422675584,41.8493891531032,269.544710498632
"Lagoon_20132",300.075994818615,297.94629793634,302.20569170089,35.8299695305809,0,67.6579906793036
"Lagoon_20133",1017.66018594933,1011.42399376723,1023.89637813142,117.315737031744,0.746307251701792,220.653886836939
"Lagoon_20134",17311.8816610907,17281.8037129453,17341.959609236,3713.37339830955,1468.12434249273,5685.59164484269
"Lagoon_20135",2378.57662189582,2354.05396007028,2403.09928372136,575.176294287779,263.67945450501,854.047790881761
"Lagoon_20136",1189.43559799291,1182.2127536962,1196.65844228962,287.6237634095,132.42058988069,425.285590986828
"Lagoon_20137",946.813863489123,940.863323074873,952.764403903373,228.954108254841,105.386848390148,338.607039624421
"Lagoon_20138",7685.31087357123,7662.20623855456,7708.41550858791,1858.42599646298,858.249808864463,2739.52694376965
"Lagoon_20139",522.701280784986,519.700861686921,525.701699883051,126.397183481001,58.2121064511622,186.83138831977
"Lagoon_20140",78.2008349429772,77.6853959895715,78.7162738963828,18.9101608241914,8.70160293051412,27.9753151619867
"Lagoon_20141",1070.87849093242,1065.13325256663,1076.62372929821,258.954837265687,119.306421932457,382.625938032046
"Lagoon_20142",4334.59187512905,4326.22240589717,4342.96134436094,1048.17077113938,484.583609128594,1543.46371253233
"Lagoon_20143",775.948528665262,772.480521518852,779.416535811672,187.636250675001,86.5261569975888,277.000195162914
"Lagoon_20144",480.166444587485,478.554601505237,481.778287669733,116.111607966214,53.6032811550318,171.221257925706
"Lagoon_20145",378.126551801137,376.4887284371,379.764375165174,91.4367974673217,42.1708016151914,134.966094768732
"Lagoon_20146",2698.21446033673,2680.23787306052,2716.19104761294,652.469624145728,300.215573771795,965.318819551372
"Lagoon_20147",3068.52249252506,3050.10356720163,3086.94141784849,366.390745376126,0,691.106287578019
"Lagoon_20148",1064.86886497671,1056.41993612558,1073.31779382784,127.148521191249,0,240.29502846892
"Lagoon_20149",13086.4144018789,12979.5234648373,13193.3053389205,1562.55694350792,0,2953.72507587772
"Lagoon_20150",1073.61928295305,1066.26850743405,1080.97005847205,128.193347218275,0,242.008222045982
"Lagoon_20151",983.243819867508,979.636774728833,986.850865006184,117.402247148359,0,220.93676082228
"Lagoon_20152",138.609510455932,137.562641724502,139.656379187362,16.5503893081709,0,31.2663535494093
"Lagoon_20153",8228.9455328958,8196.36013835002,8261.53092744158,982.560660644275,0,1849.59647629289
"Lagoon_20154",17936.7921086702,17751.7805604651,18121.8036568754,2141.70652043824,0,4057.12022168851
"Lagoon_20155",10717.8972442398,10556.4852312208,10879.3092572588,1279.74892468535,0,2435.66625162511
"Lagoon_20156",0,0,0,0,0,0
"Lagoon_20158",60.5336114720155,60.1382795858322,60.9289433581988,18.2030357495758,9.74042924406394,25.7186626849821
"Lagoon_20159",5463.309990928,5439.66991366584,5486.95006819016,2057.50936476881,1249.85692262115,2771.39282479124
"Lagoon_20160",514.804353307954,512.174578551067,517.43412806484,59.3570329069307,0,111.862962002071
"Lagoon_20161",1094.73865756165,1084.39081553187,1105.08649959144,130.715063589451,0,247.407425281666
"Lagoon_20162",4964.82137781376,4924.67557332173,5004.96718230579,592.814492873285,0,1120.51504081473
"Lagoon_20163",48137.9607180445,47932.9034694519,48343.0179666371,5747.81620513964,0,10823.063723874
"Lagoon_20164",592.605901559829,589.225807872613,595.985995247044,70.758913619084,0,133.429700428443
"Lagoon_20165",4284.89679050837,4272.31492196293,4297.47865905382,511.629467523388,0,962.12208784787
"Lagoon_20166",8388.76656794281,8346.99090479219,8430.54223109342,2.26005440564838,0,4.25870506939287
"Lagoon_20167",10147.9435470488,10016.5468458277,10279.34024827,978.189833333887,0,1857.85414508226
"Lagoon_20168",54139.861700995,53783.7802377234,54495.9431642667,6464.46109862627,0,12200.5842905075
"Lagoon_20169",8208.27112624005,8175.02282055182,8241.51943192828,772.101574615794,0,1453.55444665666
"Lagoon_20170",11606.4995135589,11584.7063313531,11628.2926957648,641.751973935469,0,1205.54432383262
"Lagoon_20171",15350.6734068415,15303.1692293824,15398.1775843006,1735.40354914825,0,3263.95111333122
"Lagoon_20172",1204.1216819549,1190.91450990965,1217.32885400015,143.775723218495,0,272.536310597049
"Lagoon_20173",3686.40962858636,3663.48460034892,3709.33465682379,440.168313861057,0,830.448057497864
"Lagoon_20174",21663.7086479881,21609.7335459032,21717.6837500731,879.596288939111,0,1653.35212866689
"Lagoon_20175",0,0,0,0,0,0
"Lagoon_20176",1071.90012495605,1064.50267744085,1079.29757247126,174.732288856035,47.6484714199859,287.612178386287
"Lagoon_20177",47167.6544930797,47086.5654531048,47248.7435330546,0,0,0
"Lagoon_20178",2011.47595064593,1997.53942145202,2025.41247983985,0,0,0
"Lagoon_20179",0,0,0,0,0,0
"Lagoon_20180",6615.93809484927,6565.05102978121,6666.82515991733,789.962757593943,0,1492.57279699642
"Lagoon_20181",7058.48472693255,6953.72987685995,7163.23957700515,0,0,0
"Lagoon_20182",19818.6491604433,19762.360212516,19874.9381083707,2366.40586990368,0,4449.61300933673
"Lagoon_20183",18565.7751529964,18508.0246265812,18623.5256794116,2214.89329908494,0,4165.84298521813
"Lagoon_20184",18230.107918577,18080.1270077511,18380.0888294029,154.013430147547,0,291.15096366369
"Lagoon_20185",334.212158770464,331.001595511538,337.422722029391,39.9059294054286,0,75.5424004543413
"Lagoon_20186",49706.0160768747,49558.0174056924,49854.0147480571,5922.43838592907,0,11137.6356151207
"Lagoon_20187",123080.480389117,122922.972249643,123237.988528591,5210.29873896008,0,9781.81208434441
"Lagoon_20188",1714.34856559355,1708.42003550255,1720.27709568455,201.403026058657,0,378.936589621919
"Lagoon_20189",13887.2237269799,13846.1707171227,13928.2767368371,1648.99822196822,0,3101.01176794759
"Lagoon_20190",2894.12266042458,2859.57338575187,2928.67193509729,202.601916630142,0,384.413484360081
"Lagoon_20191",12791.9031342611,12719.6056873319,12864.2005811902,351.423765963773,0,662.643651452707
"Lagoon_20192",4790.07855281527,4763.43193089707,4816.72517473346,402.628260139492,0,759.127559948839
"Lagoon_20193",3798.18655110511,3780.63664570067,3815.73645650954,41.4018515289593,0,77.9871618273071
"Lagoon_20194",18762.0110446327,18719.3116250675,18804.7104641978,230.043670674591,0,432.313526805522
"Lagoon_20195",2541.55988155108,2528.91460897823,2554.20515412394,266.312139186859,0,501.819652756213
"Lagoon_20196",297.364962408347,293.919728717346,300.810196099348,78.7749942880259,38.2055654060918,115.200805954503
"Lagoon_20197",1568.18558859053,1555.46826400998,1580.90291317108,0,0,0
"Lagoon_20198",40.2622217340315,39.7304015278326,40.7940419402304,0,0,0
"Lagoon_20199",1290.80063268267,1271.42159763108,1310.17966773427,79.9807620939351,0,152.215365872743
"Lagoon_20200",4315.20874091467,4267.81358377511,4362.60389805423,515.248804885334,0,976.702365236021
"Lagoon_20201",2722.48265215818,2687.76675430103,2757.19855001534,168.690835589836,0,320.328575087841
"Lagoon_20202",5782.64587225054,5726.26236920636,5839.02937529472,195.524560538851,0,370.183155924527
"Lagoon_20203",1710.74948505621,1690.59451415909,1730.90445595334,270.792250235322,132.005325078176,395.45857611894
"Lagoon_20204",1333.07287277978,1316.63986805814,1349.50587750142,211.010323896629,102.806126683992,308.320699588771
"Lagoon_20205",3626.00375236599,3560.51022338404,3691.49728134794,432.955671924298,0,826.454615227151
"Lagoon_20206",23733.6942489266,23605.2942229632,23862.09427489,2833.87394017034,0,5342.25991228881
"Lagoon_20207",14060.9660291346,13909.0748118806,14212.8572463885,798.584890989019,0,1513.52150581687
"Lagoon_20208",58541.8640597619,58271.799113814,58811.9290057098,6990.07332056859,0,13166.8497773977
"Lagoon_20209",6627.28575318465,6502.85604177564,6751.71546459365,423.416769206814,31.754186224784,779.964105060419
"Lagoon_20210",3395.08343402549,3339.47638304486,3450.69048500613,216.911615457635,16.3070432867093,398.626797899323
"Lagoon_20211",29303.7111704278,29048.189278941,29559.2330619145,3498.95058751376,0,6617.73874520474
"Lagoon_20212",22759.1536660464,22646.1285929055,22872.1787391873,2717.51088549808,0,5120.63703116133
"Lagoon_20213",5423.48395902873,5362.0601337721,5484.90778428537,2331.94650097001,1487.65905501208,3090.39507809145
"Lagoon_20214",5010.67872565172,4941.0772302491,5080.28022105433,2742.87447133171,1889.2167237515,3514.69186080641
"Lagoon_20215",5503.20806899328,5358.32699974938,5648.08913823718,2171.64583084339,1317.37492002443,2963.99600500589
"Lagoon_20216",6416.94482238915,6357.32594030909,6476.56370446921,2759.10690222965,1763.78728787415,3649.1298272292
"Lagoon_20217",1788.35864969752,1772.11016785716,1804.60713153787,768.94422978775,491.657249624519,1016.78081319283
"Lagoon_20218",2197.63950697933,2176.29406304343,2218.98495091522,944.923557884306,603.794714808245,1250.25623772832
"Lagoon_20219",2131.22114727161,2113.05101882784,2149.39127571538,284.415394305596,26.5194557034682,514.221838808559
"Lagoon_20220",1878.72732941306,1871.48713209926,1885.96752672686,1056.78412279485,740.79698978929,1335.89366476486
"Lagoon_20221",941.683973097585,935.869938695683,947.498007499488,373.382739310396,231.669722757573,499.18539906795
"Lagoon_20222",1107.13575938515,1102.02017629609,1112.25134247421,132.195314553451,0,249.011494583779
"Lagoon_20223",785.57437548823,779.619112384308,791.529638592151,91.287030374796,0,172.460731636182
"Lagoon_20224",303.39247471598,300.900362504434,305.884586927525,6.05922559650278,0,11.4543693800951
"Lagoon_20225",1402.04284438147,1394.29508644956,1409.79060231339,521.804187021728,314.844323842017,705.239011172223
"Lagoon_20226",2458.01810024026,2450.7818758949,2465.25432458562,1381.32706747618,968.936017668399,1744.7873982908
"Lagoon_20227",2386.14348429584,2377.88937542508,2394.3975931666,1277.49563574202,883.640178852267,1625.0372112454
"Lagoon_20228",1196.09233540514,1187.99534751,1204.18932330028,645.229485780818,445.783510189679,822.617481941168
"Lagoon_20229",663.653964883697,660.386705069366,666.921224698027,260.83831659945,161.427146600084,348.833203395444
"Lagoon_20230",3271.77052626606,3261.31316703558,3282.22788549654,1215.53798717009,734.536463898736,1639.57723199408
"Lagoon_20231",6833.44903191428,6725.33867031631,6941.55939351225,3687.86535621754,2525.00220733139,4743.73535260897
"Lagoon_20232",549.368822595218,543.512228039063,555.225417151374,298.088347100398,205.478787107726,381.20535647304
"Lagoon_20233",14930.5136140899,14886.8412113372,14974.1860168426,8398.41390792556,5892.70797948764,10606.7150952635
"Lagoon_20234",4353.09670284851,4336.66154475581,4369.53186094121,2445.55280404304,1713.86827442823,3091.72234676875
"Lagoon_20235",5520.30704056716,5494.40968567753,5546.2043954568,2769.67955577848,1883.1494548617,3554.22289019859
"Lagoon_20236",4312.94255000246,4299.44781027862,4326.43728972629,2426.03018437638,1701.86475823529,3064.55974688945
"Lagoon_20237",3818.21607690918,3793.8536127826,3842.57854103576,2144.24419940977,1498.62492455109,2717.97280455437
"Lagoon_20238",12566.7234611558,12485.7914584392,12647.6554638725,6869.72674189781,4765.61501295844,8739.72066191022
"Lagoon_20239",847.072331071091,840.923649340808,853.221012801373,0,0,0
"Lagoon_20240",51.5086897131001,51.0168747544724,52.0005046717279,16.7379674563942,9.36801411290753,23.3282918345442
"Lagoon_20241",961.248833205218,913.921117582245,1008.57654882819,398.293195637006,241.485478184532,550.384659416501
"Lagoon_20242",557.470204548948,553.585193326345,561.355215771551,66.5636065133072,0,125.676540844377
"Lagoon_20243",3892.15414980293,3883.59701883217,3900.71128077369,680.094810599349,191.965277872452,1109.27149577692
"Lagoon_20244",5117.61633225335,5023.90463315746,5211.32803134923,2369.12391805602,1583.49686814603,3086.19950434542
"Lagoon_20245",1162.43496937177,1142.62283556875,1182.24710317479,138.798205298122,0,264.682187277939
"Lagoon_20246",2384.3075944834,2367.99273130372,2400.62245766308,1103.77953003093,746.373458019913,1421.67213316681
"Lagoon_20247",3670.16139620068,3622.01593747105,3718.30685493031,1699.04631030368,1141.6321192697,2202.01773975051
"Lagoon_20248",1246.48827974675,1237.10301234266,1255.87354715084,577.043100811008,389.925543707513,743.740615716714
"Lagoon_20249",2307.16456614166,2254.86892070597,2359.46021157735,275.48233625572,0,528.237360800899
"Lagoon_20250",3305.60502094531,3226.91646295357,3384.29357893705,394.699106978544,0,757.677666926205
"Lagoon_20251",1093.68319258893,1080.38644372394,1106.97994145393,168.511640897058,117.14056988559,214.779721021495
"Lagoon_20252",501.383349990227,497.618495428845,505.148204551608,232.107920847962,156.845598509676,299.153714586745
"Lagoon_20253",1705.53565931107,1689.82002395964,1721.2512946625,200.116630753007,0,378.676130157379
"Lagoon_20254",1040.5011675005,997.639446849144,1083.36288815186,111.227901095602,0,217.14328141409
"Lagoon_20256",1517.01799483746,1491.71504933743,1542.3209403375,702.280785106909,470.177338399744,913.377567671322
"Lagoon_20257",411.232125821709,398.961679551663,423.502572091755,190.373760341713,125.749713860171,250.802371337233
"Lagoon_20258",12371.6759847584,12305.6102016993,12437.7417678174,2893.72191683756,1258.6553972537,4341.55349769003
"Lagoon_20259",9558.21156479462,9406.89783525463,9709.52529433461,1141.2789928113,0,2173.77431962715
"Lagoon_20260",1616.0498255248,1603.07816657959,1629.02148447002,192.961173196991,0,364.706302493287
"Lagoon_20261",3760.54257353921,3736.97014317264,3784.11500390578,2055.94776583571,1428.49315320242,2613.36557786152
"Lagoon_20262",2345.66944883527,2339.05350118352,2352.28539648703,1282.4143772911,894.125931811181,1624.52295401713
"Lagoon_20263",2865.07065865879,2843.36409872094,2886.77721859664,100.413725236588,7.48140284697536,183.055986588186
"Lagoon_20264",285.393566737461,283.456675357811,287.330458117111,156.157004178444,108.593050232994,198.464032716108
"Lagoon_20265",1087.12364059616,1083.70075450202,1090.54652669031,502.97098193461,332.311278398826,653.430729036648
"Lagoon_20266",3747.27951402954,3732.84529160063,3761.71373645845,1113.72214969264,592.92258358052,1573.45319858935
"Lagoon_20267",63.3532629264969,62.8858320347536,63.8206938182401,21.5129116718932,12.3685839315882,29.650921762677
"Lagoon_20268",3166.57885112628,3157.1998941107,3175.95780814186,1732.63704763739,1209.53216664939,2193.68805684756
"Lagoon_20269",4322.35702655132,4282.43549562305,4362.27855747958,2431.32582743512,1695.13071701746,3089.94731154804
"Lagoon_20270",267.589257143117,266.252163087852,268.926351198382,69.7629613594208,33.6099386755748,101.755091798794
"Lagoon_20271",106.538857076333,106.091647047846,106.986067104819,12.7210575613532,0,23.9521045757058
"Lagoon_20272",15142.9007984304,15087.234173543,15198.5674233178,7433.38157533394,5006.7715503919,9575.57297881612
"Lagoon_20273",1497.47240873577,1485.14022428044,1509.80459319111,750.815475992358,507.429196166192,967.998290349878
"Lagoon_20274",1833.31099542533,1819.33748533556,1847.28450551511,1031.23743492675,720.154421278658,1308.49319140654
"Lagoon_20275",1289.38206193194,1259.30525774832,1319.45886611556,711.794260167758,486.711017591274,919.531250082047
"Lagoon_20276",4620.99636867553,4594.29775179157,4647.69498555948,2297.20455141065,1574.29159342204,2938.62927519345
"Lagoon_20277",14999.3150684536,14952.0144514627,15046.6156854446,8383.02698309832,5870.33970962213,10598.6970253577
"Lagoon_20278",1933.50598417378,1919.66580097892,1947.34616736863,1087.59711609775,759.867712887491,1379.37020188612
"Lagoon_20279",2257.16865877259,2245.99749730445,2268.33982024073,269.512675674339,0,507.837273188223
"Lagoon_20280",30481.1389045619,30078.2937854301,30883.9840236937,7182.6724462223,3123.36729910366,10839.3480066614
"Lagoon_20281",21883.5820918046,21718.4095568958,22048.7546267135,11990.1467425444,8313.72160465475,15266.056475434
"Lagoon_20282",330.415376179294,327.159958069636,333.670794288952,180.643282496933,125.060073321243,230.43796693082
"Lagoon_20283",455.105722963966,442.70665054881,467.504795379123,54.3409818464438,0,104.665252696819
"Lagoon_20284",2076.89597730512,2067.06714420131,2086.72481040892,499.678686442483,277.128687178075,696.537728217919
"Lagoon_20285",6170.53856042821,6129.31681305768,6211.76030779875,736.78072363322,0,1390.6926062236
"Lagoon_20286",1349.64834402429,1346.29624301242,1353.00044503615,117.919427642771,18.8466679135241,205.075112410733
"Lagoon_20287",20860.5421299242,20677.7704087562,21043.3138510922,2603.46794307632,100.859618817631,4834.45986750434
"Lagoon_20288",804.743495731981,802.555691801032,806.931299662931,70.3108278805477,11.2348977307093,122.30707505916
"Lagoon_20289",694.963907881206,693.103025624304,696.824790138108,82.980765120144,0,156.00555003092
"Lagoon_20290",10434.894794458,10309.9544588071,10559.8351301089,2631.84383725434,1223.23471387247,3897.52022775693
"Lagoon_20291",3395.52864866802,3371.61007901397,3419.44721832206,371.217298421523,65.4527613457627,642.85164052529
"Lagoon_20292",8357.49083083695,8325.71625994323,8389.26540173068,0,0,0
"Lagoon_20293",3367.63687499314,3334.73490875563,3400.53884123065,15.6587139570897,0,29.6469380781919
"Lagoon_20294",714.753150293306,710.356977759167,719.149322827445,85.3436597365141,0,161.003579737488
"Lagoon_20295",1075.00102589677,1069.63179252969,1080.37025926385,71.9443413054186,0,135.569393882431
"Lagoon_20296",3876.46450052767,3850.00735545984,3902.9216455955,51.8925198080151,0,97.9625436281693
"Lagoon_20297",14948.0456607047,14915.5525972546,14980.5387241548,200.102891548122,0,376.008490971019
"Lagoon_20299",11957.6869660398,11930.0579935892,11985.3159384903,160.072279175728,0,300.829005072841
"Lagoon_20300",2466.98782967899,2452.93872916207,2481.0369301959,33.0244775362506,0,62.2735249608967
"Lagoon_20301",13138.9363248965,13109.1573106977,13168.7153390953,0,0,0
"Lagoon_20302",7357.01148183617,7329.24370676613,7384.77925690621,878.449132159543,0,1653.3087888596
"Lagoon_20303",2651.48385652058,2637.42914760952,2665.53856543164,257.570097860409,0,485.503872289648
"Lagoon_20304",1124.17458432638,1109.27285480925,1139.07631384351,415.820886939815,273.709493776285,544.0686872441
"Lagoon_20305",3279.8234394891,3260.95112049034,3298.69575848786,318.60817941492,0,600.827759545829
"Lagoon_20306",584.50684661258,581.339648202894,587.674045022265,69.7918622820991,0,131.568816049761
"Lagoon_20307",639.919880831021,632.641175034854,647.198586627188,76.4083439798234,0,144.895205961311
"Lagoon_20308",740.896306429243,736.656433706762,745.136179151723,88.4652306184171,0,166.821532645908
"Lagoon_20309",2077.06360507061,2068.90424039145,2085.22296974976,248.007594635296,0,466.840963376812
"Lagoon_20310",2885.63528690721,2863.40952199629,2907.86105181814,344.553467093399,0,651.013668317494
"Lagoon_20311",5199.69220802279,5167.76006718628,5231.62434885929,620.858771107199,0,1171.25918258044
"Lagoon_20312",1666.10077100917,1654.71542972213,1677.4861122962,198.937405493632,0,375.55659230512
"Lagoon_20313",4040.43797039437,4009.86620321934,4071.0097375694,0,0,0
"Lagoon_20314",3312.5535520566,3299.69051368442,3325.41659042879,304.17212847453,0,572.537371743346
"Lagoon_20315",17.9882180727378,16.0372959295802,19.9391402158954,0.672645546696198,0,1.39799567176484
"Lagoon_20316",430.795557748383,427.845682676747,433.745432820018,51.4382755520457,0,97.1071864522429
"Lagoon_20318",2475.16502796828,2456.73345735303,2493.59659858354,252.998415366063,0,477.904488848635
"Lagoon_20319",1055.80610755353,1050.13659009846,1061.47562500859,13.7719208184222,0,25.961013616252
"Lagoon_20320",6554.75703538959,6531.43340865218,6578.08066212701,0,0,0
"Lagoon_20321",6672.26602422595,6537.01506583174,6807.51698262015,0,0,0
"Lagoon_20322",500.409025100334,497.38929119202,503.428759008648,7.31403057942648,0,13.7965637355875
"Lagoon_20323",11577.7747736907,11529.9705747397,11625.5789726417,70.0272452917304,1.19422494449835,130.789610493986
"Lagoon_20324",3194.21065506306,3145.1460159382,3243.27529418793,19.3199278296425,0.325760746913943,36.4873623455518
"Lagoon_20325",12447.1639661783,12377.6470402125,12516.6808921442,0,0,0
"Lagoon_20326",8390.78706144122,8362.0288427983,8419.54528008414,50.7510048543564,0.866103115003815,94.7212220836564
"Lagoon_20327",3869.57638590264,3817.81665319807,3921.33611860721,23.4048234697445,0.395433089027919,44.1156543493931
"Lagoon_20328",7020.52687564667,6942.04303562838,7099.01071566496,42.4630956472973,0.719027069946846,79.8649984297058
"Lagoon_20329",2840.37749726054,2824.56317403496,2856.19182048611,17.1797962570289,0.292556149894609,32.1326117672573
"Lagoon_20330",4795.79641193687,4758.25834028539,4833.33448358836,29.0069912632138,0.492840009044377,54.375780852145
"Lagoon_20331",5632.76286741235,5592.39260931908,5673.13312550562,34.0693159693152,0.579236062241887,63.8236489994618
"Lagoon_20332",5720.5389790554,5694.90192612554,5746.17603198527,34.6002227645268,0.58985353800908,64.6453933022878
"Lagoon_20333",733.89776292378,729.666980092938,738.128545754621,4.43892195762009,0.0755757790668463,8.30406341231899
"Lagoon_20334",1907.0948084936,1876.01859746899,1938.17101951822,11.5349105125488,0.194309967308034,21.8047319028205
"Lagoon_20335",2487.56975181073,2471.79800383797,2503.34149978349,0,0,0
"Lagoon_20336",1552.97499151457,1543.52345931329,1562.42652371585,0,0,0
"Lagoon_20337",1710.10454649634,1696.56161642316,1723.64747656953,0,0,0
"Lagoon_20338",857.269906314436,845.165115112056,869.374697516816,64.3037528498154,0,122.27199815782
"Lagoon_20339",28776.0039097276,28602.5601981417,28949.4476213135,24.2200118571092,0,45.686240446503
"Lagoon_20340",8224.26419645683,8145.12280411183,8303.40558880183,163.133811205998,0,308.819313649208
"Lagoon_20341",6810.04058043038,6734.02315328454,6886.05800757623,0,0,0
"Lagoon_20342",2833.46343174146,2804.30455421161,2862.62230927131,17.1379770843872,0.290457848864496,32.2049557877557
"Lagoon_20343",1294.60094851775,1285.8070882579,1303.3948087776,154.579217733463,0,291.804807935284
"Lagoon_20344",869.952988317332,862.227018676502,877.678957958161,0,0,0
"Lagoon_20345",2711.0339638544,2660.52666426415,2761.54126344466,323.705547922914,0,618.255506741341
"Lagoon_20346",17699.8224497485,17625.0969769253,17774.5479225717,0,0,0
"Lagoon_20347",1256.20012111682,1235.91239349679,1276.48784873686,138.9746066482,0,264.785732116812
"Lagoon_20348",3008.27736375281,2987.95453168888,3028.60019581674,359.197297164515,0,678.044819958972
"Lagoon_20349",1106.36161147579,1102.92089150039,1109.80233145119,91.6983013035395,0,172.469020618799
"Lagoon_20350",358.734000538247,354.584992967682,362.883008108811,42.8339105120295,0,81.2424645019727
"Lagoon_20351",819.65098496707,811.855591090007,827.446378844133,16.5624079625952,0,31.3498628035091
"Lagoon_20352",817.366282156295,808.762776280791,825.969788031799,97.5959739888113,0,184.918609260851
"Lagoon_20353",5328.08204441302,5277.85607154978,5378.30801727626,107.662737062766,0,203.770567818733
"Lagoon_20354",1645.12686738644,1609.96925808019,1680.2844766927,0,0,0
"Lagoon_20355",410.681628341566,403.389946027807,417.973310655326,0,0,0
"Lagoon_20356",4367.17837426571,4271.66703044091,4462.68971809051,521.454134240682,0,999.109638378473
"Lagoon_2061",6330.92515123173,6313.08145711089,6348.76884535257,580.962540545147,0,1092.37496582913
"Lagoon_213",3656.24982403082,3645.58994242886,3666.90970563278,436.567143167859,0,820.94993409689
"Lagoon_220",2620.54234218994,2609.80703430612,2631.27765007376,251.725113719376,0,473.918119229768
"Lagoon_224",14750.5049763151,14720.8604115393,14780.1495410909,1729.16614131468,0,3248.70244159347
"Lagoon_233",942.406427091527,927.500336692001,957.312517491052,191.07196032477,89.1123288459632,283.446996833192
"Lagoon_235",3011.10617495258,3000.52833023241,3021.68401967274,289.242051963041,0,544.23401782393
"Lagoon_2525",5924.93240001978,5880.816350774,5969.04844926556,707.454614927735,0,1336.35413043259
"Lagoon_258",872.636577796704,812.549236253641,932.723919339768,0,0,0
"Lagoon_2585",17651.2397913814,17570.1245557044,17732.3550270585,2107.61072135898,0,3969.93022993846
"Lagoon_2729",27316.1164437245,27276.8462666688,27355.3866207803,3215.17038554613,0,6037.11108121094
"Lagoon_274",149.398135122852,135.971748173223,162.82452207248,17.838583298251,0,36.4532512102568
"Lagoon_2744",85745.6256409272,85673.7374340527,85817.5138478016,10238.2836586182,0,19212.8762345825
"Lagoon_2826",7453.70833349812,7431.86194285585,7475.5547241404,889.995024895298,0,1673.6316546583
"Lagoon_2902",4415.70193389078,4405.38245751078,4426.02141027077,482.748082003856,85.5212909769772,832.086282644483
"Lagoon_3005",0,0,0,0,0,0
"Lagoon_3054",285.755024036469,282.749174399185,288.760873673754,16.7052878519443,0,31.6518943850879
"Lagoon_3308",36251.8121331465,36224.6158053084,36279.0084609846,0,0,0
"Lagoon_3319",4262.10198639465,4256.77035163271,4267.43362115659,0,0,0
"Lagoon_402",5403.52694528602,5345.62277190457,5461.43111866747,109.187226448948,0,206.919893129767
"Lagoon_4124",8445.04388789951,8434.28674314108,8455.80103265794,1008.36344930143,0,1893.08978343088
"Lagoon_4140",17964.3179588015,17795.9313613495,18132.7045562534,2144.99318911062,0,4059.56072154927
"Lagoon_4175",11428.6173393261,11237.1777031364,11620.0569755158,1364.61102559118,0,2601.50529302594
"Lagoon_4180",58962.4500483078,58598.4901057558,59326.4099908598,7040.29254308153,0,13282.0320875059
"Lagoon_4200",393.808810162972,387.196005563977,400.421614761967,47.021947482146,0,89.6466301705897
"Lagoon_4208",9182.45996228796,9153.85545057471,9211.06447400121,1096.41312982543,0,2062.17861358236
"Lagoon_4226",6305.29184052517,6265.52056079286,6345.06312025748,3331.47964301558,2289.02742544548,4257.59856049476
"Lagoon_4269",7310.61535997794,7275.53558972887,7345.69513022701,3845.78398718754,2643.02443283526,4910.49828029734
"Lagoon_4277",1453.39311180292,1448.47759736912,1458.30862623671,815.064735364181,571.157633222692,1030.26016113292
"Lagoon_4280",0,0,0,0,0,0
"Lagoon_4285",0,0,0,0,0,0
"Lagoon_4334",48069.5061785083,48008.9717566413,48130.0406003753,7680.25014070228,1731.42631448143,12899.7851305861
"Lagoon_4424",7460.47686505854,7325.82128849236,7595.13244162473,3242.2666972163,2062.72585039538,4317.73947043823
"Lagoon_4433",950.769380272316,939.033679404581,962.505081140052,113.524702122068,0,215.486212195534
"Lagoon_4507",209439.556516055,208439.907065537,210439.205966573,94868.9820212781,62111.526143868,123859.482035492
"Lagoon_4516",4891.604610027,4768.3786123515,5014.83060770251,2751.52759314019,1887.48320072247,3552.17168045594
"Lagoon_4541",7668.51207364527,7588.8106312349,7748.21351605563,3297.24583549535,2105.4524885357,4365.62324395391
"Lagoon_4567",23223.1441319976,23039.1367863407,23407.1514776544,13063.0185742486,9119.65831125986,16580.0656300052
"Lagoon_4582",71391.4893102449,71082.5805791975,71700.3980412923,8524.35693256655,0,16052.3279196923
"Lagoon_4585",7418.30381680746,7341.45950792864,7495.14812568628,2359.98495898655,1303.32536071388,3306.52553128349
"Lagoon_4616",7981.77200209992,7966.07368233331,7997.47032186653,4052.9090942863,2763.76337513927,5186.32629179226
"Lagoon_4675",769.235072813046,759.843316962604,778.626828663489,330.749579056751,210.812218190217,438.706467566457
"Lagoon_4685",12898.3133141052,12786.4086853334,13010.217942877,5545.91418144971,3547.48290531382,7330.42652253135
"Lagoon_4720",2075.36437326628,2039.73312768189,2110.99561885066,892.348668316669,565.90701735928,1189.41114909167
"Lagoon_4764",149984.036764354,149428.861651187,150539.21187752,17908.5417032064,0,33702.8086292955
"Lagoon_4788",11.0979028340033,10.0693854948362,12.1264201731703,4.77178800147014,2.79366738456593,6.83246294958761
"Lagoon_485",21686.6348002928,21589.952434564,21783.3171660215,0,0,0
"Lagoon_4862",3991.70758248819,3967.48338148435,4015.93178349203,1855.15142042855,1224.01302301641,2415.42818394468
"Lagoon_5137",8161.05531485562,8099.48545768117,8222.62517203007,4590.59361460629,3206.0463269988,5824.35949685463
"Lagoon_5172",519.779282276415,510.351289941719,529.20727461111,32.2066336694509,0,61.4827728679001
"Lagoon_5224",66.554885036109,63.4454189053197,69.6643511668983,37.4371228328113,25.1138116500224,49.3455820765529
"Lagoon_525",5984.15727727022,5957.87752179018,6010.43703275026,714.526242062116,0,1345.62023121274
"Lagoon_5258",3552.75439357642,3491.80683865041,3613.70194850242,984.7889926171,492.193401465479,1432.45233026009
"Lagoon_5473",7820.40689001565,7776.91924050517,7863.89453952614,3680.49054919878,2440.08348584263,4780.34313113044
"Lagoon_5623",14608.6309617439,14566.9915568811,14650.2703666068,8096.23834211263,5658.21175033992,10244.4766127697
"Lagoon_564",34753.8738857944,34706.5103523522,34801.2374192366,331.48709044064,0,622.385344027362
"Lagoon_5671",20529.3551058931,20509.7098382624,20549.0003735237,9559.34457894568,6343.80685082737,12379.4582332635
"Lagoon_5783",52508.4665320618,52379.4191711068,52637.5138930168,10207.4148896542,3509.07554944968,16100.3691976087
"Lagoon_5836",406.764585210599,403.904505602941,409.624664818256,203.947093702758,138.002415701389,262.627347285479
"Lagoon_5841",998.237319501314,961.192917845548,1035.28172115708,556.740417808221,376.370785344898,727.918000820219
"Lagoon_5912",15801.7564799665,15746.1556294794,15857.3573304536,8462.21587834376,5853.39006968161,10764.5973408445
"Lagoon_597",2998.85596921494,2987.47399427909,3010.23794415078,60.5968599979138,0,114.050346908124
"Lagoon_600",33811.0275447337,33731.1368693545,33890.9182201129,548.807926507819,0,1031.44627876316
"Lagoon_6082",9446.29179311723,9352.10633529608,9540.47725093838,0,0,0
"Lagoon_6133",3821.85881578292,3762.80952963292,3880.90810193291,1725.07130567888,1119.91047054258,2273.80595307725
"Lagoon_6185",5025.69416407792,4974.23503988775,5077.15328826808,0,0,0
"Lagoon_6207",3022.74418133799,2944.38849993164,3101.09986274434,0,0,0
"Lagoon_6222",425.79004248928,407.139618526265,444.440466452294,24.1825130621156,0,47.3282882090266
"Lagoon_6248",22519.2921938621,21505.8551280821,23532.7292596422,0,0,0
"Lagoon_6253",194.077614660182,142.980691268117,245.174538052247,0,0,0
"Lagoon_6254",4888.02176930938,4787.07222115941,4988.97131745934,0,0,0
"Lagoon_6262",1098.3562474409,1074.62153663993,1122.09095824186,0,0,0
"Lagoon_6304",6078.52579942425,5900.1703779251,6256.88122092341,0,0,0
"Lagoon_6323",8806.43909384913,8369.20402082462,9243.67416687363,671.815361250764,0,1322.19495165475
"Lagoon_6325",3063.96867023927,2910.80587996261,3217.13146051593,233.740470708022,0,460.171453375935
"Lagoon_6343",37630.2186345626,36838.1728051895,38422.2644639357,2870.6902593105,0,5495.83674069953
"Lagoon_6366",36253.4524111995,35456.7100346267,37050.1947877723,2765.66112235178,0,5299.57889274952
"Lagoon_6380",13350.0607379272,12970.8284611187,13729.2930147357,1018.4338734182,0,1963.80806875756
"Lagoon_6383",2350.46840470864,2340.92966502485,2360.00714439243,280.652943845807,0,528.359808446066
"Lagoon_6412",0,0,0,0,0,0
"Lagoon_6423",20655.2313844435,20529.676967755,20780.785801132,1173.10259261852,0,2212.93760097246
"Lagoon_6430",35848.3778785839,35775.0891298975,35921.6666272702,212.837864319114,0,399.886859959161
"Lagoon_6442",311.632867008213,290.515678259287,332.750055757139,37.2098945681449,0,74.496281139658
"Lagoon_6452",2790.75479190284,2757.64768754059,2823.86189626508,333.224452764518,0,632.207887223526
"Lagoon_6762",1195.38284500967,1189.16652932049,1201.59916069885,653.534600780486,454.570462184538,829.842085062554
"Lagoon_6779",594.55605509262,587.472275419398,601.639834765841,325.053145717038,224.566986350174,415.501334611788
"Lagoon_6814",90043.2347975561,89953.8391247736,90132.6304703386,15125.5038488355,10633.3057530468,19065.8407239736
"Lagoon_6827",36950.4593323963,36906.5382903128,36994.3803744798,7166.96229554148,4752.92335506494,9285.3209949913
"Lagoon_6905",32040.648234776,32008.8642081698,32072.4322613822,5281.41867840186,1299.10822467228,8773.50620230328
"Lagoon_6919",8255.84984883313,8229.55707156526,8282.142626101,2405.79317705384,1314.53604756943,3367.65939575553
"Lagoon_6952",106934.469869824,106759.047920706,107109.891818942,42895.2017708385,26869.2197644525,56972.6128027246
"Lagoon_6975",1629.45925036638,1591.25541711253,1667.66308362023,857.953199127176,586.006100880472,1109.0020552983
"Lagoon_6982",73163.8481628535,72890.8974200083,73436.7989056987,29749.4227549269,18701.9748802001,39501.480934757
"Lagoon_6985",17363.7569092679,17254.9124431079,17472.6013754279,8274.1639748155,5528.67240629874,10712.6874653996
"Lagoon_6986",104798.667677889,104343.803672111,105253.531683666,38694.5780651051,26559.6068122349,49424.9647997399
"Lagoon_6992",5002.19361230119,4896.2268288467,5108.16039575567,2251.98062944737,1446.88771878599,2991.08579337708
"Lagoon_7024",24152.9052486462,24043.7239903496,24262.0865069428,4624.45183688533,1547.83842998065,7343.3842932143
"Lagoon_7099",3417.50119544789,3407.6087325988,3427.39365829699,221.828683163966,0,417.13274832789
"Lagoon_7137",557.496701660478,556.290248145253,558.703155175703,0,0,0
"Lagoon_7140",6628.77931584969,6618.44558575073,6639.11304594865,0,0,0
"Lagoon_7356",25883.5325568968,25847.5060562719,25919.5590575218,5892.32076212365,2499.41270281569,8870.39634566399
"Lagoon_736",1728.99140198921,1698.88416837069,1759.09863560774,0,0,0
"Lagoon_7402",10962.016121477,10904.491587739,11019.5406552151,1308.89744734054,0,2467.06134071979
"Lagoon_742",18800.7560999323,18754.2845029279,18847.2276969367,65.5834598488069,0,123.272941227064
"Lagoon_7421",58029.607180195,57917.9093357024,58141.3050246876,6928.90832002329,0,13016.7100801539
"Lagoon_7502",87404.3582469094,87138.3405112518,87670.375982567,21809.1345379566,10128.773976016,32099.7940917435
"Lagoon_7509",70057.7713820481,69785.6331842118,70329.9095798843,13821.2143143276,4855.18906237474,21734.0183833533
"Lagoon_7517",7688.73751556829,7512.62960533339,7864.84542580319,0,0,0
"Lagoon_7540",1233.36276917425,1220.96546568247,1245.76007266602,147.267196319313,0,278.901508805825
"Lagoon_7559",443.727254969087,435.35334365313,452.101166285044,45.1020270633764,9.83302724707555,77.227328642344
"Lagoon_7572",1725.57574403867,1712.94015499664,1738.21133308071,206.038894810588,0,389.151790988218
"Lagoon_7575",3739.04032176186,3688.35360890606,3789.72703461766,446.452575732759,0,848.446351033804
"Lagoon_7585",5.44875574781615,4.67631275916088,6.22119873647142,0.553831044741329,0.105620667549788,1.06269701385353
"Lagoon_7588",0,0,0,0,0,0
"Lagoon_7589",0,0,0,0,0,0
"Lagoon_7592",1517.30914974073,1514.5847332525,1520.03356622895,118.410401132945,0,222.418151003703
"Lagoon_7600",29161.6694485665,29007.9896352248,29315.3492619082,3481.99038191839,0,6563.13789445706
"Lagoon_7604",25511.1370260366,25182.1422394302,25840.131812643,3046.10591355661,0,5785.10413715889
"Lagoon_7606",27072.4522210275,27040.7165220581,27104.1879199968,13959.8176236283,9571.80844637808,17810.3498903902
"Lagoon_7608",26376.6578012955,26345.3714492442,26407.9441533467,14413.9589359181,10051.0237598067,18242.6958810492
"Lagoon_7610",56767.7292727892,56697.9447252593,56837.513820319,31635.7508257768,22178.7483978667,39935.7750584507
"Lagoon_7611",9.51666764037326,9.4757252403202,9.55761004042633,0,0,0
"Lagoon_7623",115039.312731122,114935.141346064,115143.48411618,17012.9473946866,2924.72216137946,29364.3912453339
"Lagoon_7625",30269.7995270672,30214.0851356994,30325.513918435,4147.75554528785,475.672536753575,7373.60756404291
"Lagoon_7630",5684.5959289528,5669.44437283304,5699.74748507256,678.757722860036,0,1276.06286979237
"Lagoon_7631",12316.1445629326,12300.3372590763,12331.951866789,0,0,0
"Lagoon_7636",52668.924141821,52587.7718243692,52750.0764592728,6288.82676320251,0,11809.718610285
"Lagoon_7645",62931.5725543086,62854.4473383928,63008.6977702243,326.806570431665,0,613.513284842502
"Lagoon_7648",9357.9276764772,9268.44755052821,9447.40780242619,3947.97687009804,2553.33780211973,5195.92945868072
"Lagoon_7649",30436.4873042533,30385.676026613,30487.2985818936,3634.20743931383,0,6825.51460788662
"Lagoon_7669",26282.6464449243,26249.1499640508,26316.1429257977,299.77466054194,0,562.793840192629
"Lagoon_7670",32508.8128961278,32448.0937292324,32569.5320630231,13.5471036474742,0,25.4482623691134
"Lagoon_7673",89569.6540677917,89504.0930112747,89635.2151243088,6073.83966528965,1527.664336121,10058.1206694718
"Lagoon_7675",35050.9703912256,35007.8538898755,35094.0868925757,8401.20244799391,3761.67104872282,12472.0617213476
"Lagoon_7676",114063.438523072,113935.651207667,114191.225838477,2124.91256754501,0,3988.6746472414
"Lagoon_7692",3246.84366641128,3238.83210274677,3254.85523007579,387.682825840153,0,728.69893210652
"Lagoon_7694",201277.50347666,201041.63730434,201513.369648981,34314.9921529051,9174.36240227832,56369.6042379771
"Lagoon_7704",1147.08472744751,1134.96447269409,1159.20498220094,645.235159189227,449.256770441411,821.103529058998
"Lagoon_7706",2779.69795631843,2753.34014894244,2806.05576369442,1563.58010042912,1089.86380895638,1987.62283261688
"Lagoon_7708",6527.73333375484,6514.63793756538,6540.8287299443,779.430845821474,0,1464.3646410323
"Lagoon_7722",9426.03015946954,9400.9731291,9451.08718983909,2776.74549375736,1471.19481868825,3926.08017309812
"Lagoon_7725",88932.169963646,88791.9439155907,89072.3960117013,28415.7616107899,15873.5803127771,39430.3100849037
"Lagoon_7731",67224.25743098,67119.1013836861,67329.413478274,23750.4751285537,14024.5313071738,32291.8840969237
"Lagoon_7738",11111.5793678193,11083.2764750002,11139.8822606385,3782.25833089256,2189.22898548823,5184.43929362867
"Lagoon_7758",900.048005659314,893.272671509517,906.823339809112,265.138579189571,139.791711767867,376.703871566736
"Lagoon_7806",124.031640517862,122.388183595003,125.675097440722,41.1444106740485,23.213910109761,57.310290462247
"Lagoon_7855",8489.18636840372,8465.36547184366,8513.00726496378,787.158700723598,54.322292806943,1432.2645351005
"Lagoon_7929",2933.89312667446,2911.66986731545,2956.11638603348,350.315597214861,0,661.817101350778
"Lagoon_7955",548465.442354883,548174.70092911,548756.183780657,110399.63428249,52673.4541743055,160970.882428577
"Lagoon_7963",181543.455525296,181414.891428163,181672.019622429,22525.9568133715,8721.09053400931,34624.3095801079
"Lagoon_80000",45.5716529308693,0,160.0335923401,23.9946751738416,0,106.422924729296
"Lagoon_80001",90.0737862367976,89.1333446876303,91.0142277859649,0,0,0
"Lagoon_80002",52.6000852740787,50.6270091160541,54.5731614321034,6.28060719690492,0,12.2178719624112
"Lagoon_80003",0,0,0,0,0,0
"Lagoon_80004",0,0,0,0,0,0
"Lagoon_80005",4157.54823360699,4101.03731027163,4214.05915694235,422.588089529228,92.6273157219714,719.840061696013
"Lagoon_80006",17.784130543125,17.4597937874035,18.1084672988465,1.03966333022912,0,1.98492021140815
"Lagoon_80007",191.758033185691,190.357486811554,193.158579559828,11.2102076003424,0,21.1726570917249
"Lagoon_80008",340.409341061296,335.128036477063,345.690645645529,19.9003886251669,0,37.8921273740407
"Lagoon_80009",749.45119631529,745.842157658119,753.060234972461,43.8130458340887,0,82.5450578525673
"Lagoon_80010",356.013098558848,353.380712355954,358.645484761741,20.8125869721512,0,39.3121438543393
"Lagoon_80011",2496.55692988187,2484.39986985865,2508.71398990508,298.096349836641,0,561.652385799645
"Lagoon_80012",0,0,0,0,0,0
"Lagoon_80013",79.7581907454043,77.5840320365472,81.9323494542614,4.94198772260681,0,9.51881856826618
"Lagoon_80014",0,0,0,0,0,0
"Lagoon_80015",1371.75958895806,1361.67787109213,1381.84130682398,27.3961996633037,0,51.7454014666829
"Lagoon_80016",253.649303557396,245.590900210453,261.707706904339,5.06577611751531,0,9.80009085979293
"Lagoon_80017",141.230749434308,129.659554170782,152.801944697835,2.8206005201241,0,5.72192909144706
"Lagoon_80018",456.354832680053,440.445373421459,472.264291938647,9.11412481753649,0,17.6847408338886
"Lagoon_80019",238.04203056661,231.537251859954,244.546809273266,4.7540742927225,0,9.15747181731439
"Lagoon_80021",33.1324581044204,31.3853815449985,34.8795346638424,0.661707375600857,0,1.30612358686822
"Lagoon_80022",359.463186262608,352.206102819309,366.720269705907,7.17904602360963,0,13.7324651450151
"Lagoon_80023",0,0,0,0,0,0
"Lagoon_80024",0,0,0,0,0,0
"Lagoon_80025",0,0,0,0,0,0
"Lagoon_80026",53554.565431382,53246.261325245,53862.869537519,3421.59700301652,260.007554685719,6222.28603310159
"Lagoon_80027",0,0,0,0,0,0
"Lagoon_80028",0,0,0,0,0,0
"Lagoon_80029",0,0,0,0,0,0
"Lagoon_80030",0,0,0,0,0,0
"Lagoon_80031",0,0,0,0,0,0
"Lagoon_80032",0,0,0,0,0,0
"Lagoon_80033",0,0,0,0,0,0
"Lagoon_80034",11064.7498287634,11004.899032539,11124.6006249878,706.926002447583,53.7381745834818,1285.12364244682
"Lagoon_80035",0,0,0,0,0,0
"Lagoon_80036",0,0,0,0,0,0
"Lagoon_80037",0,0,0,0,0,0
"Lagoon_80038",0,0,0,0,0,0
"Lagoon_80039",0,0,0,0,0,0
"Lagoon_80040",0,0,0,0,0,0
"Lagoon_80041",0,0,0,0,0,0
"Lagoon_80042",0,0,0,0,0,0
"Lagoon_80043",0,0,0,0,0,0
"Lagoon_80044",1609.58642708468,1595.93958657142,1623.23326759793,97.8891917777313,0,185.098393084993
"Lagoon_80045",21555.5543235787,21498.5411012012,21612.5675459561,5212.46351411333,2408.06867063023,7680.98334219592
"Lagoon_8046",1461.9493867741,1445.46728504177,1478.43148850643,174.561120808848,0,330.992124292485
"Lagoon_8049",39864.7518082277,39714.1775308693,40015.3260855862,4759.97036516152,0,8958.65509378795
"Lagoon_8070",575953.736888288,575548.27951429,576359.194262285,32853.043209028,3073.91088703395,58949.3589097012
"Lagoon_8078",2184.64409941995,2175.95422308851,2193.33397575139,260.853026796412,0,491.044919944341
"Lagoon_8082",1583.6915345466,1571.22883742067,1596.15423167254,189.097496662281,0,357.347962314747
"Lagoon_8088",21588.4418710324,21526.7333736097,21650.150368455,2577.72440251133,0,4847.04858995262
"Lagoon_8092",443.635501617376,440.44105500552,446.829948229233,68.3992813276662,13.6829972822212,117.025827577836
"Lagoon_8095",15781.7648217059,15738.665631605,15824.8640118067,5508.30721887259,3228.52512019692,7515.85010924685
"Lagoon_8102",2663.74498554275,2647.18703452836,2680.30293655715,797.734728646459,425.846588189228,1127.77314698472
"Lagoon_8103",181032.817844073,180934.353272574,181131.282415573,21070.4668096848,0,39528.6133729514
"Lagoon_8110",12182.9318733595,12161.7432186689,12204.12052805,1454.67843263994,0,2732.26578986195
"Lagoon_8111",897.702789151934,888.259902613672,907.145675690197,245.404440109378,122.174196563575,355.79811041592
"Lagoon_8118",86142.4247783422,86048.6185258196,86236.2310308649,4500.88192088394,940.663619152524,7623.4683246606
"Lagoon_8129",79294.1177734027,79179.0135466614,79409.2220001439,9467.95436100331,0,17778.184029883
"Lagoon_8131",118266.674577923,118035.916280721,118497.432875125,14121.3939794535,0,26529.276016819
"Lagoon_8132",30505.8186813603,30386.6884092,30624.9489535207,3642.48581269974,0,6856.33185526583
"Lagoon_8136",20628.0446445151,20465.6173895067,20790.4718995235,2463.05010680777,0,4654.58326108735
"Lagoon_8140",25148.226010392,25088.4473819772,25208.0046388068,3000.71674765832,0,5639.71801108296
"Lagoon_8141",87566.6736739725,87424.7998917587,87708.5474561863,997.371055602151,0,1873.10058063739
"Lagoon_8144",56027.7120433322,55936.6619219727,56118.7621646917,5505.66711556092,356.779203656121,10026.7037565206
"Lagoon_8147",63486.086394397,63426.4009078277,63545.7718809662,1374.45019326319,0,2579.51692852817
"Lagoon_8158",184221.272108184,183920.6107705,184521.933445869,12474.6806263609,0,23428.2002488841
"Lagoon_8159",54866.0651611717,54806.2303882496,54925.8999340937,509.832459643088,0,956.978367887177
"Lagoon_8208",187632.455884639,187302.040980808,187962.87078847,22403.8753295091,0,42081.239728762
"Lagoon_8211",12787.2692349688,12763.4599302388,12811.0785396988,1511.98340088021,0,2840.24745776447
"Lagoon_8214",4229.35496917353,4217.47638642223,4241.23355192482,504.997608259526,0,949.529899684661
"Lagoon_8254",7807.63848190388,7782.98348277971,7832.29348102806,932.255341122852,0,1753.49854052867
"Lagoon_8296",1143762.92785635,1143105.46498647,1144420.39072624,606367.573407724,419445.740274533,770155.53674332
"Lagoon_8312",27674.3741500914,27591.6646762443,27757.0836239385,3304.40288359301,0,6214.27245312057
"Lagoon_8318",3431.74608545184,3413.5160559164,3449.97611498729,518.092678994917,96.2624503579087,891.454836287142
"Lagoon_8323",2798.23577096505,2787.54429556458,2808.92724636552,906.645786856258,509.504244711097,1257.22002421062
"Lagoon_8324",182.047513828499,180.752191432571,183.342836224426,12.386104568125,2.39465359392454,21.2638381149272
"Lagoon_8338",1908152.58089672,1907451.49225265,1908853.66954079,98710.5923525842,8372.01338280963,177819.466427827
"Lagoon_8339",7761.61292597272,7735.56282680943,7787.663025136,926.759752354951,0,1743.50664741851
"Lagoon_8345",7978.09524223506,7925.36232734389,8030.82815712623,739.767842593348,50.8570899128974,1351.14067202518
"Lagoon_8367",6953.13417647742,6872.72522523753,7033.54312771732,212.183948474631,0,402.44574822131
"Lagoon_8377",145756.291628834,145588.3880906,145924.195167068,17245.3069383674,0,32372.1986620811
"Lagoon_8402",430003.842307971,429573.72869854,430433.955917402,43983.9683297706,0,82552.4316110482
"Lagoon_8405",332897.002783209,332583.99068426,333210.014882157,0,0,0
"Lagoon_8414",439411.610113604,438965.202704706,439858.017522502,51983.90245135,0,97568.8387140406
"Lagoon_8440",1130878.29070238,1130509.47651536,1131247.10488941,16040.9477530077,0,30086.5859987932
"Lagoon_8453",128481.946425721,128337.205119247,128626.687732194,11062.5993256531,0,20765.7410518441
"Lagoon_8458",477559.208845155,477053.181964983,478065.235725327,23155.1314207323,0,43461.8753387363
"Lagoon_8474",89236.7357229447,89124.3397314401,89349.1317144493,33414.7595388143,22133.9032642816,43315.5730293126
"Lagoon_8475",12964.6957513184,12934.7404621559,12994.651040481,1116.29095344341,0,2097.88157748048
"Lagoon_8480",78958.8383452361,78799.6961329414,79117.9805575308,44267.3497627003,31088.3126774237,55856.4227203389
"Lagoon_8481",593.21096497298,589.753459907223,596.668470038736,70.8311599967737,0,133.582493292254
"Lagoon_8490",49594.2957304825,49422.8690129272,49765.7224480378,19513.8407455044,12100.3353189827,26053.6799314444
"Lagoon_8509",3124.51732933092,3074.64273794463,3174.39192071722,373.076696039513,0,710.684758369526
"Lagoon_8512",165509.294108515,164886.270855099,166132.31736193,19762.303774151,0,37193.802394462
"Lagoon_8513",19364.3598580203,19324.1369498843,19404.5827661563,2312.1623711069,0,4344.3095745126
"Lagoon_8518",9209.63540459205,9176.62013810106,9242.65067108303,1099.65795875726,0,2069.25015024247
"Lagoon_8553",34506.6364944937,34296.783703032,34716.4892859554,4120.1954023276,0,7772.34834760195
"Lagoon_8558",0,0,0,0,0,0
"Lagoon_8560",2622.75604156036,2597.46793241505,2648.04415070567,181.14080779425,0,342.913748647987
"Lagoon_8566",13453.296605698,13385.4467434959,13521.1464679,0,0,0
"Lagoon_8567",26957.9678094952,26746.5067575662,27169.4288614243,3218.86182799943,0,6082.70795405021
"Lagoon_8577",17440.5442638657,17362.862470444,17518.2260572874,0,0,0
"Lagoon_8578",343.885358869996,330.348831910138,357.421885829854,41.0609383725368,0,80.0198251857883
"Lagoon_8582",7146.59010531061,7059.69342202703,7233.48678859419,853.324191678879,0,1619.43734073004
"Lagoon_8583",127014.005804359,126559.199309605,127468.812299112,15165.8514393264,0,28537.7937983086
"Lagoon_8585",49682.7581271193,49515.3088492258,49850.2074050127,5932.26962711872,0,11160.4941951521
"Lagoon_8591",10847.0014800959,10779.4184247141,10914.5845354777,1411.97162788504,103.697682729687,2572.06868834623
"Lagoon_8593",43858.334193519,43775.9806692013,43940.6877178366,5236.81602310674,0,9837.46739951566
"Lagoon_8602",524.567681365893,522.861146880806,526.274215850981,62.6349470287634,0,117.822585638279
"Lagoon_8607",141.25123209097,138.924375655633,143.578088526307,16.8658187571308,0,32.1443481775315
"Lagoon_8613",10396.9682974051,10316.7695852674,10477.1670095428,1071.9318763778,0,2025.37574603584
"Lagoon_8658",39378.6597374849,39297.2581990228,39460.0612759471,4701.92952089373,0,8834.34207670457
"Lagoon_8687",38641.9992345823,38463.9972136328,38820.0012555319,93.7382584494989,0,176.568858824935
"Lagoon_8712",30.6218524993859,24.007380736075,37.2363242626967,3.6563405969416,0,8.33649050657389
"Lagoon_880",2642.18261911543,2604.8521415545,2679.51309667635,0,0,0
"Lagoon_950",10508.7477539571,10473.9813924861,10543.514115428,1004.02567784566,0,1888.77622858867
"OpenCoast_40001",214.371691846209,205.555987900733,223.187395791686,79.2939355515615,50.7202760322381,106.603281941735
"OpenCoast_40002",4920.97838735188,4832.31001227867,5009.6467624251,587.579508937539,0,1121.56270800562
"OpenCoast_40003",0,0,0,0,0,0
"OpenCoast_40004",1342.60152696754,1279.0462425262,1406.15681140888,755.213358919242,506.289137666622,996.027741414623
"OpenCoast_40005",0,0,0,0,0,0
"OpenCoast_40006",0,0,0,0,0,0
"OpenCoast_40007",318.288931440772,302.323078203087,334.254784678458,167.587502979888,111.335469063446,222.280655392931
"OpenCoast_40008",806.607383538754,798.35092725003,814.863839827479,123.158278486746,70.3792419134199,170.429912385236
"OpenCoast_40009",1053.05126219017,1012.32937500623,1093.77314937411,0,0,0
"OpenCoast_40010",0,0,0,0,0,0
"OpenCoast_40011",91.1818766374689,89.4416526751289,92.9221005998088,13.922266501695,7.88479789513359,19.4347873716306
"OpenCoast_40012",0,0,0,0,0,0
"OpenCoast_40013",4.4140314008294,4.16351323119657,4.66454957046223,0.448657957043161,0.0940384164788558,0.796792243662272
"OpenCoast_40015",0,0,0,0,0,0
"OpenCoast_40016",0,0,0,0,0,0
"OpenCoast_40017",336.805673804989,329.258864700084,344.352482909894,68.2870134290524,31.6345159843815,101.958007807805
"OpenCoast_40018",306.296748319358,297.024553990273,315.568942648443,46.5682790957692,12.4017163419451,78.4297299708709
"OpenCoast_40019",29.9225807947122,26.2742595956342,33.5709019937902,16.8314516970256,10.4002277566052,23.779388912268
"OpenCoast_40021",0,0,0,0,0,0
"OpenCoast_40022",45.6790605382457,45.641338695185,45.7167823813064,5.45421618367113,0,10.2351005331283
"OpenCoast_40023",0,0,0,0,0,0
"OpenCoast_40024",0,0,0,0,0,0
"OpenCoast_40025",16.1791936179469,15.6198210658265,16.7385661700673,0.945838441551422,0,1.83476148216451
"OpenCoast_40026",129.567470607435,113.24553882867,145.889402386201,15.4707427590968,0,32.6618065043734
"OpenCoast_40027",49.3968196831068,49.3968196831068,49.3968196831068,5.89812772335604,0,11.0589894812926
"OpenCoast_40028",0,0,0,0,0,0
"OpenCoast_40029",0,0,0,0,0,0
"OpenCoast_40030",123.978817874207,113.795794175367,134.161841573047,69.7380850542415,45.0441685277495,95.031304447575
"OpenCoast_40031",0,0,0,0,0,0
"OpenCoast_40033",187.026862515156,182.846096296381,191.207628733931,18.1681390071779,0,34.8267495978293
"OpenCoast_40034",62.9285359436511,60.8157380145037,65.0413338727986,6.11299560484151,0,11.8466938965537
"OpenCoast_40035",0,0,0,0,0,0
"OpenCoast_40036",74.5669313342706,52.0463605093911,97.08750215915,3.59381256760087,0,8.77351760961257
"OpenCoast_40037",0,0,0,0,0,0
"OpenCoast_40038",41.0415886003939,40.3376645326841,41.7455126681037,2.39929832828821,0,4.57584346941345
"OpenCoast_40039",5595.45052265184,5517.807358318,5673.09368698568,111.749960385656,0,212.438656263568
"OpenCoast_40041",0,0,0,0,0,0
"OpenCoast_40042",154.57971624895,150.320766201994,158.838666295905,15.0161625700878,0,28.9310342592988
"OpenCoast_40043",0,0,0,0,0,0
"OpenCoast_40045",0,0,0,0,0,0
"OpenCoast_40046",1435.64762100855,1408.29279131613,1463.00245070097,28.67214429401,0,54.7846187434214
"OpenCoast_40047",136.351957058598,135.084948310643,137.618965806552,8.71151588793866,0.659635178337763,15.8978638936331
"OpenCoast_40048",0,0,0,0,0,0
"OpenCoast_40049",0,0,0,0,0,0
"OpenCoast_40050",843.970303280654,797.54039033602,890.400216225288,40.6758200765324,0,80.4628999914915
"OpenCoast_40051",159.171582241385,155.61453485519,162.728629627579,10.8844254285045,0.397370076956613,20.5007727774322
"OpenCoast_40052",0,0,0,0,0,0
"OpenCoast_40053",0,0,0,0,0,0
"OpenCoast_40054",0,0,0,0,0,0
"OpenCoast_40055",96.8807655466061,93.1615863666544,100.599944726558,35.835222054177,22.9873205075387,48.0505820365313
"OpenCoast_40056",0,0,0,0,0,0
"OpenCoast_40057",0,0,0,0,0,0
"OpenCoast_40058",60.5803099997759,58.6809796185386,62.4796403810132,22.4080481683281,14.4793421709113,29.8427906088928
"OpenCoast_40059",22.9507784906592,20.2960963760803,25.6054606052381,8.48926243396942,5.00799622080982,12.2301984234625
"OpenCoast_40060",0,0,0,0,0,0
"OpenCoast_40061",332.044766537704,326.647351311239,337.442181764169,32.2554492650706,0,61.4620580039673
"OpenCoast_40062",0,0,0,0,0,0
"OpenCoast_40063",0,0,0,0,0,0
"OpenCoast_40064",96.5041131489603,93.0647169759652,99.9435093219554,35.6959021155832,22.9634182982914,47.7370420704184
"OpenCoast_40065",1461.89284278647,1440.35188079984,1483.4338047731,142.01100325463,0,270.194123560196
"OpenCoast_40066",0,0,0,0,0,0
"OpenCoast_40067",2552.89275280699,2527.05634474163,2578.72916087236,247.99277376348,0,469.692320128569
"OpenCoast_40068",215.338939333635,206.738886767736,223.938991899533,20.9184270690243,0,40.788472968973
"OpenCoast_40069",11.6517829225951,10.7005310440233,12.6030348011669,4.30987746641408,2.64032147050122,6.01971660390841
"OpenCoast_40070",7.47384397544751,7.47384397544751,7.47384397544751,2.76449981528678,1.84414685910118,3.56980865194919
"OpenCoast_40071",0,0,0,0,0,0
"OpenCoast_40072",14.9400148263256,13.0970051356343,16.7830245170169,5.52616141886823,3.23164371157022,8.01624790717346
"OpenCoast_40073",168.967361095611,164.659058375198,173.275663816025,62.4993296719635,40.629090776142,82.7634301565207
"OpenCoast_40074",0,0,0,0,0,0
"OpenCoast_40075",0,0,0,0,0,0
"OpenCoast_40077",0,0,0,0,0,0
"OpenCoast_40078",165.053140973326,157.299261117577,172.807020829075,9.64903500865505,0,18.9418652973855
"OpenCoast_40082",27.2792728943502,24.9244061338101,29.6341396548903,2.64995955818449,0,5.39759196922053
"OpenCoast_40083",0,0,0,0,0,0
"OpenCoast_40084",0,0,0,0,0,0
"OpenCoast_40085",0,0,0,0,0,0
"OpenCoast_40086",880.804783164128,816.851236199472,944.758330128784,105.170720377806,0,211.513058984056
"OpenCoast_40087",57.2950294307211,55.8668320950648,58.7232267663774,3.3494772746451,0,6.43681863097885
"OpenCoast_40088",87.765336982721,82.7741241135657,92.7565498518762,5.13077669469823,0,10.1673072327443
"OpenCoast_40089",84.8594884125629,75.0577686517046,94.6612081734212,10.1324762283657,0,21.1928078000197
"OpenCoast_40090",211.048872556637,207.049453745393,215.04829136788,50.9859735030989,31.5046189292633,68.7788090935271
"OpenCoast_40091",111.896585148016,110.17098661774,113.622183678292,6.54149361275498,0,12.454448249286
"OpenCoast_40092",47.3869388568873,45.1197269487997,49.6541507649749,2.7702485956144,0,5.44273161318209
"OpenCoast_40093",0,0,0,0,0,0
"OpenCoast_40094",0,0,0,0,0,0
"OpenCoast_40095",0,0,0,0,0,0
"OpenCoast_40096",0,0,0,0,0,0
"OpenCoast_40097",0,0,0,0,0,0
"OpenCoast_40099",0,0,0,0,0,0
"OpenCoast_40101",0,0,0,0,0,0
"OpenCoast_40102",0,0,0,0,0,0
"OpenCoast_40103",0,0,0,0,0,0
"OpenCoast_40104",0,0,0,0,0,0
"OpenCoast_40105",9.32749438668893,7.17380678093088,11.481181992447,0.545286926073948,0,1.25848476359537
"OpenCoast_40106",430.106121629225,424.087502043762,436.124741214689,41.7813125906697,0,79.4361985255179
"OpenCoast_40108",145.86870415408,140.792520815713,150.944887492447,14.1699585729482,0,27.4932534574082
"OpenCoast_40111",532.07263925669,523.049170512399,541.096108000981,51.6865307043699,0,98.5557887333712
"OpenCoast_40115",0,0,0,0,0,0
"OpenCoast_40116",0,0,0,0,0,0
"OpenCoast_40117",0,0,0,0,0,0
"OpenCoast_40119",1876.63993636169,1864.75887908418,1888.5209936392,182.300311151708,0,343.977111118499
"OpenCoast_40120",0,0,0,0,0,0
"OpenCoast_40121",0,0,0,0,0,0
"OpenCoast_40122",0,0,0,0,0,0
"OpenCoast_40123",6502.33204089953,6102.69153444789,6901.97254735116,3510.98163526544,2318.83939712323,4692.97018753183
"OpenCoast_40125",0,0,0,0,0,0
"OpenCoast_40126",0,0,0,0,0,0
"OpenCoast_40127",0,0,0,0,0,0
"OpenCoast_40128",14.4979319451244,14.4922928465093,14.5035710437396,0.0876895825311003,0.00150104959141815,0.163167478544211
"OpenCoast_40129",0,0,0,0,0,0
"OpenCoast_40130",0,0,0,0,0,0
"OpenCoast_40131",151.713408130012,151.689638749257,151.737177510766,57.330309873584,35.0268246721556,76.853095799049
"OpenCoast_40132",0,0,0,0,0,0
"OpenCoast_40133",0,0,0,0,0,0
"OpenCoast_40135",0,0,0,0,0,0
"OpenCoast_40136",0,0,0,0,0,0
"OpenCoast_40137",181.15484238644,181.096087571125,181.213597201755,101.899598842372,71.6838679969037,128.359631351243
"OpenCoast_40138",0,0,0,0,0,0
"OpenCoast_40139",0,0,0,0,0,0
"OpenCoast_40140",654.298189275398,627.854640032627,680.741738518169,157.417060522717,84.1755588922266,227.227999439775
"OpenCoast_40141",0,0,0,0,0,0
"OpenCoast_40142",0,0,0,0,0,0
"OpenCoast_40143",0,0,0,0,0,0
"OpenCoast_40145",26.2103839113212,25.2705383997896,27.1502294228528,2.29001390088371,0.353759766981984,4.11517702843027
"OpenCoast_40147",0,0,0,0,0,0
"OpenCoast_40149",0,0,0,0,0,0
"OpenCoast_40150",113.540180879407,101.723934246328,125.356427512486,63.8663517446663,40.2657239725048,88.7941361546773
"OpenCoast_40151",220.974811234279,191.648130533833,250.301491934725,119.133441887491,71.8590933728917,170.900509712172
"OpenCoast_40152",0,0,0,0,0,0
"OpenCoast_40153",0,0,0,0,0,0
"OpenCoast_40157",257.575991428067,248.772010420033,266.379972436101,144.886495178288,98.4722541245963,188.685813808905
"OpenCoast_40158",0,0,0,0,0,0
"OpenCoast_40159",0,0,0,0,0,0
"OpenCoast_40161",0,0,0,0,0,0
"OpenCoast_40162",0,0,0,0,0,0
"OpenCoast_40163",273.440657464323,273.361034875382,273.520280053265,153.810369823682,108.205409638172,193.743531704396
"OpenCoast_40164",0,0,0,0,0,0
"OpenCoast_40165",0,0,0,0,0,0
"OpenCoast_40166",0,0,0,0,0,0
"OpenCoast_40167",0,0,0,0,0,0
"OpenCoast_40168",0,0,0,0,0,0
"OpenCoast_40169",0,0,0,0,0,0
"OpenCoast_40171",125.487825636952,125.45128511057,125.524366163333,70.5869019207854,49.6578003562674,88.9130926990277
"OpenCoast_40172",491.994846180149,474.74772581818,509.241966542118,276.747100976334,187.92097480303,360.713059634
"OpenCoast_40174",119.342637911222,116.47314221912,122.212133603324,14.2498672132802,0,27.3609254335801
"OpenCoast_40175",8.3450810148539,7.7046606517543,8.9855013779535,0.729113758603195,0.107856782222833,1.36193798894232
"OpenCoast_40176",367.140566916205,362.087806053419,372.193327778992,173.099609369236,118.415627602336,222.523107055859
"OpenCoast_40178",0,0,0,0,0,0
"OpenCoast_40181",0,0,0,0,0,0
"OpenCoast_40182",0,0,0,0,0,0
"OpenCoast_40183",4587.58490915636,4524.17394381988,4650.99587449284,547.77133243658,0,1041.26773309541
"OpenCoast_40184",961.700689921507,945.345729718776,978.055650124237,506.360734909724,348.139185638561,650.410587628565
"OpenCoast_40185",2849.4722811115,2778.38341186185,2920.56115036114,340.235496252119,0,653.85697396145
"OpenCoast_40186",1996.25882995579,1947.4253324495,2045.09232746207,718.17638613909,450.75670388137,965.328850111309
"OpenCoast_40187",20.5508625730647,19.3386480533498,21.7630770927797,7.39340209460294,4.47617945027213,10.27265415001
"OpenCoast_40189",329.781729587425,317.400300807936,342.163158366915,118.642656561244,73.4663922766089,161.508585104656
"OpenCoast_40191",0,0,0,0,0,0
"OpenCoast_40192",2054.94147346524,2022.02317563263,2087.85977129785,1081.9807925741,744.643445860228,1388.43439078685
"OpenCoast_40193",0,0,0,0,0,0
"OpenCoast_40195",230.895265019769,136.361327639946,325.429202399593,0,0,0
"OpenCoast_40196",0,0,0,0,0,0
"OpenCoast_40197",155.163194721267,152.107738115561,158.218651326972,37.4849030884619,23.1446943657032,50.6030080287284
"OpenCoast_40198",0,0,0,0,0,0
"OpenCoast_40200",0,0,0,0,0,0
"OpenCoast_40201",0,0,0,0,0,0
"OpenCoast_40202",0,0,0,0,0,0
"OpenCoast_40203",52.1587511581887,48.6419555098827,55.6755468064947,7.50524786217314,1.60739258163564,13.4113222204757
"OpenCoast_40204",0,0,0,0,0,0
"OpenCoast_40205",19.2062320289451,17.0996143424333,21.3128497154569,7.10419230998124,4.21927460421084,10.1798747153235
"OpenCoast_40206",0,0,0,0,0,0
"OpenCoast_40207",0,0,0,0,0,0
"OpenCoast_40208",0,0,0,0,0,0
"OpenCoast_40209",147.76835450849,147.700851921263,147.835857095716,0,0,0
"OpenCoast_40210",215.295361169603,202.567492035994,228.023230303212,25.7069087963705,0,51.049976933555
"OpenCoast_40212",275.507586654771,271.411143706064,279.604029603478,129.896448188158,88.7611247407757,167.166772666192
"OpenCoast_40213",0,0,0,0,0,0
"OpenCoast_40214",0,0,0,0,0,0
"OpenCoast_40216",0,0,0,0,0,0
"OpenCoast_40217",0,0,0,0,0,0
"OpenCoast_40218",194.018174809784,182.034124163271,206.002225456297,3.8748485508572,0,7.71410422211676
"OpenCoast_40219",0,0,0,0,0,0
"OpenCoast_40220",0,0,0,0,0,0
"OpenCoast_40221",0,0,0,0,0,0
"OpenCoast_40222",0,0,0,0,0,0
"OpenCoast_40223",0,0,0,0,0,0
"OpenCoast_40224",0,0,0,0,0,0
"OpenCoast_40225",113.568427772935,113.568427772935,113.568427772935,14.6440121051687,0.968018518171037,26.6105064937917
"OpenCoast_40226",0,0,0,0,0,0
"OpenCoast_40227",0,0,0,0,0,0
"OpenCoast_40228",680.94597267219,665.539084033426,696.352861310954,13.5995636388588,0,26.0761190109644
"OpenCoast_40229",0,0,0,0,0,0
"OpenCoast_40230",0,0,0,0,0,0
"OpenCoast_40231",274.733803857188,243.853587992611,305.614019721764,43.4872467372118,19.0406226240806,69.8234294015895
"OpenCoast_40233",4075.83002287225,3961.95088802402,4189.70915772048,81.400745436094,0,156.89079587089
"OpenCoast_40234",19.0546975210232,19.017301113351,19.0920939286954,1.4536225552904,0,2.73089139159662
"OpenCoast_40235",0,0,0,0,0,0
"OpenCoast_40236",0,0,0,0,0,0
"OpenCoast_40238",1832.48942725956,1820.21792469249,1844.76092982662,117.077606397617,8.8883313084373,213.108404112709
"OpenCoast_40239",0,0,0,0,0,0
"OpenCoast_40240",0,0,0,0,0,0
"OpenCoast_40241",0,0,0,0,0,0
"OpenCoast_40242",0,0,0,0,0,0
"OpenCoast_40243",0,0,0,0,0,0
"OpenCoast_40244",0,0,0,0,0,0
"OpenCoast_40245",0,0,0,0,0,0
"OpenCoast_40246",0,0,0,0,0,0
"OpenCoast_40247",0,0,0,0,0,0
"OpenCoast_40249",32.30179726181,29.9923788434637,34.6112156801562,0.64511777019199,0,1.29607592548815
"OpenCoast_40250",611.164236650335,606.340720450785,615.987752849884,39.0472353501404,2.96083075331413,71.1594466471869
"OpenCoast_40251",76.8833197626983,73.5685524396692,80.1980870857274,6.71733277918976,1.02987888728465,12.1556735510104
"OpenCoast_40256",1624.68584592257,1608.31948168621,1641.05221015893,0,0,0
"OpenCoast_40257",1.90508464820959,1.90429242614735,1.90587687027184,1.0716101146179,0.753782418683325,1.34999611644255
"OpenCoast_40258",7.28440882592623,7.16688589536191,7.40193175649056,3.43445654302057,2.34382731775398,4.42539059606077
"OpenCoast_40259",0,0,0,0,0,0
"OpenCoast_40260",1333.38007961793,1152.4424892682,1514.31766996767,0,0,0
"OpenCoast_40261",165.128149344751,162.241856736685,168.014441952817,54.1560793933013,31.5586769610452,74.7211774498834
"OpenCoast_40262",0,0,0,0,0,0
"OpenCoast_40263",326.82615980583,326.184736645134,327.467582966527,24.9325331471957,0,46.8402474181284
"OpenCoast_40264",20.2806684148623,19.4217820985175,21.139554731207,6.65132803330491,3.77785214976732,9.4014086046581
"OpenCoast_40265",385.82897406298,355.556796563373,416.101151562586,46.0691312314006,0,93.1569742304297
"OpenCoast_60001",67298.5106923753,67163.444223913,67433.5771608375,0,0,0
"OpenCoast_60002",209.879003843403,207.537045925698,212.220961761108,25.0601795633914,0,47.5121556181586
"OpenCoast_60003",19562.2526838854,19506.9978871887,19617.5074805821,2335.79136524005,0,4391.97928669749
"OpenCoast_60005",619.4728942056,617.1206301955,621.8251582157,73.9669127409671,0,139.214587660231
"OpenCoast_60008",971.609108605917,966.405931483712,976.812285728122,116.013027893244,0,218.689317700326
"OpenCoast_60009",67.5065066730691,65.31468475226,69.6983285938783,0,0,0
"OpenCoast_60010",26.2569759371838,25.5125030650993,27.0014488092684,3.1351613059324,0,6.04510047968695
"OpenCoast_60011",3270.06507620029,3258.68326297843,3281.44688942214,390.455531486601,0,734.652288676598
"OpenCoast_60012",3630.24590377679,3611.70603406323,3648.78577349036,433.462197465886,0,816.892337348588
"OpenCoast_60015",163.003280242591,161.113781902177,164.892778583004,19.4630782379213,0,36.9162937126129
"OpenCoast_60016",331.942302762992,328.498521538063,335.386083987921,0,0,0
"OpenCoast_60019",0,0,0,0,0,0
"OpenCoast_60020",506.184254308537,502.34981952645,510.018689090625,60.4399109622134,0,114.183288602379
"OpenCoast_60021",772.256922939987,768.898780103855,775.615065776119,92.2097818435806,0,173.645163979728
"OpenCoast_60022",1238.31407439068,1231.57587814737,1245.05227063399,0,0,0
"OpenCoast_60024",2579.81724100602,2565.00461016041,2594.62987185163,308.037879523107,0,580.887284742903
"OpenCoast_60026",987.133864298358,981.966013023217,992.301715573499,117.866730065476,0,222.15710050153
"OpenCoast_60027",5564.55065659799,5550.04937967599,5579.05193352,664.423958996775,0,1249.04147765373
"OpenCoast_60028",41.2159615482888,39.8736121791082,42.5583109174693,4.92130884158672,0,9.52798005614985
"OpenCoast_60029",218.849868443564,216.37537605529,221.324360831838,26.1313275753509,0,49.5502300369787
"OpenCoast_60030",208.490676696406,206.458871063268,210.522482329543,24.8944091577798,0,47.1318990290021
"OpenCoast_60031",3631.95348820216,3572.10707326135,3691.79990314298,433.666088143542,0,826.522366375293
"OpenCoast_60032",61295.0075842976,61188.2063830192,61401.8087855761,7318.80687573703,0,13746.6736087111
"OpenCoast_60033",14766.0634967283,14721.0200003134,14811.1069931433,1763.11205931085,0,3315.91947607685
"OpenCoast_60036",971.113157497729,966.157776194278,976.06853880118,115.953809850475,0,218.522807194294
"OpenCoast_60038",228.047932935336,224.156191394234,231.939674476439,27.2296039325775,0,51.9267927932326
"OpenCoast_60039",5943.72762648486,5923.1748747433,5964.28037822641,0,0,0
"OpenCoast_60040",292.396712879765,286.310919556478,298.482506203052,34.9130403438525,0,66.8244416872505
"OpenCoast_60041",10998.455798925,10971.1742034248,11025.7373944252,0,0,0
"OpenCoast_60043",23.2447089005836,22.5707241582306,23.9186936429365,2.77548762992043,0,5.35493141259772
"OpenCoast_60044",136.600173812352,133.945861763265,139.25448586144,16.3104685149077,0,31.1763774316657
"OpenCoast_60045",458.183098572999,452.730262239911,463.635934906088,54.7084296803581,0,103.799089904348
"OpenCoast_60047",23.7321171824455,23.003897142161,24.46033722273,2.83368563372483,0,5.47619490061119
"OpenCoast_60048",671.729310198813,663.238872205211,680.219748192415,64.525245128124,0,122.514043212908
"OpenCoast_60049",104.062065242543,102.528174536479,105.595955948606,9.99603585308279,0,19.018835522747
"OpenCoast_60050",113.540621085594,111.07024456803,116.010997603158,13.557089084847,0,25.9726114036921
"OpenCoast_60051",923.784719086546,914.816229031079,932.753209142013,88.7372853017719,0,167.99772025948
"OpenCoast_60055",0,0,0,0,0,0
"OpenCoast_60056",2782.03734574059,2767.73478154914,2796.33990993205,267.238065935186,0,503.647401407825
"OpenCoast_60057",117.110103120328,115.159754735238,119.060451505418,22.7148378844235,14.8305832299728,29.8833092714544
"OpenCoast_60058",1497.99046629334,1463.8570789931,1532.12385359358,143.894572664341,0,275.950071290189
"OpenCoast_60059",1213.36448399831,1207.59406746297,1219.13490053364,246.008435300594,116.023159663746,360.968983458448
"OpenCoast_60060",0,0,0,0,0,0
"OpenCoast_60061",569.251958653909,553.542135002149,584.96178230567,67.9703831228549,0,130.961593053508
"OpenCoast_60062",1634.7117578138,1552.73667258229,1716.68684304531,838.147429043348,545.572843030518,1122.55160952535
"OpenCoast_60063",7630.36580941178,7525.86994376401,7734.86167505954,0,0,0
"OpenCoast_60064",2470.45932728867,2415.98234980354,2524.9363047738,0,0,0
"OpenCoast_60065",762.951959843405,754.868991303279,771.034928383531,73.2879472168747,0,138.870720507104
"OpenCoast_60066",370.782005702791,367.31539080877,374.248620596813,0,0,0
"OpenCoast_60067",3075.33931213203,3036.5798863933,3114.09873787075,367.204693985914,0,697.18628459793
"OpenCoast_60068",1233.9412995698,1227.98913156313,1239.89346757646,147.336274575498,0,277.588089755925
"OpenCoast_60071",7844.93870037207,7823.45514110608,7866.42225963806,646.164257396851,0,1214.87586421357
"OpenCoast_60072",69497.9168187604,69326.8679539034,69668.9656836174,0,0,0
"OpenCoast_60073",72923.3396380058,72855.7199444621,72990.9593315495,0,0,0
"OpenCoast_60076",6909.78991620547,6891.81996839815,6927.75986401279,825.049542233489,0,1550.99101433122
"OpenCoast_60079",844.590154108846,836.63328058126,852.547027636431,100.846585565235,0,190.868737530544
"OpenCoast_60080",120.309104984196,119.194854006617,121.423355961776,14.3652662667697,0,27.1843334242782
"OpenCoast_60081",7064.41537880652,7034.87756127125,7093.95319634178,1370.22379625899,905.970470543012,1780.53076939538
"OpenCoast_60082",1052.05674220296,1047.72850825666,1056.38497614926,204.058383586265,134.92929782492,265.144962519731
"OpenCoast_60083",2056.90344714703,2034.0678204117,2079.73907388236,245.600411599645,0,465.61322549605
"OpenCoast_60085",80652.4724411978,80569.6020232046,80735.342859191,9630.1459631281,0,18075.0767595204
"OpenCoast_60086",2216.73513824339,2206.54273220489,2226.92754428188,429.961019214262,284.164513164275,558.94265215236
"OpenCoast_60087",21164.0517127394,21122.8633073593,21205.2401181196,0,0,0
"OpenCoast_60088",638.047103767323,634.787766238532,641.306441296114,123.75650040893,81.7496774130274,160.963262617524
"OpenCoast_60089",11346.3128029033,11265.0528967868,11427.5727090197,1354.78361825711,0,2558.41180052681
"OpenCoast_60091",0,0,0,0,0,0
"OpenCoast_60092",3522.77673824354,3441.30353307562,3604.24994341145,420.630058297736,0,806.921629121967
"OpenCoast_60095",6154.70252807961,6110.95400672181,6198.4510494374,574.327895401844,182.637199927095,922.423630655553
"OpenCoast_60096",16312.6800227845,16281.2889130465,16344.0711325224,3164.03002222021,2096.74821617421,4102.24324057423
"OpenCoast_60098",1460.28284793637,1452.66758579402,1467.89811007873,283.238484746251,187.078442344143,368.431772665248
"OpenCoast_60100",7.97104418713243,7.85214095815407,8.08994741611079,0.774322131466242,0,1.47351115008362
"OpenCoast_60101",384.846198191968,381.587269326198,388.105127057738,62.7344427918439,17.0803234994495,103.422599923373
"OpenCoast_60103",502.846497881774,500.904854468957,504.788141294592,48.8474487029816,0,91.9426192000085
"OpenCoast_60104",2372.75950983235,2352.41777725464,2393.10124241006,283.314568338192,0,535.768934867925
"OpenCoast_60107",1272.33714285564,1263.95429416908,1280.71999154219,123.597208254101,0,233.271625958189
"OpenCoast_60110",417.575348470841,405.156474390292,429.99422255139,8.4378026786301,0,16.291399935931
"OpenCoast_60111",65914.6885786633,65816.318270245,66013.0588870816,7870.41057655682,0,14779.0430344213
"OpenCoast_60113",52835.4580766797,52761.9717907168,52908.9443626426,4323.02501828171,0,8116.94569672189
"OpenCoast_60114",28270.4901493076,28235.6576896308,28305.3226089845,0,0,0
"OpenCoast_60115",23495.0922782121,23419.1647572513,23571.0197991729,474.757318136089,0,893.046674365908
"OpenCoast_60116",10445.9560700136,10381.017414398,10510.8947256293,0,0,0
"OpenCoast_60117",9064.86106596397,9041.14044634002,9088.58168558791,0,0,0
"OpenCoast_60118",689.993662728241,685.215198525866,694.772126930615,67.0272741034869,0,126.546493214629
"OpenCoast_60119",29098.5281161337,29020.3414153537,29176.7148169137,584.080776595401,0,1098.09408877692
"OpenCoast_60120",9479.9722292248,9448.23245268402,9511.71200576557,1131.93698259401,0,2129.48776248483
"OpenCoast_60121",23893.7284211699,23834.3123200774,23953.1445222624,5165.96511792735,2061.12633136695,7897.79376653717
"OpenCoast_60122",22274.2679730212,22252.4091970966,22296.1267489459,832.916695660789,0,1563.25139171739
"OpenCoast_60123",233793.664778249,233532.284091813,234055.045464684,4724.188863487,0,8867.75717604431
"OpenCoast_60124",10246.6282239999,10208.3193625083,10284.9370854915,383.159066431982,0,721.109204018163
"OpenCoast_60125",1009.09377278072,1004.6127411321,1013.57480442933,98.0252552419949,0,184.61353318517
"OpenCoast_60126",4238.5583151864,4227.58344438434,4249.53318598845,411.741477265577,0,774.014243866948
"OpenCoast_60127",3283.72535430797,3277.14898832944,3290.3017202865,122.790552528168,0,230.693375639837
"OpenCoast_60128",463.344254086082,459.630469830913,467.05803834125,75.5305463259206,20.5736347776447,124.46204204145
"OpenCoast_60132",7436.20999757464,7389.71658122934,7482.70341391994,105.295074831757,0,198.66264606807
"OpenCoast_60133",1150.3914124353,1145.70572058557,1155.07710428504,187.527289059126,51.2832212073692,307.805975516906
"OpenCoast_60135",67980.8745241009,67890.0668279839,68071.6822202179,6919.81553606991,0,12991.9854524732
"OpenCoast_60136",47758.9050799649,47547.7932424638,47970.016917466,965.047909767374,0,1817.46332752742
"OpenCoast_60137",0,0,0,0,0,0
"OpenCoast_60138",1184.69826406592,1180.9524859285,1188.44404220333,193.11970813745,52.8609105140107,316.697626851567
"OpenCoast_60140",58153.4854243357,58024.7000510558,58282.2707976156,6308.43424851209,0,11854.5089289762
"OpenCoast_60141",0,0,0,0,0,0
"OpenCoast_60143",5485.66218216226,5466.41889386992,5504.9054704546,655.004439661166,0,1232.4415232361
"OpenCoast_60144",209.930890243042,206.706113004826,213.155667481258,20.3930790718746,0,38.8243874257648
"OpenCoast_60146",530.653725451529,524.065298016476,537.242152886582,19.8430919515971,0,37.6677327253219
"OpenCoast_60148",28957.4964267052,28816.4060780756,29098.5867753347,190.458023568804,0,358.848744480328
"OpenCoast_60149",25156.7979391142,25027.0713770216,25286.5245012068,929.794913024104,0,1752.35550939735
"OpenCoast_60150",458.159186391445,456.491817252203,459.826555530687,17.1322548547052,0,32.2398823336409
"OpenCoast_60152",10100.0192689642,10026.0476353615,10173.990902567,877.431749620834,246.642287915731,1438.23721388731
"OpenCoast_60154",4119.9796124245,4095.76876596595,4144.19045888305,491.937864170089,0,927.803834078294
"OpenCoast_60155",110422.320321137,110134.833033274,110709.807608999,460.870234356782,0,866.381478003601
"OpenCoast_60156",1343.53888291874,1319.20533102578,1367.87243481169,116.718952838582,32.4526506264794,193.368075363666
"OpenCoast_60158",36878.7022022749,36734.2883608871,37023.1160436627,4403.42712862984,0,8288.75732320806
"OpenCoast_60159",402.757856825864,401.662858518816,403.852855132912,0,0,0
"OpenCoast_60160",10352.2926106358,10309.8049315046,10394.7802897669,654.51520858103,0,1232.25273232972
"OpenCoast_60163",838.741683076382,815.868776787893,861.614589364872,0,0,0
"OpenCoast_60164",2511.90493375397,2501.56791561575,2522.24195189219,28.5811963677648,0,53.8102762757954
"OpenCoast_60165",887.044185692558,867.508602965308,906.579768419809,17.9241993894248,0,34.3480279653889
"OpenCoast_60166",6639.48334268953,6603.73209090455,6675.23459447452,740.153191742244,0,1395.25997422918
"OpenCoast_60169",37798.1438584115,37751.0337569139,37845.2539599091,1413.41143613749,0,2653.44947976325
"OpenCoast_60170",820.601952763757,808.272882130819,832.931023396695,133.767740209958,36.1793052661439,221.960200963041
"OpenCoast_60171",110.660023706822,105.009550012389,116.310497401255,10.7497215437714,0,21.1849108501268
"OpenCoast_60172",140758.073929756,140507.414036816,141008.733822696,0,0,0
"OpenCoast_60174",0,0,0,0,0,0
"OpenCoast_60175",1406.50007289701,1389.49738094071,1423.50276485331,167.940307211583,0,318.694648847755
"OpenCoast_60176",34421.4895754663,34347.715480293,34495.2636706395,2293.71998869801,0,4309.94253731114
"OpenCoast_60177",885.811302204391,885.586122461242,886.03648194754,105.768513696047,0,198.366376555419
"OpenCoast_60179",22445.9121526773,22284.4986738135,22607.3256315411,2680.10891375251,0,5061.34155930025
"OpenCoast_60181",4085.66435435137,4068.24020247137,4103.08850623137,396.889072127338,0,747.340662767674
"OpenCoast_60184",6643.83906339593,6596.02634634209,6691.65178044977,645.394944992538,0,1218.82417818111
"OpenCoast_60185",9140.00536790952,9093.27645864561,9186.73427717342,1091.34392452651,0,2056.73155459106
"OpenCoast_60186",838.33122465025,830.112587091618,846.549862208882,81.437062134693,0,154.191442404483
"OpenCoast_60188",15365.5644850835,15298.5890166679,15432.539953499,175.204763683716,0,329.940837621497
"OpenCoast_60189",3437.73349747019,3431.36535442377,3444.10164051662,333.947857605798,0,627.312132983218
"OpenCoast_60190",18638.3569560551,18618.5907656896,18658.1231464205,77.3966095450844,0,145.272542874796
"OpenCoast_60192",0,0,0,0,0,0
"OpenCoast_60195",340.471369233999,333.95455668086,346.988181787138,33.074025201627,0,63.2007760387139
"OpenCoast_60197",5769.62888377336,5750.50817619013,5788.7495913566,560.472534108456,0,1054.36866634253
"OpenCoast_60199",570.86471280649,566.565030533275,575.164395079705,21.3467284687441,0,40.3265800916362
"OpenCoast_60201",13488.1405466643,13430.7458266977,13545.5352666308,0,0,0
"OpenCoast_60202",1788.29137739557,1776.13448050106,1800.44827429007,173.717966996465,0,327.935457532386
"OpenCoast_60203",19079.4714327565,19061.8261539718,19097.1167115411,357.868755076517,0,671.624480714466
"OpenCoast_60204",9146.38418679452,9125.77197159468,9166.99640199435,888.496855927692,0,1669.68593444936
"OpenCoast_60205",2662.78434434393,2644.90429156075,2680.66439712712,317.944399324649,0,600.148745625475
"OpenCoast_60206",23583.243149495,23487.3599417324,23679.1263572577,7010.44169172397,3731.88053228259,9905.96421391091
"OpenCoast_60208",177.033938060207,174.785962836656,179.281913283759,21.1383806639054,0,40.1377417799459
"OpenCoast_60209",8629.39142850679,8619.264354734,8639.5185022796,948.528806376017,0,1780.57867127502
"OpenCoast_60210",2056.44277530946,2030.48701377883,2082.3985368401,41.5538379396632,0,78.896844679361
"OpenCoast_60211",2701.73627221145,2672.7111939627,2730.7613504602,440.41469138576,119.633896314445,727.69571681757
"OpenCoast_60212",59035.6955724797,58932.9918360479,59138.3993089115,5734.83781485845,0,10771.5274645965
"OpenCoast_60213",12.4187991849963,12.2680896669586,12.569508703034,0.464384517317046,0,0.881287687071059
"OpenCoast_60214",54928.0702321277,54517.9449325669,55338.1955316886,269.085667240078,0,508.302785997364
"OpenCoast_60215",23211.5830703902,23132.3566684934,23290.8094722871,0,0,0
"OpenCoast_60216",0,0,0,0,0,0
"OpenCoast_60217",1934.40225892098,1916.97878755221,1951.82573028974,187.911451131932,0,355.507499452287
"OpenCoast_60218",35.8026472470085,35.3551215956966,36.2501728983203,3.47793607432138,0,6.60264291109733
"OpenCoast_60219",0,0,0,0,0,0
"OpenCoast_60224",0,0,0,0,0,0
"OpenCoast_60226",14524.4095912011,14480.0437947314,14568.7753876708,0.712833929132953,0,1.34064624155275
"OpenCoast_60227",118560.271150372,117963.169378666,119157.372922077,717.102323372848,12.2181195945738,1340.53937688953
"OpenCoast_60230",89.4094498332967,88.1444447976143,90.6744548689791,14.5747886869323,3.94545560830966,24.1630094925008
"OpenCoast_60232",40900.6488993016,40845.7300463296,40955.5677522736,3973.16548378751,0,7459.68825715713
"OpenCoast_60233",2198.80135056643,2181.20401083789,2216.39869029496,262.543444843752,0,496.208662006334
"OpenCoast_60234",0,0,0,0,0,0
"OpenCoast_60235",8929.04724697526,8807.94922266904,9050.14527128148,0,0,0
"OpenCoast_60237",1040.66138251495,1030.95645620635,1050.36630882356,124.258075524173,0,235.156636303782
"OpenCoast_60238",22981.2039608033,22935.0675796131,23027.3403419936,2232.43710821673,0,4194.22290472812
"OpenCoast_60239",1375.33839781798,1370.72270360001,1379.95409203596,224.19628527628,61.3552628390077,367.731395498994
"OpenCoast_60240",304.581620143795,302.697216701155,306.466023586435,29.5876278914506,0,55.8200294327127
"OpenCoast_60243",90701.7647292214,90416.6600480814,90986.8694103614,1204.80860211499,0,2266.11693979394
"OpenCoast_60244",5517.44245284776,5497.43535555552,5537.44955014001,535.974672832464,0,1008.59662436217
"OpenCoast_60248",1118.81196547881,1110.10268639393,1127.52124456368,41.8364889243973,0,79.0540516118311
"OpenCoast_60249",12471.4468038217,12448.5934713409,12494.3001363025,4026.21787352552,2746.48145442506,5150.99715115044
"OpenCoast_60250",0,0,0,0,0,0
"OpenCoast_60251",215.933136619186,212.013826693104,219.852446545267,92.3991922234328,59.6701449242949,122.251297685305
"OpenCoast_60252",16715.4504898646,16628.6728760156,16802.2281037137,0,0,0
"OpenCoast_60253",28.8634704317434,27.7887119252229,29.9382289382639,2.32112803280781,0,4.51417016485989
"OpenCoast_60254",1188.62544506477,1172.57613804366,1204.67475208587,0,0,0
"OpenCoast_60255",247.092801492857,245.423335394059,248.762267591655,9.23970745033118,0,17.4415029748525
"OpenCoast_60256",1591.00652661495,1556.79034836162,1625.22270486829,9.62307580496258,0.161245673205865,18.2840136423248
"OpenCoast_60257",2844.64863881742,2827.46124547971,2861.83603215512,1280.42605279471,843.145225166069,1668.58322412023
"OpenCoast_60258",20381.2447676887,20218.870631586,20543.6189037915,2414.8700905099,0,4563.95433096741
"OpenCoast_60259",9622.52260119201,9553.31020650991,9691.73499587411,0,0,0
"OpenCoast_60260",2028.28505899652,2009.57219586185,2046.9979221312,233.528264290227,0,441.905222136435
"OpenCoast_60261",8085.0887732125,7964.41006480213,8205.76748162288,202.547080690849,0,385.444341162646
"OpenCoast_60262",767.144012121705,761.638245398013,772.649778845398,0,0,0
"OpenCoast_60264",29958.0081731095,29869.8216791524,30046.1946670666,0,0,0
"OpenCoast_60265",325.528569542119,300.202877000364,350.854262083873,0,0,0
"OpenCoast_60266",14481.1091868011,14432.4112583386,14529.8071152635,150.370298134646,0,282.892447961507
"OpenCoast_60267",19.6934223405081,19.3593435421793,20.0275011388369,3.210258755317,0.866548433393186,5.33694634092964
"OpenCoast_60268",1189.70197836891,1127.28483740801,1252.11911932982,7.19581732170277,0.116759332876077,14.0865390269683
"OpenCoast_60269",610.420842404057,598.428614862127,622.413069945987,72.8860707348128,0,139.3462096894
"OpenCoast_60270",126.368262925046,108.673449073579,144.063076776513,0,0,0
"OpenCoast_60271",0,0,0,0,0,0
"OpenCoast_60272",6231.73927080629,6194.30579672998,6269.17274488259,0,0,0
"OpenCoast_60273",298.10973046841,294.326594520716,301.892866416105,12.8930161326371,0,24.4811884636094
"OpenCoast_60274",4223.455419866,4195.86547973845,4251.04535999355,504.293184461612,0,951.726573132885
"OpenCoast_60275",4240.93434582264,4206.51360065338,4275.3550909919,44.0374113422236,0,83.2403113132074
"OpenCoast_60281",32808.776488727,32623.6397701597,32993.9132072943,198.44126214292,3.37901681026039,371.186765597604
"OpenCoast_60282",28816.1552922449,28767.7851526794,28864.5254318104,421.179935647089,0,791.037972486225
"OpenCoast_60283",2524.74917947732,2465.08583961942,2584.41251933523,15.2707436055084,0.255323028009516,29.0750514494873
"OpenCoast_60284",48559.2029965669,48475.4585137519,48642.9474793819,2603.49254011235,658.831479725033,4311.49780994971
"OpenCoast_60286",60364.0113980543,60061.6943901542,60666.3284059543,1011.63300444336,0,1906.31155838331
"OpenCoast_60287",86.3878557643196,83.6195053653538,89.1562061632855,1.26265392320738,0,2.44334329087031
"OpenCoast_60289",18313.7435507362,18139.792497576,18487.6946038965,0,0,0
"OpenCoast_60290",16248.0213786093,16171.4486709162,16324.5940863024,3.6318834660295,0,6.84187423157634
"OpenCoast_60292",2904.83793758997,2849.77141249513,2959.9044626848,0,0,0
"OpenCoast_60293",276763.292550403,275952.015338022,277574.569762784,0,0,0
"OpenCoast_60295",8169.04398986988,8128.220444091,8209.86753564876,793.556202396755,0,1495.3535211362
"OpenCoast_60298",19451.102115605,19413.8643298153,19488.3399013947,469.427103873091,0,881.860855316266
"OpenCoast_60299",107226.409006181,107145.698349178,107307.119663185,10416.1737937883,0,19545.0265835071
"OpenCoast_60300",20546.6936254892,20512.6532184558,20580.7340325226,213.354682040661,0,400.702788765095
"OpenCoast_60302",328.31001505217,323.841287636881,332.778742467458,39.2011958271247,0,74.5027035374905
"OpenCoast_60304",5383.99754303428,5331.66616273547,5436.32892333309,55.9068580492562,0,105.844240384312
"OpenCoast_60305",1033.01977353603,1018.03235338596,1048.0071936861,0,0,0
"OpenCoast_60306",1592.6169560468,1584.97424303402,1600.25966905958,259.615237951762,70.9454297495809,426.438621878955
"OpenCoast_60307",78.1377394132122,75.890748479964,80.3847303464604,9.32987933292086,0,17.9965814208493
"OpenCoast_60308",5019.30999275062,5008.38460588454,5030.2353796167,438.57201852251,0,824.112460403472
"OpenCoast_60309",12713.01384349,12673.3317508621,12752.6959361179,132.010584077211,0,248.292447577458
"OpenCoast_60310",10650.2551028741,10636.2006855451,10664.3095202032,1271.67225108945,0,2387.53198213504
"OpenCoast_60313",2177.90284366364,2162.98851244339,2192.81717488389,22.6151115695261,0,42.6937132484906
"OpenCoast_60314",17574.2270281051,17530.7306460595,17617.7234101507,182.488904932143,0,343.013562635026
"OpenCoast_60315",351.828813898756,348.944731333953,354.712896463559,57.3522220090738,15.6192026666315,94.5242085739151
"OpenCoast_60318",1440.81105445572,1404.19256637993,1477.42954253151,146.306249494196,0,281.296220180003
"OpenCoast_60319",23092.7736576655,23051.9345327071,23133.6127826239,20.7017093787613,0,38.8843499112091
"OpenCoast_60321",763.090574513897,758.11069245589,768.070456571904,0,0,0
"OpenCoast_60322",443.818487472544,426.302130744545,461.334844200543,52.9932522355276,0,103.283920343405
"OpenCoast_60323",661.901925126664,632.987420151182,690.816430102147,79.0330656867659,0,154.660394798988
"OpenCoast_60324",7759.36201330585,7664.99920055258,7853.72482605912,13.5827775524233,0,25.7774246824459
"OpenCoast_60326",779.081438742784,775.685406638309,782.477470847259,11.3871356850244,0,21.4439483343463
"OpenCoast_60329",627.888598554421,619.050447647362,636.72674946148,232.249685760993,152.748698314338,304.12631928391
"OpenCoast_60333",7765.67019584807,7694.55117712826,7836.78921456788,0,0,0
"OpenCoast_60334",1359.38756381708,1349.97533582412,1368.79979181005,208.143968941585,55.5457533307162,343.691859307917
"OpenCoast_60335",933.121797615744,923.241839642554,943.001755588933,345.152380170518,227.806941697049,450.415587609732
"OpenCoast_60337",869.522313787692,852.761997282518,886.282630292867,103.823559855247,0,198.421484393925
"OpenCoast_60338",1044.03916923937,1028.58045816988,1059.49788030887,10.8411917290055,0,20.6282125146551
"OpenCoast_60340",5117.27307188162,5040.33160347284,5194.2145402904,53.1372194994973,0,101.1303216129
"OpenCoast_60341",2648.84116965732,2608.46527620523,2689.21706310941,0,0,0
"OpenCoast_60349",39657.7328894002,39528.4876632681,39786.9781155323,753.084815183645,0,1416.63587138922
"OpenCoast_60350",46.1870982788524,45.4850275904136,46.8891689672912,17.0841437257693,11.223283633235,22.3961540556673
"OpenCoast_60352",336.594350552981,327.247903750194,345.940797355768,3.49515994874355,0,6.73539835989447
"OpenCoast_60353",520.28263992583,512.990307780939,527.574972070721,47.8522411191951,0,90.9805177320772
"OpenCoast_60355",974.711824678712,951.592596003393,997.831053354031,0,0,0
"OpenCoast_60358",691.990830801152,666.512354055958,717.469307546346,4.18545122835321,0.0690344935288709,8.07164370017207
"OpenCoast_60359",709.511140580837,693.318055005932,725.704226155741,115.658635236775,31.0337834079765,193.386308532947
"OpenCoast_60360",3477.90943757708,3462.59422046246,3493.22465469169,295.903223365465,0,557.261726017886
"OpenCoast_60361",3942.69383764609,3894.21270400219,3991.17497129,23.8470685322396,0.403345864601807,44.9013525379499
"OpenCoast_60362",14995.5129123926,14883.4735505815,15107.5522742037,90.6991612393131,1.54156641247865,169.96236334642
"OpenCoast_60363",0,0,0,0,0,0
"OpenCoast_60364",462.449174860693,459.887990409334,465.010359312053,53.7025539308555,18.4052065671982,84.9660201314331
"OpenCoast_60367",493.057633580685,474.330214314627,511.785052846742,58.8725532633654,0,114.578743174644
"OpenCoast_60368",32796.2211516236,32623.2486890985,32969.1936141487,0,0,0
"OpenCoast_60370",15793.4920220758,15662.1059142393,15924.8781299122,95.5256741007003,1.62221381615122,179.157409078451
"OpenCoast_60373",5340.1907757165,5292.41579463928,5387.96575679371,637.634719488537,0,1206.26099032695
"OpenCoast_60374",3172.01401148603,3160.53738828921,3183.49063468286,374.848460579956,0,705.383803098251
"OpenCoast_60375",14330.2813424087,14314.2122031688,14346.3504816487,4493.91000136935,2550.95083829241,6198.43631177979
"OpenCoast_60376",0,0,0,0,0,0
"OpenCoast_60377",0,0,0,0,0,0
"OpenCoast_60378",7716.1518781569,7685.30097666238,7747.00277965143,921.331567541123,0,1734.40360738465
"OpenCoast_60380",1792.56774927998,1779.77256176711,1805.36293679285,278.761029618064,153.766738903727,389.927293188845
"OpenCoast_60383",1439.80858061266,1432.51791597342,1447.0992452519,419.56694016075,228.821116733313,588.415050292068
"OpenCoast_60386",5893.54515523736,5866.66366469889,5920.42664577583,549.957917546885,175.336129752582,881.049377992925
"OpenCoast_60388",17621.5544613335,17508.0787345942,17735.0301880728,106.582563645088,1.81341177061638,199.521907326568
"OpenCoast_60389",5379.73814922967,5361.43192309832,5398.04437536101,2845.24039672437,1961.21293043532,3625.19909005411
"OpenCoast_60390",6094.69267694518,6063.69769325534,6125.68766063503,646.089914729451,136.615066925537,1096.81910574811
"OpenCoast_60391",1407.23350503756,1385.73199994821,1428.73501012692,8.5115393731738,0.143528182487586,16.0734958588612
"OpenCoast_60392",1702.26229453691,1676.9089513887,1727.61563768512,0,0,0
"OpenCoast_60393",72158.8120341945,71854.6214308778,72463.0026375112,1642.97495326881,0,3093.56443315435
"OpenCoast_60395",16754.7976748989,16708.4776260919,16801.1177237059,4233.19415669276,2060.799572588,6145.9847491602
"OpenCoast_60396",525.803300160978,520.022673991459,531.583926330496,153.221535657951,83.0650476776146,216.151023347238
"OpenCoast_60398",464.290570332228,459.339457945766,469.24168271869,43.3254125438671,13.728212047246,69.830287143686
"OpenCoast_60400",13568.997669445,13251.0362283926,13886.9591104975,61.5128748309192,0,118.039316308947
"OpenCoast_60404",2711.43482306812,2691.49069692467,2731.37894921157,790.124762054078,429.921259678719,1110.62491880939
"OpenCoast_60405",24505.8590295332,24232.0704401697,24779.6476188967,2909.98224832037,0,5517.17560204598
"OpenCoast_60407",33213.5739515921,33092.5368010887,33334.6111020955,9.02830639991873,0,16.9897639134578
"OpenCoast_60409",0,0,0,0,0,0
"OpenCoast_60410",80873.2210237255,80762.9224790114,80983.5195684396,2980.67284253863,0,5596.38378475188
"OpenCoast_60411",52923.8200936658,52572.2578810505,53275.3823062811,416.090982139829,0,785.353106661011
"OpenCoast_60414",12042.6767660074,11964.8288695931,12120.5246624216,0,0,0
"OpenCoast_60416",2198.27384717628,2190.2799963748,2206.26769797775,32.1302001637101,0,60.4631983537418
"OpenCoast_60417",282.004583669191,278.628379739657,285.380787598724,82.1774518325497,44.5062894465084,116.040659297049
"OpenCoast_60418",24001.4744615889,23955.0772338818,24047.8716892961,2787.20462001431,958.707672340716,4393.99232544773
"OpenCoast_60421",5226.88248301951,5214.38231408664,5239.38265195238,1552.62794390543,827.496450606516,2190.60862529903
"OpenCoast_60423",32746.5582774733,32658.8815513767,32834.2350035698,340.036779472345,0,639.276009889056
"OpenCoast_60424",26246.9833629753,26119.6884497697,26374.2782761808,3133.96816274331,0,5904.68916630914
"OpenCoast_60425",0,0,0,0,0,0
"OpenCoast_60427",1167.70760681796,1159.77067444974,1175.64453918617,340.275446467036,185.254242144543,478.036971493555
"OpenCoast_60428",0,0,0,0,0,0
"OpenCoast_60429",33207.2111951641,33142.2385427917,33272.1838475365,3856.23360802581,1326.38764046982,6079.44529835607
"OpenCoast_60430",61493.4677043211,61155.6806145683,61831.2547940739,2806.96669156183,231.005989479983,5087.60971453718
"OpenCoast_60431",8437.62764246745,8362.91479015001,8512.3404947849,1007.4779274588,0,1905.74787196677
"OpenCoast_60432",100957.715378468,100587.342794981,101328.087961955,0,0,0
"OpenCoast_60433",8790.56757572419,8763.51626718854,8817.61888425985,1049.62000904169,0,1974.09378005818
"OpenCoast_60434",261.634048259647,256.049894793951,267.218201725342,3.82407057747712,0,7.32316715213606
"OpenCoast_60435",7090.94391283843,7060.19648998584,7121.69133569102,0,0,0
"OpenCoast_60437",4709.06119953979,4675.78626007774,4742.33613900183,28.4823802638909,0.484297904381559,53.3520350178879
"OpenCoast_60438",13278.0797281493,13222.4289427007,13333.7305135979,80.3114039011365,1.36952252981674,150.006586717889
"OpenCoast_60439",27385.1274760313,27147.7533325507,27622.501619512,165.63675460911,2.81184795803801,310.757531834523
"OpenCoast_60442",3539.94826485045,3527.91994415071,3551.97658555019,299.942214128179,0,564.302591039975
"OpenCoast_60443",9219.29533025516,9145.61855075438,9292.97210975593,0,0,0
"OpenCoast_60444",26378.8375343211,26342.6650539155,26415.0100147268,4802.99813591941,1558.6522831416,7650.404420009
"OpenCoast_60447",2938.27685852733,2916.7282093813,2959.82550767337,0,0,0
"OpenCoast_60449",36979.4932362116,36871.6171632935,37087.3693091297,2396.26298347095,0,4506.09999213489
"OpenCoast_60450",1238.77520781412,1215.61489988581,1261.93551574242,30.4850211201745,0,58.2280747049164
"OpenCoast_60451",3992.75364913376,3952.59008491866,4032.91721334886,473.245239289331,0,896.260625833727
"OpenCoast_60453",1035.38649459197,1025.8194122187,1044.95357696525,123.628238160236,0,233.944830663861
"OpenCoast_60454",1895.34149756388,1846.92502595474,1943.75796917303,0,0,0
"OpenCoast_60455",874.030348459423,867.989977822591,880.070719096255,12.7749188670153,0,24.1185104159439
"OpenCoast_60456",1428.89121993776,1416.91426903511,1440.86817084041,8.64253433061768,0.146757908298961,16.2099958445835
"OpenCoast_60457",0,0,0,0,0,0
"OpenCoast_60458",169.406922597992,167.790802758176,171.023042437807,2.47606927552878,0,4.68691997233863
"OpenCoast_60459",1460.36414777764,1456.64852169001,1464.07977386527,0,0,0
"OpenCoast_60463",31613.179691303,31521.8562150147,31704.5031675913,0,0,0
"OpenCoast_60465",31614.8258178689,31519.4687037327,31710.1829320051,33.2630545222919,0,62.5563432162915
"OpenCoast_60468",80.3353520926487,77.4054177221157,83.2652864631817,1.1741898973481,0,2.28190148277068
"OpenCoast_60469",13.5986394865739,12.9449276699231,14.2523513032247,0,0,0
"OpenCoast_60471",717.179318714711,711.151456275513,723.20718115391,0,0,0
"OpenCoast_60474",7104.37196029251,7069.94397302883,7138.79994755619,164.505797882814,0,309.943120551936
"OpenCoast_60477",1122.40714138708,1113.02353595644,1131.79074681771,109.032727668824,0,206.145503699591
"OpenCoast_60479",3459.24721834744,3432.35593918654,3486.13849750833,413.044443981783,0,780.47876809888
"OpenCoast_60484",6867.59115573808,6783.68830717134,6951.49400430482,595.305337645838,0,1129.83433479385
"OpenCoast_60485",19738.603071956,19682.1957237126,19795.0104201995,119.387362947927,2.03859749193566,222.69701222407
"OpenCoast_60486",581.671453055689,575.17755241272,588.165353698657,8.50177071441852,0,16.1187867084655
"OpenCoast_60487",0,0,0,0,0,0
"OpenCoast_60488",0,0,0,0,0,0
"OpenCoast_60489",0,0,0,0,0,0
"OpenCoast_60490",3322.03362447048,3294.70829845638,3349.35895048459,396.660731280058,0,749.856481451774
"OpenCoast_60491",16121.4475228221,16075.9066530742,16166.9883925701,1880.14284006308,0,3535.22622138655
"OpenCoast_60493",2118.11633862027,2081.39171109053,2154.84096615002,980.550270528197,656.038976963132,1276.11792649975
"OpenCoast_60494",1386.35817931474,1374.14984943096,1398.56650919853,18.5585652264586,0,35.1037364095874
"OpenCoast_60496",21.2779976930568,19.3161731114761,23.2398222746376,9.85033069893412,6.08831215161132,13.7628503816316
"OpenCoast_60498",935.553965036089,930.537956999569,940.56997307261,4.35010438289937,0,8.20017681074296
"OpenCoast_60499",202.342892056735,200.142073867791,204.543710245679,2.70867501369764,0,5.13400574193507
"OpenCoast_60500",375.171034120612,372.999931759855,377.342136481368,25.1082857378333,0,47.3504747936484
"OpenCoast_60501",559.338085443152,556.349506086728,562.326664799576,2.60078963688101,0,4.9025359183946
"OpenCoast_60504",6645.01409813343,6602.32345909347,6687.70473717339,3076.2098628788,2081.00258332151,3960.524250424
"OpenCoast_60506",8764.91778442015,8732.18075068058,8797.65481815973,117.332086926563,0,220.8193559105
"OpenCoast_60510",352.642885022186,347.521662427391,357.764107616982,4.72067470079462,0,8.97980671494475
"OpenCoast_60511",439.40981591078,434.507714943933,444.311916877627,6.42245976644249,0,12.1764550991373
"OpenCoast_60513",254.308106031088,251.024545464435,257.59166659774,3.40431040391591,0,6.46549871320407
"OpenCoast_60516",4540.67363809792,4525.73915892797,4555.60811726787,21.1130571111881,0,39.7171854423727
"OpenCoast_60517",3106.44636787432,3083.91848933092,3128.97424641771,1438.08287149357,972.027860012145,1853.00919656439
"OpenCoast_60518",1326.7879720583,1314.2219505985,1339.3539935181,158.422444424871,0,299.855371683156
"OpenCoast_60522",765.277830949958,762.480424546802,768.075237353114,3.55836068357929,0,6.69631492665424
"OpenCoast_60524",16037.2528487258,15974.3143741714,16100.1913232803,1914.89586253443,0,3604.52044551051
"OpenCoast_60525",20.9252552793753,20.3625257202644,21.4879848384862,9.68703387578253,6.41811460607219,12.7253950929565
"OpenCoast_60528",2994.54248522005,2946.21261175599,3042.87235868411,1684.43014793628,1166.20915882008,2155.36792073458
"OpenCoast_60530",953.257507464687,946.671018639409,959.843996289965,517.148603443795,357.815772182073,658.907960547903
"OpenCoast_60531",7270.85419982521,7263.95654120424,7277.75185844617,796.176684006375,0,1494.24749033052
"OpenCoast_60533",10999.1901883343,10985.7009835741,11012.6793930945,51.1436295871731,0,96.0119084903313
"OpenCoast_60534",16185.8202368672,16139.7865912291,16231.8538825052,0,0,0
"OpenCoast_60535",5836.13813701564,5815.06376717373,5857.21250685755,0,0,0
"OpenCoast_60536",2279.54343726261,2264.07566725924,2295.01120726598,272.184291016431,0,513.808479238652
"OpenCoast_60537",13207.0527181656,13052.9300628574,13361.1753734739,1576.96151858694,0,2991.30791943445
"OpenCoast_60539",7898.77568612518,7887.40557310759,7910.14579914277,0,0,0
"OpenCoast_60541",546.230932050798,543.115400189924,549.346463911671,65.2216038269609,0,122.988014308583
"OpenCoast_60543",0,0,0,0,0,0
"OpenCoast_60545",7326.09694529963,7289.3940871085,7362.79980349077,3391.5069775198,2297.56206585554,4360.32216115259
"OpenCoast_60546",6998.60572410764,6826.93207534668,7170.2793728686,3936.71571981055,2702.32727982473,5078.94788911526
"OpenCoast_60548",1722.23735690383,1713.62974300688,1730.84497080078,205.640281421353,0,387.502605403159
"OpenCoast_60549",2387.62986590143,2347.69024693033,2427.56948487253,285.090133241962,0,543.485705568478
"OpenCoast_60550",1270.13767397384,1262.49219131272,1277.78315663496,17.0027726028761,0,32.0720986982799
"OpenCoast_60557",744.346447189055,736.545599403592,752.147294974518,418.694876543844,291.549299763922,532.77100060695
"OpenCoast_60558",163.402678338023,157.63671316338,169.168643512665,75.6448253233102,49.6859036597926,100.183327669819
"OpenCoast_60560",2177.26459330594,2157.2747113447,2197.25447526718,1007.93207013751,679.956726606498,1301.23562203292
"OpenCoast_60562",22127.237517275,22090.6777862385,22163.7972483116,573.891728328207,0,1077.82488939416
"OpenCoast_60563",26029.7018422322,25995.3881860946,26064.0154983697,0,0,0
"OpenCoast_60564",1507.49676532768,1501.83280853869,1513.16072211668,121.297291751095,0,228.286929611987
"OpenCoast_60565",2433.70979853538,2430.22990799016,2437.18968908059,290.592214750493,0,545.639482629984
"OpenCoast_60566",5035.73159090146,5022.91467518381,5048.54850661911,73.6027789232066,0,138.356460566408
"OpenCoast_60567",10118.5274835739,10104.9443920831,10132.1105750647,1208.18238609838,0,2268.38296456673
"OpenCoast_60568",881.190547471582,873.663641090659,888.717453852505,105.216781787652,0,198.966594146083
"OpenCoast_60569",21049.8667601277,21033.0537844245,21066.679735831,835.496918292691,0,1567.80796392786
"OpenCoast_60570",3442.33949358588,3435.45451961717,3449.22446755459,50.3135935963713,0,94.5266720532094
"OpenCoast_60571",1751.87666792643,1747.46432179297,1756.2890140599,209.179303633007,0,393.199032998485
"OpenCoast_60574",16156.4965567304,16085.6518433023,16227.3412701585,202.693297161699,0,381.716415282304
"OpenCoast_60575",9170.97281912326,9114.91904497308,9227.02659327344,0.720256919602027,0,1.35873598463144
"OpenCoast_60578",5082.58775473303,4987.2542044721,5177.92130499396,0,0,0
"OpenCoast_60579",1554.66202107196,1475.56855908601,1633.75548305792,180.537290516347,59.0538233230842,298.517438339874
"OpenCoast_60580",384.312245520855,379.743252171456,388.881238870254,5.61714792258993,0,10.6573665124195
"OpenCoast_60581",217.029217194343,208.399911095136,225.658523293549,0,0,0
"OpenCoast_60582",9099.94169191473,9047.09265354856,9152.79073028089,0,0,0
"OpenCoast_60583",6863.23045914208,6801.93516000382,6924.52575828035,0,0,0
"OpenCoast_60584",8953.00681480759,8908.79328816703,8997.22034144815,0,0,0
"OpenCoast_60585",194.800702639374,193.295820598573,196.305584680174,2.84722741703643,0,5.37979299399791
"OpenCoast_60586",389853.622073848,389371.16088197,390336.083265726,6510.79473110346,0,12222.8477420269
"OpenCoast_60587",26595.5301189143,26554.9136816285,26636.1465562002,3175.58568584052,0,5963.31639317914
"OpenCoast_60589",3620.04510743223,3594.27169097423,3645.81852389023,0,0,0
"OpenCoast_60590",173108.620774745,172941.277827389,173275.963722102,256.315211937828,0,481.05560651447
"OpenCoast_60591",387.417401757295,383.825740656605,391.009062857985,0,0,0
"OpenCoast_60592",1001023.88603085,1000392.14078853,1001655.63127317,1533.13056413768,0,2876.43397764198
"OpenCoast_60593",0,0,0,0,0,0
"OpenCoast_60594",88245.3698898585,88092.1558050085,88398.5839747085,2762.92155941462,0,5189.47241489029
"OpenCoast_60597",0,0,0,0,0,0
"OpenCoast_60599",1749.47717112333,1730.38617545922,1768.56816678743,18.1663849369598,0,34.4336696365166
"OpenCoast_60601",0,0,0,0,0,0
"OpenCoast_60603",1246.96414341856,1234.89243675042,1259.03585008669,116.360829603669,36.9070519285798,187.363651128273
"OpenCoast_60605",7450.71074765871,7375.18224639416,7526.23924892326,45.0650284119931,0.763889773332237,84.671387306188
"OpenCoast_60606",13566.3373593969,13440.1791685806,13692.4955502132,0,0,0
"OpenCoast_60609",2527.87041044912,2504.85779456293,2550.88302633531,15.2896221215571,0.259442436673842,28.6978393261306
"OpenCoast_60610",139.109844784787,137.70901051438,140.510679055194,22.6765358224491,6.16402756970388,37.4434109001733
"OpenCoast_60611",1152.99321510131,1141.06938929087,1164.91704091176,11.9725589570192,0,22.6807025558801
"OpenCoast_60612",578.727109223979,542.086176334499,615.368042113459,3.5003846617136,0.0561469632250995,6.92298824238062
"OpenCoast_60613",6132.48396716343,6116.32236510976,6148.64556921709,672.060108534421,0,1263.43361557712
"OpenCoast_60614",6950.34188510804,6896.53314652712,7004.15062368896,798.438346659225,0,1508.66205653299
"OpenCoast_60615",14455.6004462997,14363.7856234034,14547.4152691959,1726.04184433429,0,3256.88401549162
"OpenCoast_60616",4648.801340264,4608.12755141581,4689.47512911218,28.117903321712,0.477290105265953,52.7573402581641
"OpenCoast_60618",4014.70952747348,3937.74787760325,4091.67117734372,479.368301787879,0,916.045785972474
"OpenCoast_60621",338.998523066208,319.328280657179,358.668765475237,156.934294609028,100.649866837401,212.40715602147
"OpenCoast_60622",26760.0567906015,26702.2574124608,26817.8561687422,0,0,0
"OpenCoast_60623",0,0,0,0,0,0
"OpenCoast_60624",861.995196826015,834.135644958783,889.854748693248,399.047780346349,262.913267239124,526.980698170615
"OpenCoast_60626",947.309155870721,935.395502697051,959.222809044391,438.542601332249,294.829611060461,568.061142960362
"OpenCoast_60627",937.943165303081,904.546573389127,971.339757217036,111.993213767532,0,217.464124750083
"OpenCoast_60629",544.781531813029,536.152852514659,553.4102111114,252.198459857024,168.991337375554,327.734947590606
"OpenCoast_60630",9053.60934071466,9035.32807507736,9071.89060635195,4949.75060986304,3453.8419622555,6265.18132041311
"OpenCoast_60633",2845.35015643687,2835.77099181452,2854.92932105921,38.0894470550525,0,71.6581483220965
"OpenCoast_60634",2683.57883988111,2667.47226717083,2699.6854125914,35.9238858206866,0,67.7615576299805
"OpenCoast_60635",9262.86335063383,9209.72768820895,9315.9990130587,4288.10400954941,2902.83674067098,5517.02586435351
"OpenCoast_60636",1500.89963563603,1495.83778388527,1505.96148738678,20.0918811616831,0,37.7993286329377
"OpenCoast_60639",0,0,0,0,0,0
"OpenCoast_60640",1482.12288282812,1473.25400174247,1490.99176391376,686.126615056379,464.358555364657,882.979926631563
"OpenCoast_60641",1677.88587776636,1667.35939159099,1688.41236394173,776.752164817798,525.539110999971,999.89433967344
"OpenCoast_60642",3490.08762534934,3440.78095856235,3539.39429213634,0,0,0
"OpenCoast_60643",624.481202281404,605.212158887101,643.750245675707,74.5649196753915,0,144.123189330382
"OpenCoast_60644",12635.8332281301,12605.9831935121,12665.6832627481,1115.09895555942,0,2095.74973056014
"OpenCoast_60645",808.666804196815,784.743936596694,832.589671796935,96.5572303518585,0,186.400672790359
"OpenCoast_60647",261.6235606804,257.71069881575,265.536422545049,3.50223916741739,0,6.66491048002282
"OpenCoast_60648",6654.55223685228,6620.3594008774,6688.74507282716,534.877612210615,0,1008.04866331574
"OpenCoast_60649",19027.7177230841,18975.409440866,19080.0260053022,2271.96629529363,0,4271.64761312736
"OpenCoast_60654",2590.11471587235,2574.96266763438,2605.26676411033,34.672722832917,0,65.3916686567858
"OpenCoast_60655",236.206104520725,232.732128623924,239.680080417527,67.6552562328023,34.7250395617928,97.4277897551308
"OpenCoast_60656",11055.9288986464,11032.2402863363,11079.6175109566,0,0,0
"OpenCoast_60657",92028.3704949014,91926.8209685109,92129.9200212919,0,0,0
"OpenCoast_60659",8792.82328170979,8711.52566062247,8874.12090279711,0,0,0
"OpenCoast_60661",0,0,0,0,0,0
"OpenCoast_60662",49385.8708768673,49303.9481926414,49467.7935610931,1223.86441844915,608.664321858126,1764.20123462021
"OpenCoast_60663",276.7271021563,274.255874731433,279.198329581168,33.0420420485135,0,62.5070887122017
"OpenCoast_60664",28350.549926317,28289.2587839759,28411.8410686581,1035.63725521478,0,1946.01787992764
"OpenCoast_60665",26032.1484594391,25979.2315999463,26085.065318932,348.480884938519,0,654.72986172635
"OpenCoast_60666",8461.79353254122,8418.11760948888,8505.46945559356,1361.10640660093,311.713144252255,2289.66793660264
"OpenCoast_60667",17861.6115292867,17716.1671984071,18007.0558601663,2132.72973484021,0,4031.43041645514
"OpenCoast_60670",1285.89580655617,1252.16369544456,1319.62791766779,153.539797797752,0,295.439086045027
"OpenCoast_60672",2602.94126716952,2579.01120736487,2626.87132697417,310.798957273973,0,588.105520964367
"OpenCoast_60673",4891.95797832747,4838.44133986699,4945.47461678795,584.114385471937,0,1107.19580972864
"OpenCoast_60675",0,0,0,0,0,0
"OpenCoast_60676",75367.8626726146,75194.6734836363,75541.051861593,34890.4244706896,23700.7942341786,44736.1508257656
"OpenCoast_60679",82.8861013562443,76.0375846123518,89.7346181001368,9.89684792313365,0,20.0898398731649
"OpenCoast_60680",9030.2718725374,8877.845964635,9182.69778043981,4180.42926448864,2798.23012325914,5438.08356873092
"OpenCoast_60681",99.5066153201728,92.2247984523271,106.788432188019,46.065098877004,29.0685612443395,63.2411555185022
"OpenCoast_60682",7332.80526678385,7315.92553894532,7349.68499462238,560.131473170665,0,1052.66412382441
"OpenCoast_60683",732.098075521638,715.868106149954,748.328044893321,87.4146955846732,0,167.536129453729
"OpenCoast_60686",182.932310555111,179.100579003267,186.764042106954,75.3222518801046,46.7743931454076,101.508605320667
"OpenCoast_60687",6426.16022921823,6402.0956839997,6450.22477443676,3614.71512893525,2534.16287491655,4568.90921522604
"OpenCoast_60689",331.635068309448,314.221561780715,349.04857483818,39.5982171115758,0,78.1452033219805
"OpenCoast_60690",11299.9664232863,11209.9793569641,11389.9534896086,1349.24972218344,0,2549.9895872258
"OpenCoast_60692",655.928046475531,650.655494182859,661.200598768203,3.04991008159509,0,5.76454912711722
"OpenCoast_60693",125.767992270354,121.111390209662,130.424594331047,58.2224104483398,38.1733972074387,77.2387222522848
"OpenCoast_60694",6066.1027031737,6009.2423980598,6122.9630082876,724.310770528203,0,1370.81261379573
"OpenCoast_60695",650.560710920253,634.070913053731,667.050508786774,77.6788908561496,0,149.339666146293
"OpenCoast_60696",14122.8161493717,14056.1482240707,14189.4840746727,6537.94644958312,4430.39195929633,8403.15145290023
"OpenCoast_60698",27993.4192366475,27958.7480480338,28028.0904252612,1813.8178443931,0,3405.12064602366
"OpenCoast_60702",3248.84830439851,3229.48600687195,3268.21060192506,1630.56117073826,1124.98362359421,2079.35884015278
"OpenCoast_60703",6568.54218680009,6485.46045903633,6651.62391456386,784.303544692549,0,1489.16953311131
"OpenCoast_60705",8.91914030246947,8.77072384736779,9.06755675757115,0.119396595726173,0,0.227593839980596
"OpenCoast_60706",4492.22346442915,4445.59531421921,4538.85161463909,536.384891275122,0,1016.16080924756
"OpenCoast_60707",9471.17865726218,9458.6326806297,9483.72463389467,5316.06017230815,3733.80216370884,6705.07257339626
"OpenCoast_60710",3455.79839443999,3390.25040068557,3521.3463881944,1722.53862594638,1147.98719054732,2247.68963049676
"OpenCoast_60712",517.294526781406,514.35702146875,520.232032094063,150.742039383613,82.1600531062983,211.53515098053
"OpenCoast_60713",1579.23600862927,1533.33314574505,1625.1388715135,888.320254853967,606.944370190748,1151.14003398873
"OpenCoast_60714",724.069149384971,718.169089281799,729.969209488143,86.4560178370115,0,163.425942422719
"OpenCoast_60717",7922.36563877177,7904.20388675691,7940.52739078663,0,0,0
"OpenCoast_60718",503.690821400592,500.825863680736,506.555779120448,60.1421876299214,0,113.408010250847
"OpenCoast_60722",1877.28508819259,1863.70918492923,1890.86099145594,8.72893108820632,0,16.4851046688458
"OpenCoast_60723",995.071348261852,981.967839421905,1008.1748571018,0,0,0
"OpenCoast_60725",5851.62202465777,5765.01925569728,5938.22479361827,3291.53738887,2281.98678871351,4206.24256214627
"OpenCoast_60727",3337.20243977696,3327.34868811333,3347.0561914406,1877.17637237454,1317.07552237819,2370.83146893709
"OpenCoast_60728",3841.58987269661,3831.9356766892,3851.24406870402,51.4256685534057,0,96.6654469040928
"OpenCoast_60732",4570.97247787987,4550.28204422351,4591.66291153622,1893.98121744705,1202.32152883251,2505.69064951732
"OpenCoast_60733",15.0761171736227,14.2600967071436,15.8921376401019,0.201817328380973,0,0.398889439317917
"OpenCoast_60734",1288.97396624267,1272.38895517644,1305.5589773089,153.907339252856,0,292.289323278113
"OpenCoast_60737",1878.60643740341,1869.34809391522,1887.86478089159,25.1480754566826,0,47.3850240295971
"OpenCoast_60740",36284.6950730993,35951.6676455323,36617.7225006662,18239.5184663494,12309.5763088118,23542.5577087358
"OpenCoast_60742",10182.3107096523,10151.535576786,10213.0858425187,136.306100602772,0,256.346388238424
"OpenCoast_60743",67.633188505135,66.1231867301463,69.1431902801236,0.314478309900913,0,0.602811488552684
"OpenCoast_60746",77909.4918293076,77744.9784672917,78074.0051913234,0,0,0
"OpenCoast_60747",11169.0925828198,11084.9991026384,11253.1860630013,6282.61457783615,4387.81214479435,7971.00679462592
"OpenCoast_60748",151784.824232487,151502.226411711,152067.422053262,84122.0766754672,58848.9027747679,106337.669027285
"OpenCoast_60749",1672.30396662973,1659.89439357759,1684.71353968187,914.274878360115,634.510762842648,1163.48799352491
"OpenCoast_60750",7459.72923791008,7346.01632464037,7573.4421511798,890.713938854935,0,1695.54675026413
"OpenCoast_60751",41891.1759119719,41799.649794982,41982.7020289618,1468.18334659553,109.982403983867,2662.20229605575
"OpenCoast_60753",348.258012086148,343.660032591989,352.855991580306,174.786859434885,119.71313946776,224.500289228977
"OpenCoast_60754",3036.20722667881,2965.39047794896,3107.02397540866,362.532206170604,0,695.602382554178
"OpenCoast_60755",5134.39762185991,5018.99344248355,5249.80180123626,2127.43627439601,1326.16919353994,2864.83993677485
"OpenCoast_60756",290.405296210876,284.701614733404,296.108977688347,158.769142552132,108.829958969665,204.497222940574
"OpenCoast_60757",7069.57441178351,6946.50240547039,7192.64641809663,844.128287974151,0,1610.29397420074
"OpenCoast_60758",1968.30142194889,1961.51525735487,1975.08758654291,26.3487826375616,0,49.5742988036964
"OpenCoast_60760",130.67086410654,129.119566039513,132.222162173567,14.2856356623773,2.50658645068598,24.857594938631
"OpenCoast_60762",541.365467092086,537.876721150544,544.854213033627,2.51722121775926,0,4.75020573786597
"OpenCoast_60764",4035.73478977673,4027.30211285788,4044.16746669558,441.208047646528,78.1816514610912,760.298236683996
"OpenCoast_60765",18054.8014640903,18023.971415317,18085.6315128635,2155.79718974212,0,4049.02198049183
"OpenCoast_60766",10994.6033443114,10867.7887873004,11121.4179013225,5981.23247095556,4122.3733101018,7652.90787760892
"OpenCoast_60767",570.329541300565,558.88487178206,581.77421081907,33.3415630749413,0,63.7699132937858
"OpenCoast_60769",379.714694958089,376.905668636437,382.523721279741,45.3390680546972,0,85.6396390924793
"OpenCoast_60772",343.182841485261,340.157467873839,346.208215096683,172.239687224513,118.493029536919,220.270723120098
"OpenCoast_60773",4621.15164656227,4610.42594946764,4631.87734365689,551.779301082062,0,1036.98746499781
"OpenCoast_60777",6752.56019924393,6722.91931115338,6782.20108733448,31.3978058095128,0,59.1293042244105
"OpenCoast_60778",4605.29400807963,4591.47101202188,4619.11700413738,21.4135265284399,0,40.270875349868
"OpenCoast_60779",5.50677505600049,4.78954213311517,6.22400797888581,3.08490972311483,1.88603065449402,4.39303872939729
"OpenCoast_60780",245746.598807213,245665.269198644,245827.928415783,0,0,0
"OpenCoast_60781",2320.66792640604,2253.8936462165,2387.44220659557,273.252463433794,0,527.090544306437
"OpenCoast_60784",231.646541098443,226.135356304693,237.157725892193,27.6592884893663,0,53.0950132594462
"OpenCoast_60785",182458.631147855,182159.785702245,182757.476593466,98582.624400082,68492.5238582947,125017.570603234
"OpenCoast_60786",66.5126366033495,64.6866630307959,68.3386101759032,0.309268008922674,0,0.595796913027313
"OpenCoast_60787",1066.02694447522,1059.26525364542,1072.78863530503,4.95677283915056,0,9.35289956293103
"OpenCoast_60789",36194.6276754546,36132.9857086777,36256.2696422315,465.298068891526,0,873.919694709683
"OpenCoast_60792",312.718880962338,307.12471734823,318.313044576446,170.968330254554,117.401407852486,219.831678694165
"OpenCoast_60793",10.3044679485678,9.5161025870284,11.0928333101073,1.12653938438689,0.184735238350195,2.08543827004158
"OpenCoast_60795",11971.3465804053,11815.3413780381,12127.3517827726,6733.88245147799,4676.90596214007,8590.20751279725
"OpenCoast_60797",78.39514845606,75.2475901028709,81.5427068092491,44.0972710065338,29.7855044157197,57.7594173232181
"OpenCoast_60799",12880.5079151332,12845.6978748798,12915.3179553867,0,0,0
"OpenCoast_60800",385.790334367426,379.359479307584,392.221189427269,208.135638738487,142.37009467178,267.962235948788
"OpenCoast_60802",20.6196717496046,20.3183941652698,20.9209493339395,0.0958765905593072,0,0.182395237460611
"OpenCoast_60804",8222.972920321,8163.12245886855,8282.82338177345,4155.76176882819,2814.72636357644,5349.76696774587
"OpenCoast_60805",12521.3386648957,12508.1746406956,12534.5026890958,1368.89951248884,242.820062356677,2356.47024281541
"OpenCoast_60806",9929.65379098041,9860.90151673208,9998.40606522874,4956.4958463853,3345.3156425401,6389.80820061216
"OpenCoast_60807",272.48245781596,269.424163281547,275.540752350373,29.7892352925298,5.23030689990289,51.8013039449484
"OpenCoast_60808",2962.19530557861,2926.4371629918,2997.95344816542,353.694961860132,0,671.183607798228
"OpenCoast_60809",264.896403511736,262.362027271871,267.430779751601,132.948586503615,91.3931763462617,170.149547791655
"OpenCoast_60811",3124.94598862264,3027.97751962876,3221.91445761652,34.046118750069,0,65.817346899325
"OpenCoast_60813",643.910994727353,639.369416836649,648.452572618057,352.036267405111,244.40517299471,447.830901123948
"OpenCoast_60814",7574.18182407609,7400.20295566969,7748.16069248248,904.379919292667,0,1734.66284160056
"OpenCoast_60815",11.7873791496224,11.6745338834094,11.9002244158353,1.28865914446326,0.226636669776858,2.2372267503789
"OpenCoast_60819",664.28552533423,659.606467513769,668.96458315469,8.89249721670145,0,16.7908756858972
"OpenCoast_60821",8297.14986171377,8261.24206744492,8333.05765598262,990.704461100152,0,1865.60992298118
"OpenCoast_60822",1725.78715338769,1682.16752193809,1769.40678483729,355.706817957836,130.30198429573,563.880437810799
"OpenCoast_60823",3151.13262063183,3139.22658720275,3163.03865406092,344.498621402517,60.9415216490706,594.647163118296
"OpenCoast_60826",3156.40923427474,3103.43657369113,3209.38189485836,1588.53827971236,1064.24491357925,2065.49216225159
"OpenCoast_60828",44620.1758295848,44485.0771494311,44755.2745097384,600.879648499297,0,1130.06055203355
"OpenCoast_60830",3407.68562964676,3398.34791942707,3417.02333986644,372.546364408835,65.9718206220273,642.395954520464
"OpenCoast_60831",66510.8403554734,66219.0524820529,66802.6282288939,36701.8497435147,25579.7812917446,46538.3093032109
"OpenCoast_60832",278.586022966375,274.344142251205,282.827903681545,24.2019559608586,6.74890738424822,39.9817161324473
"OpenCoast_60833",4258.11799181926,4236.47403355295,4279.76195008557,508.431999023196,0,958.15566046692
"OpenCoast_60835",4555.32303813119,4529.28163509441,4581.36444116796,543.919168732082,0,1025.67860623163
"OpenCoast_60836",149759.822752537,149442.043967016,150077.601538058,77601.3895369166,54419.3423204791,97991.917564916
"OpenCoast_60837",626945.623295603,626231.713584203,627659.533007004,350073.934407918,245578.553189354,441764.896722133
"OpenCoast_60839",16144.0201503093,16124.0838091132,16163.9564915055,1904.68959023847,0,3575.70319146718
"OpenCoast_60840",396.424450557091,393.42293344687,399.425967667312,43.3392348557469,7.63748380369613,75.0915636912015
"OpenCoast_60841",482.261271523137,478.452309439931,486.070233606342,52.7233738458882,9.28815138500807,91.3805732722141
"OpenCoast_60842",70.6514052303401,68.0306525494561,73.2721579112241,6.13778889461318,1.67356433995169,10.3580537135296
"OpenCoast_60843",17049.2558333276,17027.8312973432,17070.6803693119,104.560314176625,70.6330087032498,134.337544556872
"OpenCoast_60844",16880.0584479127,16853.1933354535,16906.923560372,8419.02011568686,5802.41084837853,10717.4900726064
"OpenCoast_60846",210317.434873675,209497.385328764,211137.484418586,116751.805932055,81732.2375037279,147687.602357347
"OpenCoast_60847",588.721310571338,583.480102940149,593.962518202527,64.362153009429,11.3270464356043,111.664182792794
"OpenCoast_60848",25787.8861458255,25762.081888875,25813.6904027759,2885.37529860854,1236.49899479804,4331.38816186869
"OpenCoast_60849",3957.94432950816,3888.27340428345,4027.61525473287,2226.34368534834,1539.10822252887,2852.89413876912
"OpenCoast_60852",62405.8747277025,62135.5037149448,62676.2457404602,23967.2310645343,14690.1782194827,32167.4841199117
"OpenCoast_60854",0,0,0,0,0,0
"OpenCoast_60856",133051.270445104,132260.865795132,133841.675095076,72370.2815441785,50158.8945763225,92086.7800240864
"OpenCoast_60857",468.780945961447,464.306312725321,473.255579197572,259.765439000639,180.316074592961,330.891683679237
"OpenCoast_60858",369.868628667747,339.677381086903,400.059876248591,44.1634183483877,0,89.5656439362518
"OpenCoast_60859",7605.31817859043,7577.18226507347,7633.45409210739,908.097692966021,0,1708.98225942703
"OpenCoast_60860",1831.38215877849,1819.30921273043,1843.45510482654,218.672496570566,0,412.713829438779
"OpenCoast_60861",16.3186784925042,15.8200638868741,16.8172930981343,1.42577082114944,0.221463509234424,2.54900749308472
"OpenCoast_60862",22510.0009653947,22404.984523367,22615.0174074225,12516.7516389941,8739.60051755274,15859.5616205115
"OpenCoast_60863",100.476448366693,99.6607456833441,101.292151050043,0,0,0
"OpenCoast_60865",5326.38091419491,5310.75997270788,5342.00185568194,2780.84544882973,1910.45526965226,3547.89456947225
"OpenCoast_60866",27.9019720993092,26.6236966296348,29.1802475689837,0,0,0
"OpenCoast_60868",544.053699577545,528.454523241815,559.652875913275,64.9616357704531,0,125.295419980584
"OpenCoast_60869",815.280893670894,807.85111215827,822.710675183518,10.9138055870638,0,20.6498714884472
"OpenCoast_60872",389.015021443373,381.34298374412,396.687059142626,212.680630141175,145.772061437391,273.957927937295
"OpenCoast_60873",1917.48656634688,1903.26701106974,1931.70612162401,1040.40240727757,726.476434594323,1320.05559483248
"OpenCoast_60874",11306.3595987306,11260.5984541658,11352.1207432954,9.42223515749149,0,17.7381947487504
"OpenCoast_60875",2104.03863041494,2095.28336766234,2112.79389316754,251.228493183874,0,473.013558171838
"OpenCoast_60876",330.26183548839,328.627512340186,331.896158636593,36.105984966384,6.37961615749599,62.3960472091371
"OpenCoast_60878",131641.031063296,131369.01029054,131913.051836053,65029.5549391653,45235.4450228641,82437.4382611197
"OpenCoast_60880",885.114752440233,880.914723415429,889.314781465037,483.906155083117,336.738213778126,614.173891481982
"OpenCoast_60881",1300.49445071967,1288.31297264116,1312.67592879818,711.000768679629,492.470153651621,906.553337746808
"OpenCoast_60885",8736.75068190997,8719.85585201426,8753.64551180568,4776.51899795708,3333.24963922223,6045.39656901098
"OpenCoast_60886",8237.43566721293,8156.40113360332,8318.47020082254,4633.55756280727,3228.57544871798,5892.24972558263
"OpenCoast_60887",0,0,0,0,0,0
"OpenCoast_60889",20.7025498183304,20.0503587426244,21.3547408940364,6.03281963850105,3.20271420499008,8.68319915055391
"OpenCoast_60892",259.070020225533,254.477378484352,263.662661966714,145.726886376862,100.73062898339,186.761052226422
"OpenCoast_60893",3179.1159360386,3130.74419860601,3227.48767347119,1595.56326331446,1090.58715399289,2053.4493772719
"OpenCoast_60895",5204.38141742953,5154.05294253041,5254.70989232864,2141.08764526435,1344.44268469524,2853.9997501475
"OpenCoast_60897",681.979484052214,666.501374161008,697.45759394342,372.848909210288,254.776627351025,481.674490904356
"OpenCoast_60898",8155.46415056901,8124.74309439538,8186.18520674264,4093.13760672112,2830.23456601321,5208.3597570921
"OpenCoast_60899",87.3058496148418,87.0161482150334,87.5955510146501,7.62795424603041,1.21813045014016,13.2769117238017
"OpenCoast_60901",32.4792889082195,31.8581091291735,33.1004686872655,2.83773115808938,0.445978517898015,5.01705846571804
"OpenCoast_60905",23713.4523432685,23661.6736078634,23765.2310786737,12709.7068499606,8805.30126764128,16144.3764299528
"OpenCoast_60906",23027.3227720411,22797.1278686511,23257.517675431,11915.684636984,8106.57406006237,15328.7506924854
"OpenCoast_60907",9373.71529140469,9313.87745113041,9433.55313167897,4899.20870910587,3355.20765018572,6271.12657867244
"OpenCoast_60908",114.367831097623,95.5910017742208,133.144660421025,62.52669188833,36.5405893840791,91.9516642758542
"OpenCoast_60909",3898.96208833893,3889.62949767057,3908.29467900729,465.547712040469,0,874.991346046408
"OpenCoast_60911",9278.43155948532,9272.66271030924,9284.20040866141,171.10466164976,36.0879254150794,289.404485679958
"OpenCoast_60912",1590820.19292735,1587377.45349264,1594262.93236207,796924.444732804,554019.18114035,1010597.51752168
"OpenCoast_60914",10927.1065859886,10905.5684831162,10948.644688861,5974.02101776199,4168.7595332741,7561.29534239127
"OpenCoast_60915",2631.92730915831,2613.15818560769,2650.69643270894,1480.45911140155,1034.37511513638,1877.5766398355
"OpenCoast_60916",55707.6247123836,55324.9784986072,56090.27092616,23884.0913449177,15288.5674093913,31527.7327959169
"OpenCoast_60917",4579.66400236109,4565.60362788768,4593.7243768345,2503.77433304023,1745.24635541686,3172.49373980748
"OpenCoast_60920",260.373278127855,256.950750888365,263.795805367345,142.35016596195,98.2219215812698,182.181270024752
"OpenCoast_60921",236.697236545162,235.36721338845,238.027259701875,98.0754363338656,62.191104878322,129.89252269951
"OpenCoast_60922",0,0,0,0,0,0
"OpenCoast_60923",2480.65038558491,2467.92852679334,2493.37224437648,296.197060965362,0,558.21766665145
"OpenCoast_60925",1322.99600775719,1317.87539901042,1328.11661650396,548.183040168243,348.222362734738,724.759080001622
"OpenCoast_60927",2961.62441387784,2944.39006553652,2978.85876221916,1665.91373280628,1165.48773427487,2110.0249565719
"OpenCoast_60928",305.538262921135,303.674262253465,307.402263588806,33.4030721756629,5.89520097173853,57.7912267194524
"OpenCoast_60930",1560.90688355664,1553.42747817236,1568.38628894091,783.401968020394,541.132697174265,997.866506143376
"OpenCoast_60931",51089.2303127962,50892.6336071196,51285.8270184728,27968.0029806924,19460.0578141233,35482.6958050512
"OpenCoast_60934",1030.30295031084,996.177343465061,1064.42855715662,426.905750496688,263.220049865637,580.863346053907
"OpenCoast_60935",14472.8478707855,14428.8319242689,14516.8638173022,4559.64550122963,2890.74863402777,6030.49898224509
"OpenCoast_60936",18041.827211884,17949.3326728845,18134.3217508835,9811.01485428188,6804.97836327509,12474.2385975044
"OpenCoast_60937",194931.638720641,194840.354610244,195022.922831039,0,0,0
"OpenCoast_60941",183.381576242939,174.141554176308,192.62159830957,75.984106819881,46.0134421593326,105.114453538553
"OpenCoast_60942",10888.7546071407,10875.2193033843,10902.2899108971,5988.77515751147,4188.74022843846,7568.64061993652
"OpenCoast_60943",91514.7674107834,91392.0060534197,91637.5287681472,10927.1364072577,0,20515.8646495852
"OpenCoast_60944",6215.70187778303,6146.72196320609,6284.68179235997,742.173358541257,0,1407.01831172238
"OpenCoast_60945",679.478733531372,672.682051536073,686.27541552667,74.2842384485076,13.0587157912533,129.018887719513
"OpenCoast_60946",0,0,0,0,0,0
"OpenCoast_60950",243559.078325684,243356.923310343,243761.233341026,128066.427027879,88359.9910684745,162880.412712391
"OpenCoast_60951",120.167480022815,118.872625238026,121.462334807605,14.3483558236197,0,27.1930600315533
"OpenCoast_60952",4594.00961770729,4558.78448182117,4629.23475359341,2584.13040996035,1804.51885738755,3279.04128379533
"OpenCoast_60953",11933.8512627333,11879.9187861743,11987.7837392922,6712.79133528746,4702.46785286066,8491.34681533201
"OpenCoast_60954",374.575632853154,365.345010088998,383.80625561731,210.698793479899,144.615733160228,271.862764395595
"OpenCoast_60955",36029.0662529854,35966.8540262929,36091.2784796778,19697.6571384108,13748.6794783891,24925.1686966311
"OpenCoast_60961",3069.93613264278,3059.94065055912,3079.93161472645,41.0958804216631,0,77.3056603685371
"OpenCoast_60962",9707.37056403735,9698.38952832731,9716.35159974739,46.5522011313664,0,87.3661315422666
"OpenCoast_60963",86566.9286589651,86267.8484064403,86866.0089114898,10336.3496906227,0,19447.6139354082
"OpenCoast_60964",493166.794001163,492977.774453036,493355.81354929,22239.3286592027,0,41714.7234094235
"OpenCoast_60967",5532.25877289291,5487.05047940605,5577.46706637978,3027.67346126057,2098.38983846079,3856.93136437476
"OpenCoast_60969",65833.1030000933,65746.9582861563,65919.2477140302,0,0,0
"OpenCoast_60973",3833.04551804793,3796.73784215458,3869.35319394127,17.8227539308968,0,33.7342050479024
"OpenCoast_60974",1284.2551443787,1218.44494969938,1350.06533905802,310.749357637775,133.409860411957,483.16896660811
"OpenCoast_60975",7.98305130013272,7.53736056510107,8.42874203516437,0.0371192980281776,0,0.0734843519985021
"OpenCoast_60977",2207.4558940307,2193.89624574395,2221.01554231745,36.0238972265057,0,67.9597120020105
"OpenCoast_60978",22193.1947131344,22165.5503375825,22220.8390886862,2567.78353819427,0,4820.59130802696
"OpenCoast_60979",15404.8385637983,15369.5359170356,15440.141210561,108.090473606443,0,203.134087841311
"OpenCoast_60980",0,0,0,0,0,0
"OpenCoast_60981",62243.2754031658,61882.0135888832,62604.5372174485,33770.789993428,23392.7249901175,42980.1211540778
"OpenCoast_60984",4883.16143908508,4870.38060326124,4895.94227490892,583.064052428069,0,1096.10647945722
"OpenCoast_60985",13550.2484593267,13493.9742909593,13606.5226276942,0,0,0
"OpenCoast_60986",9046.51118491439,9032.06559070143,9060.95677912735,5088.66254151434,3575.19262965265,6418.17771854854
"OpenCoast_60987",230438.482524516,230257.227730796,230619.737318235,0,0,0
"OpenCoast_60988",27468.3100725027,27353.8133385308,27582.8068064747,15036.6295355619,10458.9903967254,19082.9709928464
"OpenCoast_60989",23215.8852179201,23106.4084156416,23325.3620201987,8681.16983125295,5253.92450777353,11713.2038308085
"OpenCoast_60990",0,0,0,0,0,0
"OpenCoast_60992",0,0,0,0,0,0
"OpenCoast_60993",120.470931634256,117.519572994872,123.422290273639,67.7648990442688,46.5181643104702,87.4241222771612
"OpenCoast_60994",270.972057107277,267.925778444854,274.0183357697,0.351394549790156,0,0.666271764974283
"OpenCoast_60995",212.290506964611,209.69250362814,214.888510301081,18.5479241211962,2.93546461289393,32.5707841172154
"OpenCoast_60996",5397.1270491666,5355.17831438197,5439.07578395123,644.433080497505,0,1217.70353372043
"OpenCoast_60997",6766.72821955648,6742.55666681284,6790.89977230011,811.32203856788,2.98597321445152,1524.03137199891
"OpenCoast_60998",4413.73012137481,4398.47504373927,4428.98519901036,296.398611111857,0,557.668213246778
"OpenCoast_61003",19266.5243488502,19170.4460382461,19362.6026594543,2300.48051926569,0,4334.91104316141
"OpenCoast_61004",9.08810843056698,8.98402422804244,9.19219263309152,0.12165849750111,0,0.23072217523864
"OpenCoast_61005",410.231073692726,404.059452058951,416.402695326502,48.9828147692807,0,93.2244840283213
"OpenCoast_61006",339.67510034719,337.376358311482,341.973842382899,37.1350932766852,6.54945671259883,64.2906386782771
"OpenCoast_61012",55892.6865508585,55380.4481794395,56404.9249222775,31439.6361848579,21921.4274043615,39953.4884866132
"OpenCoast_61013",314.08955614986,308.670634067681,319.508478232038,157.638087841467,107.524667291228,203.283343589981
"OpenCoast_61014",12458.763920945,12427.7585588127,12489.7692830772,0,0,0
"OpenCoast_61015",42678.6644639357,42641.5699888271,42715.7589390441,7323.59329971194,1988.28949848614,12000.8922967733
"OpenCoast_61016",13.6214199829656,13.5655627351712,13.67727723076,0,0,0
"OpenCoast_61017",7555.38867685679,7493.74086081863,7617.03649289496,902.135961415737,0,1705.3066775138
"OpenCoast_61018",2857.06236641459,2785.4184121448,2928.70632068439,341.14177509428,0,655.680519556206
"OpenCoast_61019",544.203192471948,540.214065072704,548.192319871192,47.5472957543273,7.56240325224337,83.0898482204718
"OpenCoast_61020",487.387751498079,455.685157598673,519.090345397484,274.155610217669,180.375374882808,367.688994656551
"OpenCoast_61021",2043.205911854,2030.184394372,2056.22742933599,1117.0528048736,776.057714134331,1420.06095970522
"OpenCoast_61022",1954.64155703402,1950.20984391507,1959.07327015297,981.013062781679,679.350872649151,1246.43629770987
"OpenCoast_61023",73.6529965806781,73.0153124255886,74.2906807357676,8.79438765142425,0,16.6322419557689
"OpenCoast_61024",18335.2501914014,18300.5827439784,18369.9176388244,7543.99364694935,5135.27498667497,9661.34328144175
"OpenCoast_61025",3138.91157101457,3110.81493860759,3167.00820342154,1751.89083137885,1219.19358259507,2228.13296913616
"OpenCoast_61027",155.57875017881,153.623148871558,157.534351486062,85.0573494613044,58.7239415699765,108.795544289611
"OpenCoast_61030",4833.63262861407,4698.10596394682,4969.15929328132,533.181361219108,17.1035780296401,1011.91626577663
"OpenCoast_61031",0,0,0,0,0,0
"OpenCoast_61034",2925.23509199381,2911.86356533845,2938.60661864917,255.579202757315,40.7628899733309,445.406418646298
"OpenCoast_61035",0,0,0,0,0,0
"OpenCoast_61038",1005.36500037326,1001.39697770875,1009.33302303777,45.5485394829139,0,85.7405861941488
"OpenCoast_61042",6089.24173614765,6060.60945343179,6117.87401886352,670.959175290112,469.936325224324,848.884420894532
"OpenCoast_61044",84.4605507399492,79.9721359922369,88.9489654876615,9.233677790107,1.5524918388373,16.7222901059515
"OpenCoast_61046",825.712199508348,810.667756003206,840.75664301349,451.429845189807,309.885627822917,580.638925598724
"OpenCoast_61049",14107.7439357704,14082.7256424586,14132.7622290821,6369.49688211993,4177.83583792148,8295.39080626932
"OpenCoast_61051",427.155867332148,423.271231158965,431.040503505331,37.3208144277558,5.92533208972783,65.3330751177782
"OpenCoast_61054",197108.583775973,196559.697019199,197657.470532748,110849.645449754,77787.175891377,139977.953440345
"OpenCoast_61056",0,0,0,0,0,0
"OpenCoast_61057",927.738823572622,924.829847016021,930.647800129223,98.8012932287433,0,185.833294060537
"OpenCoast_61060",55343.3642688038,55184.8851831298,55501.8433544779,29783.1716147976,20898.5121547283,37612.1317120428
"OpenCoast_61061",34113.5239476667,33982.0707903953,34244.9771049382,17568.5272511971,12009.319362672,22478.4714784951
"OpenCoast_61064",4755.59394064481,4713.86367943785,4797.32420185176,2599.95799709529,1801.92020091702,3313.10277885877
"OpenCoast_61066",37278.4559370403,37201.2239635815,37355.6879104992,483.257011501727,0,907.984131607463
"OpenCoast_61067",26904.2909277098,26764.2971121138,27044.2847433057,13784.860480219,9638.29982898544,17459.3663814251
"OpenCoast_61070",7944.86371177433,7904.35390352845,7985.3735200202,4468.98583787306,3128.80675348001,5656.30624334764
"OpenCoast_61071",9090.65549792222,9059.06178633236,9122.24920951209,3562.56897754614,2205.20100479214,4760.02230711093
"OpenCoast_61072",11594.5704261162,11525.438704144,11663.7021480884,3907.20778850247,2240.24735920053,5385.96347035161
"OpenCoast_61074",887.841545614397,881.513473827688,894.169617401105,445.597890208388,307.073082194381,568.904432732653
"OpenCoast_61075",37908.8250039724,37789.4901317031,38028.1598762416,11648.5688234651,6342.41818656959,16325.1549931127
"OpenCoast_61076",2644.1171649971,2641.64913359201,2646.58519640219,0,0,0
"OpenCoast_61077",13969.8378938562,13735.834529197,14203.8412585154,1668.04034553507,0,3179.96446086166
"OpenCoast_61078",91.12779474953,90.1731765717959,92.0824129272641,7.9618794382925,1.26232537777388,13.9569881528055
"OpenCoast_61079",103.564177689079,100.475323866937,106.653031511221,56.620164664187,38.4076689699913,73.6561550159867
"OpenCoast_61083",356.791163502282,353.89063783757,359.691689166993,0,0,0
"OpenCoast_61088",11021.9666131431,10946.5462319888,11097.3869942973,5533.01674769464,3741.37423933508,7126.58241271615
"OpenCoast_61089",14747.0612891534,14714.9729552689,14779.1496230378,1760.84313900339,0,3308.76484097862
"OpenCoast_61091",0,0,0,0,0,0
"OpenCoast_61092",9389.15069792225,9340.56388587047,9437.73750997404,0,0,0
"OpenCoast_61093",1724.03545444206,1721.06708655232,1727.0038223318,573.712204712218,383.064861702529,741.224547462463
"OpenCoast_61095",43110.4167224844,43056.5725869685,43164.2608580003,23122.2659739576,16073.7779592472,29308.6649745364
"OpenCoast_61096",14374.886426207,14274.2337075737,14475.5391448403,7893.60245204057,5515.86296182644,10009.6923373874
"OpenCoast_61097",6618.02695560823,6593.65456993612,6642.39934128034,1230.41150396579,391.796521994106,1970.16137084473
"OpenCoast_61098",53615.7021355872,53558.1006507413,53673.3036204331,4956.22730009383,0,9302.90994850816
"OpenCoast_61099",4403.24278420949,4400.37226084924,4406.11330756974,524.039974371894,0,983.215503579583
"OpenCoast_61101",2857.10370781299,2846.64779751657,2867.55961810942,390.029444585755,57.5706207478384,683.237158018355
"OpenCoast_61102",16447.7807360157,16399.8832350193,16495.6782370121,1920.46117498419,0,3611.35076340177
"OpenCoast_61103",1173.39898270413,1165.90563373256,1180.89233167571,128.282233902182,22.6336205575393,222.006226220967
"OpenCoast_61106",4624.64217487533,4598.76181017977,4650.52253957089,222.888308145859,0,420.254311702673
"OpenCoast_61107",0,0,0,0,0,0
"OpenCoast_61110",660.518713333325,658.680574436642,662.356852230008,57.7098389876612,9.22080419664528,100.39383684272
"OpenCoast_61114",37.6102832714447,36.5342099967149,38.6863565461745,7.56798016306629,3.4043022108519,11.4417172736419
"OpenCoast_61115",160.291908539977,157.649205683304,162.934611396649,17.0992872138904,0,32.5897499606953
"OpenCoast_61119",12.1698492322727,11.9796078837468,12.3600905807986,1.06328560496688,0.167701345592426,1.8734265569265
"OpenCoast_61120",0,0,0,0,0,0
"OpenCoast_61121",5253.50757823654,5235.6281679311,5271.38698854197,627.284486953616,0,1180.16126609149
"OpenCoast_61122",3917.44162445112,3904.65647930711,3930.22676959513,0,0,0
"OpenCoast_61125",731.660645677172,723.524229174943,739.797062179402,411.559113193409,286.395007381748,524.022919043743
"OpenCoast_61126",2211.4884250037,2200.16421521148,2222.81263479593,1109.92167608015,766.421872107237,1414.23722799373
"OpenCoast_61128",9.4108608489736,9.24060322269505,9.58111847525216,0.822231457438634,0.129358290318847,1.45221603994401
"OpenCoast_61131",3679.3196163382,3628.58516191909,3730.05407075731,439.321745234412,0,835.086732259099
"OpenCoast_61132",2503.00820750587,2489.15104126449,2516.86537374725,1407.94211672205,985.288953833861,1782.77963973764
"OpenCoast_61134",64.8622738979218,63.1303147238669,66.5942330719768,15.6051608627218,8.463789524033,22.2288035226262
"OpenCoast_61135",3133.42793003498,3124.3137758311,3142.54208423886,1572.63295645554,1088.34713180386,1999.40378981858
"OpenCoast_61136",216838.684770242,216168.006135882,217509.363404603,118787.885191977,82731.0380263874,150577.32896294
"OpenCoast_61137",223840.827390849,223157.283064404,224524.371717295,124377.070754683,86967.4417240275,157356.465571115
"OpenCoast_61138",2924.33891470793,2910.04006731703,2938.63776209883,1598.78207483815,1112.39109557827,2029.46653718147
"OpenCoast_61139",0,0,0,0,0,0
"OpenCoast_61142",187.05394684111,186.21465584343,187.893237838791,22.3347996228192,0,42.0656502624159
"OpenCoast_61144",10657.7939767675,10574.0805333785,10741.5074201565,5778.30547986884,3994.34866202655,7369.02803810681
"OpenCoast_61146",170.883616729001,167.037831896506,174.729401561497,96.1220344100632,66.1191417923668,123.766659439394
"OpenCoast_61147",3953.82067465789,3938.9935461302,3968.64780318557,2203.30556418898,1544.6598893036,2784.9376424005
"OpenCoast_61148",50662.8801380919,50409.7253596828,50916.0349165011,28122.5783210737,19620.2642325245,35653.1554431481
"OpenCoast_61149",6358.99346847202,6308.4238764846,6409.56306045945,759.282802205615,0,1434.97680458047
"OpenCoast_61150",150.794134095249,147.191114539313,154.397153651186,75.6819145719803,51.2736680211515,98.2332919885627
"OpenCoast_61152",1069.72482404719,1067.29876358078,1072.15088451359,93.4623745106734,14.9410098008692,162.506571205906
"OpenCoast_61154",2303.32653838753,2284.24039418551,2322.41268258955,1159.29265317858,783.400840819026,1494.75469684339
"OpenCoast_61155",400.975719629148,394.738501406073,407.212937852222,35.0334422789959,5.5259052287304,61.7215162873931
"OpenCoast_61156",2438.67881629648,2421.85629872226,2455.5013338707,1371.75683416677,958.651451577561,1739.31344482508
"OpenCoast_61158",66.2024460085371,66.07667835354,66.3282136635341,0,0,0
"OpenCoast_61160",43043.2508218504,42859.4691110073,43227.0325326934,20885.5155315834,14153.9676898552,26836.6112005487
"OpenCoast_61165",31334.0775409245,31057.501921775,31610.653160074,17625.41861677,12293.5945107026,22390.8793217191
"OpenCoast_61166",4925.76852093585,4846.13056813714,5005.40647373456,2770.74479302641,1918.26001655428,3545.49625222864
"OpenCoast_61168",230.071314896367,229.15532374659,230.987306046144,20.1014418976023,3.20792270622733,35.0108885230999
"OpenCoast_61169",3220.24205688953,3195.34352663238,3245.14058714669,774.755374653515,428.395061622801,1083.21080050607
"OpenCoast_61173",0,0,0,0,0,0
"OpenCoast_61179",852.293535269521,845.524015996209,859.063054542833,306.62210826796,195.707435942411,405.496778545966
"OpenCoast_61180",112.473610263528,110.530646877743,114.416573649313,60.9794934996007,41.7528446161719,78.4935397115445
"OpenCoast_61181",26489.6901709656,26398.4300127686,26580.9503291626,14590.8435844541,10173.7490306963,18488.503160836
"OpenCoast_61184",24329.8530541143,24270.5663433994,24389.1397648291,13609.6981218561,9539.5101093584,17192.515585838
"OpenCoast_61185",2272.39129352166,2258.67965918862,2286.10292785471,546.712742976934,302.817898519991,763.089091526263
"OpenCoast_61188",255.413148611104,249.92510684311,260.901190379098,51.3944983643004,23.2883260333234,77.163060137527
"OpenCoast_61191",10496.5265672432,10459.7473306763,10533.3058038102,3776.2425412754,2421.04339080218,4971.9535117915
"OpenCoast_61193",11592.75489475,11563.8269017677,11621.6828877323,2789.09131769547,1550.34546266741,3879.25641000254
"OpenCoast_61195",341.593206745092,338.161313090754,345.02510039943,29.8451634489725,4.73388676682498,52.2956673876384
"OpenCoast_61196",5470.86626202163,5433.88742772258,5507.84509632067,2656.03291393553,1777.0703027217,3437.6231829201
"OpenCoast_61197",36705.5721609489,36675.6160850023,36735.5282368954,5912.00397426319,1444.28769186387,9828.23796907826
"OpenCoast_61198",183075.129655868,182500.459317184,183649.799994552,102979.760431426,72239.7651463852,130085.274996141
"OpenCoast_61199",4471.74242320898,4463.66681922157,4479.81802719639,390.698295185855,62.4864302007188,679.008782944175
"OpenCoast_61200",12334.8034096936,12252.944656017,12416.6621633703,6190.7019362235,4268.28357500045,7899.9487424056
"OpenCoast_61202",27941.8350589878,27861.0017766625,28022.668341313,7947.57447758818,4107.45381465994,11329.9346639135
"OpenCoast_61203",1347.85141926255,1340.71579555895,1354.98704296614,271.882429364403,190.311785747332,344.18300082409
"OpenCoast_61204",5647.78783431829,5631.27147613084,5664.30419250573,1358.79660666482,754.976380763126,1890.71484390413
"OpenCoast_61205",56382.9683405103,56340.2130547622,56425.7236262583,2701.54236449904,0,5069.2330274028
"OpenCoast_61207",22101.7170635192,22073.2339112796,22130.2002157587,8296.42242850471,5124.71373412246,11080.1421883947
"OpenCoast_61208",631.023614413569,624.695798142423,637.351430684715,344.990533911749,238.796039650228,440.164288937583
"OpenCoast_61209",11798.6350872379,11777.1108890819,11820.159285394,0,0,0
"OpenCoast_61210",90.8874434270026,90.3733044041445,91.4015824498607,51.124186927689,35.7727663266406,64.7427875686514
"OpenCoast_61212",5758.16755042709,5741.95374864311,5774.38135221107,153.396632586385,0,288.428560477901
"OpenCoast_61213",16.682923598038,16.4953075558221,16.870539640254,1.99199087737768,0,3.77698648662402
"OpenCoast_61216",47.6298131191437,47.2809529687694,47.978673269518,5.68714186497238,0,10.7414940155637
"OpenCoast_61218",854.018566045282,844.293301480055,863.743830610509,466.905380940959,322.739319355383,596.514216052605
"OpenCoast_61221",615.107845413055,605.757149354196,624.458541471914,336.289132696826,231.556557104639,431.260269679939
"OpenCoast_61223",2237.10652937314,2224.3484894916,2249.86456925468,1258.37242277239,880.471277090424,1593.65406988873
"OpenCoast_61224",3856.70236297613,3845.34818101685,3868.0565449354,460.501774683717,0,865.982808567628
"OpenCoast_61225",27150.212007399,27126.334699705,27174.089315093,0,0,0
"OpenCoast_61226",29138.7953211756,29068.6586984618,29208.9319438894,3498.58030935346,17.2186969653714,6560.48844344916
"OpenCoast_61227",317.500974583559,309.520518051474,325.481431115645,0,0,0
"OpenCoast_61233",3194.74214239886,3144.65251308271,3244.83177171501,512.549061240803,148.91319604076,841.647264886005
"OpenCoast_61234",20355.5946111423,20297.6398882387,20413.5493340459,2425.01753129668,0,4559.85344171244
"OpenCoast_61235",26649.4428544054,26587.6468992467,26711.2388095642,14686.7908535802,10253.7604364646,18587.8419603308
"OpenCoast_61236",3843.98773039062,3836.86283651121,3851.11262427003,0,0,0
"OpenCoast_61240",27821.4628199122,27771.6506518351,27871.2749879893,1427.8553714951,0,2682.02219179783
"OpenCoast_61241",7105.39480987791,7097.60759353339,7113.18202622243,0,0,0
"OpenCoast_61246",1255.89595765935,1252.29847767767,1259.49343764103,252.712685672788,116.690698295869,372.502585098598
"OpenCoast_61250",260.462274893002,238.906918365783,282.01763142022,143.012401214892,91.7013553869892,195.621942210424
"OpenCoast_61251",17.9329234000759,17.5645386545014,18.3013081456504,4.31446721768444,2.35485216426838,6.10888006679204
"OpenCoast_61252",34834.0920636528,34727.2640729379,34940.9200543676,11355.2976844857,6408.71495923787,15714.3522848691
"OpenCoast_61253",25816.3919142578,25718.9752941742,25913.8085343414,14244.7045739594,9933.89400706504,18051.6008208645
"OpenCoast_61259",5105.15871537988,5076.33517858228,5133.98225217748,609.571189896105,0,1149.39901168153
"OpenCoast_61261",5503.39310927208,5480.09020455024,5526.69601399392,0,0,0
"OpenCoast_61262",2484.50876080058,2470.01272621443,2499.00479538673,1106.11772668597,718.898489609236,1449.65189460067
"OpenCoast_61264",781.78819626671,767.856826024036,795.719566509385,188.089775923043,102.945448450338,265.606991583324
"OpenCoast_61265",0,0,0,0,0,0
"OpenCoast_61267",13965.880728711,13924.8171805097,14006.9442769124,0,0,0
"OpenCoast_61274",11442.5341845181,11406.204508183,11478.8638608531,2611.15386054802,1108.56294051602,3935.286274408
"OpenCoast_61275",14757.9234116525,14636.7879263307,14879.0588969743,2530.39477234376,680.67417349548,4177.98553920875
"OpenCoast_61276",304.988633980413,300.606904570744,309.370363390083,73.3769633493935,40.3019307108882,103.266194477964
"OpenCoast_61278",1578.15686529014,1574.42672962994,1581.88700095034,454.853354184628,237.436395883891,646.124555204624
"OpenCoast_61279",227.787596598776,219.8587749826,235.716418214953,123.498945517436,83.0514389326252,161.709230085213
"OpenCoast_61280",99583.1626907755,99439.9703628776,99726.3550186733,54102.0202660429,37654.7117645848,68544.3903038394
"OpenCoast_61281",11518.8242306114,11493.3044520715,11544.3440091514,1721.24284098845,833.972401907783,2501.51400374077
"OpenCoast_61286",1398.90453487856,1385.14465051507,1412.66441924206,758.440044658646,523.237047801294,969.134340893
"OpenCoast_61287",2142.97399821853,2137.02415160956,2148.92384482749,0,0,0
"OpenCoast_61288",10373.0422521342,10338.8840032285,10407.2005010399,1902.93068719643,591.539209584411,3058.72743897314
"OpenCoast_61289",3337.40083200024,3327.09967212559,3347.70199187489,1866.46753910921,1307.34053940892,2359.42206002826
"OpenCoast_61292",926.771120365619,913.690534425824,939.851706305415,222.97109779085,122.497161740868,313.717539134173
"OpenCoast_61293",554.574782304805,553.202533411687,555.947031197923,208.85363220578,127.105974726027,280.800052104638
"OpenCoast_61294",244217.333504673,243072.96925333,245361.697756017,114368.650322017,75762.7947347723,148529.415032212
"OpenCoast_61295",3043.56834084167,2960.62708380089,3126.50959788245,363.411145175125,0,699.964835346818
"OpenCoast_61296",686412.490775921,685043.272166578,687781.709385264,385935.565586883,271010.096079946,486990.87342038
"OpenCoast_61299",30634.7693723751,30464.8409943025,30804.6977504478,12747.7673963242,8075.25423367706,16889.9745604763
"OpenCoast_61300",50014.7575601407,49647.9946427046,50381.5204775767,5971.91135046456,0,11279.4448830396
"OpenCoast_61301",21899.6759160008,21832.7551440634,21966.5966879383,5667.66589644135,2718.81584529412,8265.7993818261
"OpenCoast_61302",6280.4749776895,6255.71872368039,6305.23123169862,3225.84486363777,2222.76895575284,4111.9843853236
"OpenCoast_61303",30941.2936316009,30891.6876417446,30990.8996214572,3573.71037057104,0,6711.44971481256
"OpenCoast_61305",9174.26987386049,9132.38603365241,9216.15371406858,4586.944120638,3104.84156711026,5898.1287987392
"OpenCoast_61306",15906.9458790829,15736.6009610641,16077.2907971016,8648.20252445283,5965.13912276376,11056.5312954856
"OpenCoast_61307",407.754963437772,405.061537578448,410.448389297096,172.013325642121,109.443637669509,227.618701774531
"OpenCoast_61308",12697.5001081354,12654.672074589,12740.3281416819,5798.51210179834,3812.70056111149,7550.18737139165
"OpenCoast_61309",12249.669653548,12154.2547326212,12345.0845744747,6286.10956444156,4313.35873821208,8044.81613483028
"OpenCoast_61310",1992.32998740886,1977.07372153247,2007.58625328524,1114.67190254615,777.260567061582,1415.41491924653
"OpenCoast_61311",197.01578141878,188.231298165382,205.800264672178,105.656316239555,70.7632999878592,139.241543872215
"OpenCoast_61312",1669.42456500276,1664.30642425482,1674.54270575071,0,0,0
"OpenCoast_61314",557.576122779474,545.034631088628,570.11761447032,282.33517583565,188.787513866541,368.494475421572
"OpenCoast_61315",32301.0823347258,32254.8072857754,32347.3573836761,11397.0553286702,7777.24358142594,14575.4787353135
"OpenCoast_61316",4972.6136281959,4952.17628208531,4993.05097430649,1196.35700250475,663.931075281531,1666.65406246748
"OpenCoast_61319",26862.8588704366,26837.9809243428,26887.7368165305,13592.215782206,9268.41629511805,17384.1074389031
"OpenCoast_61320",7.00252695197887,6.86348371266929,7.14157019128845,3.14757123892958,2.02389324754969,4.17622296619519
"OpenCoast_61323",5823.16816385065,5770.04419952135,5876.29212817996,2600.44711210146,1686.40169229951,3417.54715887747
"OpenCoast_61324",0,0,0,0,0,0
"OpenCoast_61325",4848.26761078361,4833.19646938339,4863.33875218383,975.573431309542,450.363137116773,1438.36101344975
"OpenCoast_61326",1026.26008103756,986.613806245754,1065.90635582937,570.772915184227,384.95367791001,747.637631220794
"OpenCoast_61328",2613.11931445776,2575.73619052414,2650.50243839137,312.014246502419,0,593.396068296575
"OpenCoast_61332",1471.96577043561,1449.2739051608,1494.65763571042,630.953298991324,400.373128253557,839.978280581095
"OpenCoast_61333",4023.35072952456,3983.76395785231,4062.93750119681,480.40008710741,0,909.612873402271
"OpenCoast_61334",3712.48433000553,3702.56536045854,3722.40329955252,2050.01986984866,1434.34195464238,2592.28341271708
"OpenCoast_61335",435.863802413705,433.398569291759,438.329035535651,104.864111942911,58.1051161640367,146.311918610928
"OpenCoast_61336",36507.6286375618,36393.8484125232,36621.4088626004,18711.4580428222,12781.4626930087,23939.6182309395
"OpenCoast_61337",20485.0489537025,20454.1874167437,20515.9104906613,10802.2660711027,7453.70622213239,13743.0888354026
"OpenCoast_61338",22885.9917395668,22853.9628118931,22918.0206672405,12873.3703535063,9046.3602797077,16233.5979726287
"OpenCoast_61339",4350.95533269959,4338.27234566429,4363.63831973489,1046.7927470466,581.625866942715,1456.55944034
"OpenCoast_61340",38775.1834888075,38702.4340028753,38847.9329747397,19909.9648554999,13624.6053447897,25434.8765813022
"OpenCoast_61343",15208.8787661214,15174.5247498025,15243.2327824403,6740.6598938522,4697.02974140766,8538.7757922543
"OpenCoast_61344",160.062521079767,146.329566435148,173.795475724385,19.1119428154945,0,38.9094348636683
"OpenCoast_61345",2147.37290490306,2116.75764229581,2177.98816751032,432.096600541987,197.24205675046,644.152798629335
"OpenCoast_61349",690.436356093687,678.900646990404,701.972065196971,381.256356402144,263.000267709413,488.853677144445
"OpenCoast_61351",7228.88837142119,7198.7810584023,7258.99568444009,2234.05102973534,1293.29557779663,3065.19239307803
"OpenCoast_61354",17326.0846565355,17260.2453659474,17391.9239471236,9254.77266691278,6395.08712786922,11780.2482783644
"OpenCoast_61356",63744.1965739671,63619.9886187725,63868.4045291617,19087.2101823847,10419.0473971782,26705.9901939071
"OpenCoast_61357",9065.91591941447,9048.58911681798,9083.24272201097,3298.26540963699,2112.22094468439,4340.79559537618
"OpenCoast_61359",230133.612613876,229951.058643824,230316.166583927,95156.3334029597,60670.0198552658,125389.099861042
"OpenCoast_61360",85535.0276991747,85357.6736912186,85712.3817071308,18247.648508799,11630.9814825637,24065.8829672076
"OpenCoast_61363",9781.45331527588,9757.87676682385,9805.0298637279,4988.11664399418,3501.69551570607,6296.47216495576
"OpenCoast_61366",52.6344667167539,48.4752010339917,56.793732399516,26.4166589602414,16.8862187969345,36.134314435136
"OpenCoast_61372",1807.93391221539,1787.1406460097,1828.72717842107,1004.88028601702,696.740243719597,1281.98624214459
"OpenCoast_61377",12806.9048212813,12791.6432560227,12822.16638654,1529.18266522762,0,2870.63426564327
"OpenCoast_61378",59159.0880432153,58997.0133884805,59321.1626979501,17888.3231601051,9643.44048921734,25148.1234620983
"OpenCoast_61379",151.664816973714,148.497549422853,154.832084524575,17.7333681747546,0,33.9444376618535
"OpenCoast_61381",4874.91203073874,4852.80958373271,4897.01447774476,2729.17258021325,1909.37385033887,3454.47877312095
"OpenCoast_61382",35042.5954172133,34933.7724371547,35151.4183972718,11907.0188341788,6877.6353043063,16339.5674304517
"OpenCoast_61385",656.027983115983,652.506864240792,659.549101991174,78.3316994765353,0,147.660246714442
"OpenCoast_61387",0,0,0,0,0,0
"OpenCoast_61388",8308.4620202044,8236.72066657032,8380.20337383847,0,0,0
"OpenCoast_61391",2152.24077531886,2141.59120462373,2162.89034601399,338.403960024065,72.3752849672074,573.688846217611
"OpenCoast_61392",8083.05102106904,8050.55410717793,8115.54793496016,16.3564809230475,0,30.7917002732598
"OpenCoast_61393",1753.14680845333,1739.65038227746,1766.6432346292,421.78814151562,233.232397864689,589.696187576859
"OpenCoast_61395",0,0,0,0,0,0
"OpenCoast_61397",5178.51336398551,4866.49219102088,5490.53453695014,618.329953908718,0,1229.22415006346
"OpenCoast_61398",1978.27811340365,1969.26301895428,1987.29320785303,1092.39772617657,762.875545149602,1383.95192684845
"OpenCoast_61401",35086.5308673949,34923.2075419364,35249.8541928533,161.877782295316,0,304.933692604405
"OpenCoast_61402",788.087954650002,726.006646547145,850.169262752858,441.849307728028,286.184199708909,600.492813771531
"OpenCoast_61403",96.8515088476844,94.1860031335635,99.5170145618053,48.6087052573803,32.8094659247902,63.3164777853712
"OpenCoast_61406",2990.52809742444,2974.89527608593,3006.16091876295,1678.31414748547,1174.13433210063,2125.12395620676
"OpenCoast_61407",473.894274356012,467.053818442513,480.73473026951,265.7268290958,184.137045862872,339.590218835044
"OpenCoast_61408",1572.9722343979,1546.61798546894,1599.32648332686,868.589345730958,599.146496657079,1113.77171698342
"OpenCoast_61410",141.739941311476,141.085486071176,142.394396551776,71.1377149657348,49.1467871417209,90.5966852576001
"OpenCoast_61411",26443.231421895,26354.5401927071,26531.922651083,13682.4690521586,9371.12134931826,17485.7552372763
"OpenCoast_61412",3893.10700258995,3876.43782439029,3909.7761807896,464.848597324173,0,875.323025549911
"OpenCoast_61413",687.403696890286,684.637794961726,690.169598818847,0,0,0
"OpenCoast_61414",0,0,0,0,0,0
"OpenCoast_61416",3279.98218782054,3259.04122396501,3300.92315167608,1646.18692381929,1135.27911183931,2100.1717980046
"OpenCoast_61418",1072.6706506891,1065.18504438077,1080.15625699743,592.324694798878,412.643518715289,752.221326607357
"OpenCoast_61419",1494.56744942064,1484.83329902827,1504.30159981301,824.709570491659,573.559923809185,1047.95662393744
"OpenCoast_61420",43351.0779571986,43248.2313498516,43453.9245645456,11240.2776481765,5404.34788859764,16374.2253012053
"OpenCoast_61422",482.47042847735,473.880080275407,491.060776679292,57.6084093704298,0,109.938979853573
"OpenCoast_61423",36876.5883009847,36672.3949610015,37080.7816409678,20236.4053402356,14066.0324622406,25708.5209414777
"OpenCoast_61424",6956.23243290663,6929.37777634639,6983.08708946686,830.594917361985,0,1563.37770659706
"OpenCoast_61425",0,0,0,0,0,0
"OpenCoast_61427",232117.004067744,231652.198409864,232581.809725624,0,0,0
"OpenCoast_61428",2259.85971251728,2252.37671904122,2267.34270599333,0,0,0
"OpenCoast_61430",24556.7189954063,24387.3556965903,24726.0822942223,12035.9858198985,8076.67375439795,15557.8698225919
"OpenCoast_61434",688.104706754665,675.848677296526,700.360736212804,0,0,0
"OpenCoast_61435",139.836834446638,135.12773162807,144.545937265207,72.1961413563129,47.9096734530534,95.0835745504987
"OpenCoast_61436",27315.4495110751,27171.317621952,27459.5814001981,14891.0100897025,10334.1695083605,18929.6389464531
"OpenCoast_61439",34.9469101217554,33.6549894900471,36.2388307534638,17.5394691727116,11.7236340234867,23.0565108134801
"OpenCoast_61440",366.935027107998,348.580804475093,385.289249740903,184.160647505782,121.427278427382,245.13555123794
"OpenCoast_61441",0,0,0,0,0,0
"OpenCoast_61444",4481.80793790535,4457.96590118273,4505.64997462796,2249.37002702191,1552.92161746494,2866.66443706483
"OpenCoast_61445",0,0,0,0,0,0
"OpenCoast_61446",35605.4887220568,35462.7315202028,35748.2459239108,18295.7672747872,12495.9966376674,23420.0770059241
"OpenCoast_61449",478.259747093032,471.05370570754,485.465788478524,57.1056414439442,0,108.686370554894
"OpenCoast_61450",6927.72606428373,6915.39759192148,6940.05453664598,0,0,0
"OpenCoast_61451",0,0,0,0,0,0
"OpenCoast_61452",0,0,0,0,0,0
"OpenCoast_61453",985.436710220658,978.780691604753,992.092728836563,544.297593670845,378.551663416397,691.713549328563
"OpenCoast_61454",1592.70125162665,1582.54233723214,1602.86016602116,190.173283776316,0,358.849290900259
"OpenCoast_61457",27491.9447358269,27457.5789500644,27526.3105215894,12351.4234615317,8268.24127957874,15935.0473739782
"OpenCoast_61459",743.697764482244,734.823094166605,752.572434797882,418.329992521262,290.867474774281,533.072141315166
"OpenCoast_61461",0,0,0,0,0,0
"OpenCoast_61464",711.371768191506,706.490593807713,716.252942575299,357.029653124182,246.104286120395,455.707134372591
"OpenCoast_61465",234295.417606065,233404.423695601,235186.41151653,47746.2030238153,17598.0044479522,74348.7629435301
"OpenCoast_61466",0,0,0,0,0,0
"OpenCoast_61467",6395.91254509455,6342.49974239363,6449.32534779548,763.691050160544,0,1443.87880920794
"OpenCoast_61468",704.454171213466,697.948194296867,710.960148130065,170.34781892844,78.1777318050348,252.671185093598
"OpenCoast_61470",414.875139957051,413.097829147268,416.652450766835,49.5373301441256,0,93.2803994254108
"OpenCoast_61473",87.8643022185442,85.383435272394,90.3451691646944,10.4912599663933,0,20.2265304100062
"OpenCoast_61474",954.154268148761,941.558894313206,966.749641984316,522.078593927283,360.713862809577,667.750414739742
"OpenCoast_61476",1002.48753280874,998.189281693965,1006.78578392351,548.524802570833,382.409123624267,695.404058685865
"OpenCoast_61477",0,0,0,0,0,0
"OpenCoast_61478",189.348740572777,182.415740961615,196.281740183939,78.0112140165403,47.6806404805161,106.734863827665
"OpenCoast_61480",615.032986916701,608.170727389514,621.895246443887,271.29829501021,174.784124953686,357.972571248097
"OpenCoast_61483",113.33731193682,112.135655652858,114.538968220782,58.7148188580482,39.9346481098773,75.5657969599522
"OpenCoast_61485",131.432490840432,128.086423798765,134.7785578821,71.915089943962,49.0702695083329,93.0938414821327
"OpenCoast_61486",633.152907230954,628.537690967983,637.768123493924,0,0,0
"OpenCoast_61487",351.464610542909,346.684465109906,356.244755975912,84.989531303912,38.8324023986315,126.607356140229
"OpenCoast_61490",233.10704644058,229.086090083083,237.128002798078,110.523525895829,72.5953920374762,145.05540293148
"OpenCoast_61491",32369.5821276106,32314.0907704233,32425.073484798,14778.7531812042,9732.88362510005,19212.1435979461
"OpenCoast_61494",80509.6524075557,80371.8486755539,80647.4561395574,42351.6698155478,29196.4026281189,53910.844968875
"OpenCoast_61498",2082.36881921294,2068.54588096565,2096.19175746023,1139.39665886734,792.465749756653,1447.87528707541
"OpenCoast_61500",390627.687278831,389830.124532493,391425.250025168,208994.598988158,144775.636245117,265467.930284054
"OpenCoast_61501",5659.39983519786,5639.20344435687,5679.59622603885,3090.22670934895,2149.23588161397,3920.80071261979
"OpenCoast_61502",4556.47678639979,4538.51630226075,4574.43727053883,2561.66007325336,1795.54409005497,3238.50943464498
"OpenCoast_61503",12659.9032943353,12599.566776988,12720.2398116826,4187.26938125723,2378.84586649055,5787.12249717662
"OpenCoast_61504",50523.4432114194,50445.2635238461,50601.6228989926,16221.0376679021,10665.3792357634,21100.3759685254
"OpenCoast_61505",52655.9975466654,52569.4503560745,52742.5447372564,26549.1607367908,18070.8597400828,33997.4298154302
"OpenCoast_61507",303.842942704487,300.449761540725,307.23612386825,73.4738819096641,33.6536165155931,109.189967574881
"OpenCoast_61508",0,0,0,0,0,0
"OpenCoast_61509",1860.58180825097,1725.59698344531,1995.56663305663,222.159021880713,0,446.768649191782
"OpenCoast_61510",37856.4718096932,37673.2030367723,38039.7405826141,20264.2056291477,13996.5775729274,25813.1654767551
"OpenCoast_61511",82675.9443032273,82611.1962486119,82740.6923578428,44583.7519737559,31087.5134750216,56415.7886383687
"OpenCoast_61513",595.716336872517,558.563655692035,632.869018052998,230.873141006748,133.803687626588,327.23168274856
"OpenCoast_61514",1523.40096693259,1498.69800753507,1548.10392633012,181.898622917325,0,346.590431267938
"OpenCoast_61515",1187.22965971399,1179.02044206192,1195.43887736606,654.001348535761,454.439230243509,831.559995065756
"OpenCoast_61516",51427.7269585456,51374.2303581305,51481.2235589607,10480.8209731969,5086.85064299846,15211.7173612098
"OpenCoast_61517",6216.60764426346,6202.30434042528,6230.91094810165,1503.27103821386,694.725037275088,2214.43024283479
"OpenCoast_61518",70261.2813201078,69992.4867229907,70530.0759172249,37935.0917083752,26293.1706681936,48217.178586494
"OpenCoast_61519",33566.4901437615,33520.2368837801,33612.7434037429,0,0,0
"OpenCoast_61521",828.753521087093,810.349512240035,847.157529934152,462.286103681341,317.367415906388,595.724915609144
"OpenCoast_61522",17611.2536868404,17507.6326116174,17714.8747620634,0,0,0
"OpenCoast_61523",13148.1258886191,13059.960787054,13236.2909901842,6276.12388775362,4224.4510735059,8100.33924017138
"OpenCoast_61524",176.165505360787,174.044283536373,178.286727185201,17.2170343750148,0,32.6706486636319
"OpenCoast_61525",445.532896108758,430.512057366158,460.553734851358,241.699267391109,162.717197071902,316.152155246647
"OpenCoast_61526",38762.2660181641,38718.5220088041,38806.0100275242,0,0,0
"OpenCoast_61527",81.6478822343206,80.7024933992428,82.5932710693983,24.6596514044858,13.1659487287582,34.9821041616461
"OpenCoast_61528",1039.48295783492,1022.35367069837,1056.61224497147,573.998575753574,396.051013177443,735.825265532772
"OpenCoast_61529",737.516506626029,733.639953555913,741.393059696147,370.151409302433,255.561699790187,471.702225003201
"OpenCoast_61530",404.279153204499,401.018628297999,407.539678110999,192.978533385038,129.715823993028,249.405943778167
"OpenCoast_61531",620372.525588082,619552.153745145,621192.897431019,117321.389367355,80927.5470351887,149269.368168991
"OpenCoast_61533",9632.7022571803,9603.21063205099,9662.1938823096,4966.61476457692,3398.91615225474,6348.59531402632
"OpenCoast_61534",2714.3783879545,2706.36850695354,2722.38826895547,1295.68085865298,875.417739066689,1666.04591409753
"OpenCoast_61536",241.011075186659,238.727564982529,243.29458539079,57.9846553622885,32.0058576047801,81.2104485222528
"OpenCoast_61537",440.223309280311,435.108902988815,445.337715571808,240.874221281844,166.69144552494,307.602331935643
"OpenCoast_61538",7364.60712445828,7326.70416606772,7402.51008284883,3691.51983800003,2499.27024949516,4747.73477442085
"OpenCoast_61540",12471.5735015786,12431.0992524704,12512.0477506869,3376.23721868697,2203.9005942612,4410.01869713511
"OpenCoast_61541",3412.98502826933,3400.81636265024,3425.15369388843,821.127246818748,455.942506056875,1143.29822544773
"OpenCoast_61542",16163.1526340414,16130.376211406,16195.9290566769,7715.31617564771,5217.6255513627,9911.5771756697
"OpenCoast_61543",1553.95731782012,1541.13839415351,1566.77624148673,850.269058780812,590.414456957316,1082.19898888166
"OpenCoast_61544",34510.7874034942,34432.8355737131,34588.7392332753,6793.50285825759,4269.22540627573,9014.10361283881
"OpenCoast_61545",8435.85614842455,8415.63490505942,8456.07739178968,3996.10383369926,2663.62788786675,5168.78034096265
"OpenCoast_61548",16549.4437882642,16521.1904644367,16577.6971120917,1976.05298964349,0,3711.42472658771
"OpenCoast_61549",39926.5044219585,39859.0880939202,39993.9207499967,11821.3838040276,7431.0013750115,15678.3994703828
"OpenCoast_61554",50252.2350319038,50186.386988122,50318.0830756855,6000.26686948105,0,11265.2424796311
"OpenCoast_61556",10068.0796650611,9993.83129958806,10142.3280305341,5029.46750347205,3393.84815041893,6486.05399340601
"OpenCoast_61557",40623.3177243741,40568.0030729358,40678.6323758125,14098.726972612,8434.47143677314,19070.8201118053
"OpenCoast_61559",1162.62136097787,1150.83976078715,1174.40296116859,418.266005863422,266.376701906999,554.344195051123
"OpenCoast_61564",1959.28892097072,1939.25376438272,1979.32407755872,0,0,0
"OpenCoast_61565",45.4567858151011,37.7777090274668,53.1358626027354,2.19082594954488,0,4.80173468138934
"OpenCoast_61566",0,0,0,0,0,0
"OpenCoast_61567",105459.909739841,105348.798000418,105571.021479264,49849.1719909454,34958.5181189783,62912.4464189498
"OpenCoast_61568",985.929771645507,962.542570422966,1009.31697286805,287.304536917451,153.750304559279,410.405367357792
"OpenCoast_61569",0,0,0,0,0,0
"OpenCoast_61570",2978.59263991233,2962.16207553421,2995.02320429044,355.652852526845,0,670.527583050099
"OpenCoast_61575",6.06343172951757,5.85799131931602,6.26887213971911,3.3149734842296,2.23927410992311,4.32937546693149
"OpenCoast_61577",118656.595735159,118035.326881002,119277.864589317,64961.8951524846,45138.3409914548,82529.4827654739
"OpenCoast_61578",13039.8515069984,13010.8327180131,13068.8702959838,1556.99719486549,0,2925.86648417548
"OpenCoast_61579",153895.792048321,153690.295734026,154101.288362617,52538.1778854602,33351.0460052323,69380.4191736489
"OpenCoast_61580",419436.842297284,419013.967347214,419859.717247355,232396.784874071,162750.986044475,293488.735966635
"OpenCoast_61581",235091.009167107,234788.374844005,235393.64349021,129221.479222353,90645.3673803924,163083.011115879
"OpenCoast_61582",136.518047657464,135.447404730629,137.588690584299,1.82750686643775,0,3.45344829541167
"OpenCoast_61585",13166.3512733196,13147.0314250654,13185.6711215737,2626.00906738264,1369.05833498096,3729.54516686887
"OpenCoast_61587",199.567706211123,197.446325665502,201.689086756744,17.4363268747676,2.76403157913954,30.5701393450406
"OpenCoast_61589",0,0,0,0,0,0
"OpenCoast_61590",0,0,0,0,0,0
"OpenCoast_61591",959.982103003922,951.837721100555,968.126484907288,524.83731305179,363.849218874833,668.602415111952
"OpenCoast_61593",36842.982628823,36785.2151576705,36900.7500999755,6855.87770069592,2195.75163370151,10947.6091169053
"OpenCoast_61596",9.29726341849849,8.79132096892036,9.80320586807662,5.09584980516257,3.36682299308815,6.78961855684585
"OpenCoast_61597",601.680088692829,594.954416528649,608.405760857008,338.445049889716,235.502789875924,430.954080607047
"OpenCoast_61598",10582.4736063156,10552.8539238311,10612.0932888001,3304.49355677448,1818.11398873441,4613.48731334037
"OpenCoast_61600",9385.19375711232,9358.89935760657,9411.48815661806,4275.07990358936,2989.43869271738,5407.77540722624
"OpenCoast_61601",13.6542486379964,12.6616539823433,14.6468432936495,1.49275527195481,0.245799542926775,2.75358753584147
"OpenCoast_61603",2392.04697861249,2384.53325457944,2399.56070264555,334.956778482565,43.9379282130319,591.328751839389
"OpenCoast_61604",8255.22463663147,8239.32447628633,8271.12479697661,4513.26113619318,3149.56185103361,5712.16065376054
"OpenCoast_61606",435.435890298116,422.295187265065,448.576593331166,240.446059244389,163.593521077729,312.38895107505
"OpenCoast_61607",38517.7169765611,38380.2615122085,38655.1724409137,21666.2157993156,15192.1868485825,27380.7471456472
"OpenCoast_61610",52900.5283685539,52827.9676116986,52973.0891254092,6316.48099923031,0,11859.6468191215
"OpenCoast_61611",1037726.59914922,1036041.98367629,1039411.21462215,582596.307425791,409104.673924529,735010.690518453
"OpenCoast_61612",763579.697316281,763074.939642791,764084.454989772,338149.900562604,237563.228206315,426307.359360181
"OpenCoast_61613",6368.55304951583,6362.18099451585,6374.92510451581,68.3023653579223,0,128.195072402808
"OpenCoast_61615",1627.15956384781,1586.38170921738,1667.93741847825,753.269176688766,500.015555958331,987.768876420934
"OpenCoast_61616",5053.57572076223,5025.11653475646,5082.034906768,572.774829691388,0,1080.00076544218
"OpenCoast_61617",3167.09214040486,3151.96440491646,3182.21987589326,378.16025557073,0,712.437285647746
"OpenCoast_61619",1727.26608527282,1685.49467300622,1769.03749753941,616.178265636503,357.354592220225,855.090571445455
"OpenCoast_61621",26772.4322490578,26596.1441627492,26948.7203353663,15059.493140095,10527.6403977549,19088.6769042178
"OpenCoast_61622",50504.7301053999,50482.8986054442,50526.5616053555,8.53684938143193,0,16.0135117030025
"OpenCoast_61627",0,0,0,0,0,0
"OpenCoast_61628",8872.62029812206,8839.01122608063,8906.22937016348,1058.08614116023,0,1991.42647900167
"OpenCoast_61629",9581.76399794658,9537.68512433327,9625.84287155988,5389.74224884495,3775.33369504859,6818.30536735492
"OpenCoast_61630",26148.2393505607,25962.2451638617,26334.2335372596,10987.2432374735,6976.14779397934,14556.0283506205
"OpenCoast_61631",34582.3438084099,34328.6103646363,34836.0772521835,15937.760636443,10471.5510029899,20804.5028929196
"OpenCoast_61632",0,0,0,0,0,0
"OpenCoast_61633",4485.16555908418,4451.14883290891,4519.18228525945,535.542156308559,0,1011.75722804316
"OpenCoast_61635",0,0,0,0,0,0
"OpenCoast_61636",173840.325532039,173128.816109773,174551.834954305,97615.5333608893,68379.2228923506,123454.640200409
"OpenCoast_61637",42791.7314369037,42661.3608663862,42922.1020074213,8097.06207080364,4197.11655975096,11533.3225619644
"OpenCoast_61641",1973.43186524155,1938.38113581218,2008.48259467091,1049.8713158308,714.466323383363,1355.70516245752
"OpenCoast_61645",4489.7953135973,4442.90197137717,4536.68865581743,1729.01888594135,1054.54830055109,2333.56233963967
"OpenCoast_61647",0,0,0,0,0,0
"OpenCoast_61651",13585.4478020383,13530.9112490277,13639.984355049,7433.46408764883,5183.73018772286,9421.36910589651
"OpenCoast_61652",82711.1488196922,82448.9486464924,82973.348992892,0,0,0
"OpenCoast_61653",1552.54735446002,1507.40467402173,1597.69003489831,667.551964415077,418.216908600464,900.196250210759
"OpenCoast_61654",31310.7870804314,31248.8339268468,31372.7402340159,17132.126574693,11971.5162398522,21669.6850901199
"OpenCoast_61660",213534.728417582,213165.319599982,213904.137235182,25116.7051454287,0,47175.2930788232
"OpenCoast_61661",1380.46074885781,1375.53984966402,1385.38164805159,776.509171232516,544.484523825342,981.312000703211
"OpenCoast_61663",5197.50883417069,5107.0112234822,5288.00644485919,1847.51027357316,1178.35015729783,2456.79983284615
"OpenCoast_61664",614.635511087176,601.073727167574,628.197295006777,341.548627882179,234.269915503924,440.297812767462
"OpenCoast_61666",2656.8619828909,2649.54242985952,2664.18153592228,1494.48486537613,1048.77721181939,1887.12858794495
"OpenCoast_61669",16632.7561757425,16597.8762410856,16667.6361103995,7842.01980439796,5428.09754732278,9965.07432493495
"OpenCoast_61670",1433.51217372936,1389.73052000912,1477.2938274496,651.693203716168,416.160695000629,872.160046194482
"OpenCoast_61671",1003.4533212899,988.088227673795,1018.818414906,531.245437468829,361.91631993636,684.811832544436
"OpenCoast_61672",187.11105375437,185.436966801485,188.785140707255,104.025404775756,72.3179773130524,132.371973725504
"OpenCoast_61673",0,0,0,0,0,0
"OpenCoast_61677",4831.51076112162,4810.30900180684,4852.7125204364,2277.96299504078,1573.1426186887,2901.28969839456
"OpenCoast_61678",711.262522329836,692.905992373153,729.619052286518,356.618863989252,236.745813614334,467.789009521611
"OpenCoast_61679",2569.25285395828,2512.60290787906,2625.9028000375,990.99546189804,597.758390329981,1352.46267471745
"OpenCoast_61682",1881.36665640064,1873.69889608307,1889.0344167182,887.027647308677,612.766370499502,1129.3964087212
"OpenCoast_61683",7488.18088194285,7459.85693598502,7516.50482790068,4212.10174609286,2952.86003716074,5324.19091976298
"OpenCoast_61684",1247.83232970546,1230.76049413486,1264.90416527605,588.32858118786,402.50258060234,756.247852869255
"OpenCoast_61686",287.5534717125,284.83176800767,290.27517541733,144.176009840039,97.3187263530985,186.107443838872
"OpenCoast_61692",2478.41205055974,2452.8448380979,2503.97926302159,295.92979708176,0,560.592372318265
"OpenCoast_61694",2484.72939355775,2474.3891901449,2495.06959697061,1157.17816238121,765.5090440114,1503.31967359579
"OpenCoast_61695",9479.69879012043,9449.59242249551,9509.80515774536,1131.90433314871,0,2129.06085621165
"OpenCoast_61697",3630.02736160416,3620.37093585213,3639.68378735618,1899.21521503544,1305.94605868068,2421.70286254215
"OpenCoast_61698",3557.41514857695,3455.28289695772,3659.54740019618,1113.59091434449,597.68375817502,1594.0386078266
"OpenCoast_61699",46200.6936775772,46148.5990880515,46252.7882671028,9776.49299850611,3801.30200775177,15017.9451572977
"OpenCoast_61701",0,0,0,0,0,0
"OpenCoast_61702",10138.9520308062,10094.0499772459,10183.8540843665,1210.62113800671,0,2279.96733232085
"OpenCoast_61703",510.324764548378,488.275366303538,532.374162793218,72.5737152743012,9.94862049017035,132.463842681467
"OpenCoast_61706",175.935713446778,174.893311030008,176.978115863548,26.8630563451835,15.4178547627152,37.0152205884047
"OpenCoast_61707",3289.7131115021,3268.39050601888,3311.03571698531,1850.46362521993,1293.73790863247,2345.31696619793
"OpenCoast_61708",34613.1094752669,34542.5314937295,34683.6874568044,3325.77566306714,0,6248.54455786243
"OpenCoast_61709",251.488371784286,248.160522851016,254.816220717556,141.462209128661,98.2302069618607,180.494823008269
"OpenCoast_61710",200073.880306187,199709.226909638,200438.533702736,109329.768392548,76187.5999448918,138459.338286585
"OpenCoast_61711",14265.9979884618,14244.6193742942,14287.3766026294,6726.139526904,4658.49861542861,8541.98932653119
"OpenCoast_61712",1517.44747459607,1512.60209238658,1522.29285680555,231.694158123625,133.344604415397,318.389681231861
"OpenCoast_61714",133761.236535936,133620.651346579,133901.821725292,71834.6206312975,49851.9455521548,91119.2345187564
"OpenCoast_61715",172121.361181405,171989.627515037,172253.094847773,20551.8043201678,0,38564.1257121881
"OpenCoast_61716",1414.61872738143,1399.47836623144,1429.75908853142,709.273591253191,478.161032082247,916.677800261153
"OpenCoast_61717",5523.56541210621,5499.09452097362,5548.03630323879,659.530198460443,0,1242.09767982958
"OpenCoast_61718",944.553270631314,937.306932234944,951.799609027684,8.49610972024744,0,16.0524176376977
"OpenCoast_61719",399.442264855868,397.238798706247,401.64573100549,47.6945987887604,0,89.9206860460052
"OpenCoast_61720",6731.02737776216,6694.86505011582,6767.1897054085,2481.54373247857,1490.81683047482,3359.3352286597
"OpenCoast_61724",1710.75252578143,1703.42695543388,1718.07809612899,962.298295752057,674.273169859246,1216.97198475803
"OpenCoast_61725",47268.776213604,47174.0354950359,47363.5169321721,25027.5154384661,17281.2047479921,31838.8562376437
"OpenCoast_61726",1417.77925206274,1410.67759971097,1424.8809044145,797.500829285289,558.393216552259,1009.29064062694
"OpenCoast_61727",690.050840065032,687.715708310039,692.385971820026,0,0,0
"OpenCoast_61728",5610.86379691215,5574.74939453373,5646.97819929056,2554.54528855529,1672.73200868154,3337.99780097655
"OpenCoast_61729",31893.0852159812,31842.6472530901,31943.5231788723,0,0,0
"OpenCoast_61733",7.08658373099814,6.65498852808513,7.51817893391115,3.08974381250355,1.98168038997275,4.18722166434494
"OpenCoast_61734",559.234711204741,556.247663894854,562.221758514627,314.569525052667,220.18136695838,398.240412281194
"OpenCoast_61735",111938.206479984,111471.343289277,112405.069670691,14675.6650139063,1179.3563298935,26591.0564526423
"OpenCoast_61736",98661.0400332943,98540.1789538001,98781.9011127885,52569.2919652064,36700.1849488069,66496.7336315388
"OpenCoast_61737",1544.5538055395,1537.21623293579,1551.89137814321,235.832936323793,135.514482965135,324.580253388527
"OpenCoast_61738",30446.4715419506,30368.6482288288,30524.2948550723,11092.218385681,6644.3977251957,15007.4250071296
"OpenCoast_61741",2240.60960453274,2229.61701820306,2251.60219086242,1212.05230301934,839.628780009616,1541.82813374939
"OpenCoast_61742",11543.8510352086,11527.3667352596,11560.3353351575,6493.41620730482,4562.91599937359,8188.57086240326
"OpenCoast_61743",8120.38229441067,8068.00129190466,8172.76329691668,2056.12630333692,1437.57035775015,2605.89784697204
"OpenCoast_61744",1149.51947614628,1145.28674794526,1153.75220434731,602.527291435844,414.111836526278,768.872390218357
"OpenCoast_61745",31290.4765542533,31255.679701765,31325.2734067416,15694.3201511045,10670.7288128259,20101.897505445
"OpenCoast_61746",89791.4240174266,89700.6338730288,89882.2141618245,46677.7748892123,32716.781592358,58924.1885335995
"OpenCoast_61747",614.995682883548,607.153107332308,622.838258434788,128.896203920692,63.5874926012531,187.68591824523
"OpenCoast_61748",2276.1011315923,2265.90910262542,2286.29316055918,271.773269443857,0,511.85667773713
"OpenCoast_61749",2227.5945426838,2187.7553397548,2267.43374561281,265.981437932394,0,507.634420659584
"OpenCoast_61750",114.9933091755,110.199541349582,119.787077001417,57.6563251922817,37.6519764064666,76.8004589907242
"OpenCoast_61752",35.7929001206803,35.714735717585,35.8710645237756,4.2737791188872,0,8.03083534114378
"OpenCoast_61754",14574.3834120576,14530.92223327,14617.8445908452,6917.21238503458,4610.98430286945,8949.70355267545
"OpenCoast_61756",3020.92480011884,2984.03788704714,3057.81171319054,1614.02136323918,1105.95593209849,2071.60648685569
"OpenCoast_61757",46383.8160532518,46324.9442998792,46442.6878066245,0,0,0
"OpenCoast_61758",3574.97660790998,3555.36098371957,3594.5922321004,426.862878556416,0,804.759454947851
"OpenCoast_61761",928.67656214955,925.46389621619,931.889228082909,437.852867877555,302.659703700642,557.148317790452
"OpenCoast_61762",1896.82562417327,1883.50565454137,1910.14559380516,1066.96441359746,745.554321589294,1353.01979561199
"OpenCoast_61765",928.104887852455,921.181588392079,935.028187312832,141.105799146772,38.4622503600665,232.386646260673
"OpenCoast_61766",21023.8106966248,20973.1875118395,21074.4338814102,10781.9938943736,7376.05962381936,13779.7085989825
"OpenCoast_61767",4200.2001227986,4186.18768457574,4214.21256102145,1351.25972753312,947.714188468796,1707.26304670262
"OpenCoast_61769",86420.4640878497,86294.546895236,86546.3812804634,13861.316412974,3159.98225297388,23254.7828750709
"OpenCoast_61770",3597.69622569251,3569.0225868304,3626.36986455462,1546.90881146427,990.195677851483,2043.22771166132
"OpenCoast_61772",3982.6285632006,3942.3960699777,4022.8610564235,628.70589677287,173.321641307178,1035.98025567588
"OpenCoast_61773",7468.6384965301,7404.55238499781,7532.7246080624,891.777730928968,0,1686.43088240203
"OpenCoast_61776",0,0,0,0,0,0
"OpenCoast_61777",136.177423826379,133.1560817858,139.198765866958,20.7039360165773,5.55968836019671,34.5956782933051
"OpenCoast_61779",865.646580317138,855.46982401318,875.823336621096,181.429823404038,89.5938445313113,263.920375680555
"OpenCoast_61780",4085.42621144912,4060.69069736261,4110.16172553563,487.812084949149,0,920.185460940813
"OpenCoast_61782",956.240211129445,946.462041884769,966.018380374121,114.177935657247,0,216.272771725549
"OpenCoast_61783",3996.51839601789,3979.71291876289,4013.32387327289,1137.69747147917,587.566610702733,1623.69002639759
"OpenCoast_61787",23236.5674640777,23193.7481988929,23279.3867292626,7244.90159355159,3986.18577538412,10108.4317908225
"OpenCoast_61789",23257.8294021299,23193.2116913404,23322.4471129193,13082.5290386981,9180.64629448892,16520.0667049845
"OpenCoast_61790",72292.1501281004,72223.3910928066,72360.9091633942,23022.1021268681,14547.883005679,30453.8630300495
"OpenCoast_61791",1492.1909581902,1481.05747447855,1503.32444190185,838.143951046685,585.175978196257,1063.51819466429
"OpenCoast_61793",45420.116284935,45301.6688814016,45538.5636884683,4636.97883206218,0,8717.00855552335
"OpenCoast_61795",2349.75778967517,2329.27518447028,2370.24039488006,330.111856019458,43.8732916883981,585.290856566049
"OpenCoast_61798",2059.53987751763,2002.98111635025,2116.098638685,885.544577483276,555.710477021536,1192.2863747107
"OpenCoast_61799",14047.0959561206,14011.6727666285,14082.5191456126,0,0,0
"OpenCoast_61801",15139.2506262405,14936.7546528233,15341.7465996577,2487.13094985525,598.864835687665,4187.53119214283
"OpenCoast_61802",114.782636135513,113.040460987798,116.524811283228,57.5506961483851,38.6226359743812,74.7088852519006
"OpenCoast_61805",1559.55327039162,1553.56102090855,1565.54551987468,877.248714595286,614.95123744297,1108.9280765779
"OpenCoast_61807",20992.2731493925,20930.7699215581,21053.776377227,9564.06333953261,6286.24918996005,12452.3644793846
"OpenCoast_61808",11828.5520476586,11685.5255164251,11971.5785788921,2303.13494294813,786.133018488833,3665.88941375787
"OpenCoast_61810",873.442753232822,858.058455746767,888.827050718878,132.795160673119,35.8266595472351,220.9040756471
"OpenCoast_61811",954.401515939343,942.325065298379,966.477966580307,536.85085271588,373.003671680608,684.58855966105
"OpenCoast_61813",5031.63560414936,5017.9194733831,5045.35173491561,2219.91234505719,1442.47100387289,2904.61989309577
"OpenCoast_61814",25078.6391157629,25005.5318223073,25151.7464092185,13926.9101157565,9737.84818836377,17618.6392405941
"OpenCoast_61815",5068.04154184221,5063.06853193531,5073.0145517491,317.433672009332,0,595.772162687254
"OpenCoast_61817",531.425091061009,525.401806350089,537.448375771929,80.7959996141415,21.9371903109154,133.574396235927
"OpenCoast_61820",2423.18174979199,2417.04334440463,2429.32015517935,0,0,0
"OpenCoast_61821",0,0,0,0,0,0
"OpenCoast_61822",13850.1592790066,13814.5065816436,13885.8119763696,1435.51469106117,0,2698.51866247204
"OpenCoast_61823",39134.6098285525,39041.0407210929,39228.1789360122,13634.9851618484,8533.22283208001,18124.3633592137
"OpenCoast_61824",105275.676931868,105210.799790255,105340.554073481,56881.6965380904,39560.5154556627,72060.7655136849
"OpenCoast_61825",50906.8464296364,50845.6038456688,50968.089013604,7544.10820729459,1307.76453463458,13015.1694961934
"OpenCoast_61828",10189.2852059532,10137.9354086377,10240.6350032687,5731.47292834865,4012.93276591907,7253.7831273153
"OpenCoast_61831",8155.76008372142,8082.30974743034,8229.2104200125,3506.7488598954,2242.36972007225,4636.63426602148
"OpenCoast_61832",9834.08662567327,9802.42028297482,9865.75296837172,5531.67372694122,3880.1246953442,6988.24168592997
"OpenCoast_61833",132286.191554348,131302.526427193,133269.856681503,15795.366155743,0,29836.5350779484
"OpenCoast_61837",11905.5781145494,11864.9867730412,11946.1694560575,1421.56156591634,0,2674.51554986362
"OpenCoast_61841",152.127750841097,151.285898990124,152.96960269207,18.164507563116,0,34.2469259758365
"OpenCoast_61843",2162.36898978315,2130.84841582259,2193.8895637437,929.758221398686,591.186197389138,1236.11659052771
"OpenCoast_61845",49361.7163553817,49283.5458410979,49439.8868696656,9911.60971730051,3583.43777536777,15468.2440050347
"OpenCoast_61846",84.4132510171743,83.0620079435359,85.7644940908128,8.5800650946028,1.87606457883632,14.6501784665152
"OpenCoast_61849",37.1690143993018,36.6787014198081,37.6593273787956,20.3948096507828,14.1625807588147,26.0211402187515
"OpenCoast_61852",2007.91189249793,1994.23033390996,2021.59345108589,847.109529250048,549.384745389854,1111.8454062368
"OpenCoast_61853",37676.3464130152,37457.6943160694,37894.9985099611,4498.66822841973,0,8483.9548902898
"OpenCoast_61856",22693.6794848389,22598.1516833808,22789.207286297,12765.1947102219,8945.10170800492,16142.355161127
"OpenCoast_61858",5428.30440739124,5415.41893469316,5441.18988008933,566.891057812106,0,1065.44384836372
"OpenCoast_61861",10851.5315113767,10780.1111571641,10922.9518655894,6103.98647514942,4267.12733304413,7737.09090479247
"OpenCoast_61862",936.444114475473,921.780014638481,951.108214312465,526.749814392454,364.871255794399,673.701651804663
"OpenCoast_61863",140.68270930971,137.174196207387,144.191222412034,70.5366955264564,46.8684309927585,92.4469679107939
"OpenCoast_61870",9755.84445416923,9723.01843789457,9788.67047044389,5420.34658514787,3788.76158419388,6859.79520202822
"OpenCoast_61871",6841.2460585499,6804.70421928428,6877.78789781553,0,0,0
"OpenCoast_61872",12550.0482159707,12526.4460836919,12573.6503482495,250.644230575401,0,470.841754374291
"OpenCoast_61876",1640.81169620847,1627.24276566683,1654.38062675011,333.645959455628,122.019669335605,522.211760348821
"OpenCoast_61877",1382.55159909003,1373.18002061439,1391.92317756568,756.482068969069,526.069131267729,961.425004717427
"OpenCoast_61878",21509.9112421633,21428.5230571072,21591.2994272194,12099.3250737169,8482.12371010495,15293.8370942804
"OpenCoast_61879",140424.785785164,140176.769198287,140672.802372041,407.729514957796,69.5255774709442,704.792926528234
"OpenCoast_61880",129.845518010952,126.153612759817,133.537423262088,15.5039424490689,0,29.896438043751
"OpenCoast_61881",4113.48798512801,4094.62472125646,4132.35124899955,2215.81210378391,1536.41567208507,2816.94946605131
"OpenCoast_61883",37182.8396125666,37022.1818238127,37343.4974013204,20915.3472820687,14654.6136385925,26451.643992602
"OpenCoast_61885",8984.25840177469,8945.94395652154,9022.57284702784,4507.05097637555,3054.89421676368,5790.83067166086
"OpenCoast_61887",11658.1981836956,11633.3361894519,11683.0601779394,6329.27408525991,4443.37522255285,7988.12554775889
"OpenCoast_61889",2475.08876936581,2459.80047522039,2490.37706351122,1044.20482298215,677.643316727231,1369.66920642482
"OpenCoast_61890",139.949222247551,134.383512814702,145.5149316804,14.2249400698797,3.03522819412987,24.8566698988899
"OpenCoast_61893",9701.79817743321,9662.01289459081,9741.5834602756,5457.26147480618,3824.54677077553,6900.28828436189
"OpenCoast_61894",2912.65446942824,2885.63575630457,2939.67318255191,1460.3715161011,985.937764199667,1884.74629613041
"OpenCoast_61897",55660.6906222419,55575.0114000537,55746.3698444302,27571.5149564491,18664.6380151984,35394.2532391235
"OpenCoast_61899",3433.5234055885,3417.82014703945,3449.22666413754,348.99561347066,77.1959584585611,589.192377763829
"OpenCoast_61900",446.728719844358,442.712135245862,450.745304442853,45.4071067007398,9.99923522340509,76.9957220996294
"OpenCoast_61901",3506.60615377362,3392.78067578902,3620.43163175821,356.424005685921,76.6304091027395,618.43738592934
"OpenCoast_61902",25023.1151902904,24962.0543649248,25084.176015656,10555.8543795556,6744.26683187152,13910.4194615918
"OpenCoast_61904",1817.08568178415,1807.08141755168,1827.08994601663,320.79911226875,92.2473727649198,523.199816492073
"OpenCoast_61905",203.202972237884,201.369531120568,205.0364133552,109.459321879011,75.5593795660781,139.769632424601
"OpenCoast_61906",19.6526628772783,19.2798460878765,20.0254796666801,10.7532240271829,7.38616330718729,13.831939286102
"OpenCoast_61909",6482.73271866669,6471.38050114923,6494.08493618415,1567.62416129732,724.86447183498,2307.96077844851
"OpenCoast_61912",70137.6026491705,70100.414505532,70174.7907928091,2732.76537489922,0,5126.65187501029
"OpenCoast_61913",22.3311251920879,22.1649672767567,22.4972831074192,2.26981552629523,0.500624906964166,3.84295641255015
"OpenCoast_61915",17.2290216127353,16.1110967000747,18.3469465253959,1.751219449225,0.363890286227655,3.13400135757873
"OpenCoast_61916",8654.89197707921,8636.25529870556,8673.52865545287,3197.91073982296,2080.9169347861,4180.33332212349
"OpenCoast_61917",47.4418241580584,44.063145811115,50.8205025050018,25.9584447469274,16.8807151937771,35.1025851484593
"OpenCoast_61919",14782.0417816556,14620.9749293902,14943.1086339209,915.926857383133,0,1736.07544369993
"OpenCoast_61920",1822.34719650122,1804.1822882853,1840.51210471715,0,0,0
"OpenCoast_61922",3398.372575411,3380.39481477261,3416.35033604938,1859.46616290249,1295.03876902731,2359.73126311252
"OpenCoast_61923",10171.5572135595,10157.0350697739,10186.0793573451,2459.63847932224,1137.69756854098,3620.07455614371
"OpenCoast_61925",7654.33461045639,7619.90970842733,7688.75951248544,4305.56321838172,3016.21425958582,5446.20465467719
"OpenCoast_61926",1075.78305784753,1019.76347705421,1131.80263864086,594.361423360078,394.539108351719,789.309134346761
"OpenCoast_61927",1840.38673035392,1819.54184447413,1861.23161623371,497.312836421811,245.149751511217,723.602119969642
"OpenCoast_61931",574.071897912363,564.26044938707,583.883346437656,68.5458982581926,0,130.720152187535
"OpenCoast_61932",0,0,0,0,0,0
"OpenCoast_61934",381.338929896515,376.65575328141,386.022106511621,214.50314806679,149.092902340558,273.432325445732
"OpenCoast_61936",43886.8320800172,43723.2580045493,44050.4061554851,24551.5596937472,17187.1652760944,31054.4586473336
"OpenCoast_61938",408.32795939671,402.719563677145,413.936355116276,229.68447716065,159.40982728887,293.204918207362
"OpenCoast_61939",1512.26469470129,1497.35014833203,1527.17924107055,650.23154673084,415.427363945431,860.467923178177
"OpenCoast_61941",7372.55130017442,7356.92190076172,7388.18069958712,880.304632856647,0,1654.07030587771
"OpenCoast_61943",7747.80154680629,7720.13628178255,7775.46681183003,925.110632454483,0,1740.77615190225
"OpenCoast_61944",6.56348139803406,6.37966689467515,6.74729590139297,0.783699271407052,0,1.51058863464022
"OpenCoast_61945",8130.17450190132,8089.68537022392,8170.66363357871,2611.90680090463,1458.78353743158,3632.50165461043
"OpenCoast_61946",737.41495029646,731.351107735297,743.478792857623,171.990889584417,74.3709688856454,258.981027518951
"OpenCoast_61948",0,0,0,0,0,0
"OpenCoast_61953",17702.5702817793,17604.8305615167,17800.310002042,5265.87916140078,2800.36396575656,7450.51112013366
"OpenCoast_61956",39222.1759376593,39123.0782545867,39321.273620732,21508.1086129886,14992.2366703871,27244.931325324
"OpenCoast_61958",5.45555531340393,5.3867055429596,5.52440508384826,3.06874986378971,2.13223761075484,3.91312026772585
"OpenCoast_61959",9425.34451993876,9346.49972390051,9504.18931597701,5301.75629246555,3699.65614071062,6732.13409881705
"OpenCoast_61960",46042.4038586866,45978.2252035103,46106.5825138629,4869.90253230714,275.898382376493,8901.71004077672
"OpenCoast_61962",119692.461182851,119517.810109532,119867.11225617,29100.1211086916,14937.0032538073,41534.2673051324
"OpenCoast_61963",158875.42972054,158673.899269843,159076.960171238,78090.6698638167,52747.2919943602,100334.61713385
"OpenCoast_61964",4152.92387806472,4133.58321910301,4172.26453702643,2336.01968141141,1636.21002422828,2955.35404706039
"OpenCoast_61967",586.191992265207,580.989350683697,591.394633846716,247.306081742549,160.055075420386,325.257982292319
"OpenCoast_61968",936.761244272402,932.163467926037,941.359020618767,507.071654003843,351.329921893598,644.979594081457
"OpenCoast_61969",0,0,0,0,0,0
"OpenCoast_61970",1734.84235312886,1730.41034654141,1739.27435971631,419.109683824275,263.299021431273,556.271423442994
"OpenCoast_61975",34150.8991633189,34030.6673873406,34271.1309392972,19155.7296988063,13422.2678512615,24215.9707959522
"OpenCoast_61978",5386.12770212912,5361.38622539214,5410.8691788661,643.119725627358,0,1211.3886221342
"OpenCoast_61979",4270.45923100944,4242.33068672008,4298.5877752988,509.905579822023,0,962.370397454956
"OpenCoast_61981",1497.9139435989,1482.90694269202,1512.92094450578,842.57659327438,586.983998148924,1071.65233569159
"OpenCoast_61984",10621.2214791734,10558.0786084725,10684.3643498742,1021.60757248378,0,1926.90187783669
"OpenCoast_61986",4816.2752112085,4786.22788123007,4846.32254118694,2709.15480630478,1894.54853632024,3432.81180000742
"OpenCoast_61989",1553.22507070804,1544.72639416091,1561.72374725516,375.233903598405,235.045374511631,499.485482009898
"OpenCoast_61990",4975.81626662498,4920.05428356975,5031.57824968021,2798.89664997655,1947.52148724636,3564.03459352348
"OpenCoast_61992",32164.3103314544,32114.5868473979,32214.0338155109,16993.6240586129,11731.9463131084,21615.0615359211
"OpenCoast_61993",160437.274170235,160296.839113612,160577.709226858,23335.3820987795,12787.3108822833,32583.6382809924
"OpenCoast_61994",23055.1310958693,23034.1996167344,23076.0625750042,6358.31771883288,3794.30528529418,8606.61841386199
"OpenCoast_61995",34284.7927074597,34247.8804878307,34321.7049270887,8532.42703930509,5780.3311381674,10946.8327603299
"OpenCoast_61996",13520.3836653871,13463.3050003742,13577.4623303999,7407.1595296336,5153.04155938909,9399.91344757873
"OpenCoast_61997",2709.39478667956,2701.35908691517,2717.43048644395,1524.03456750725,1069.28797190392,1924.84659456446
"OpenCoast_61999",581.393574743623,576.165515336744,586.621634150502,77.6352166092996,7.27281947357242,140.395798745511
"OpenCoast_62000",2210.2821952558,2205.65449049511,2214.90990001649,0,0,0
"OpenCoast_62001",6825.55157733331,6817.5223724247,6833.58078224192,0,0,0
"OpenCoast_62003",11718.0103948954,11692.5996714646,11743.4211183262,5247.63697197577,3430.51262214909,6845.91075460042
"OpenCoast_62005",5316.56204753847,5156.44937320661,5476.67472187033,808.311373262131,215.298101113227,1361.14192977825
"OpenCoast_62006",711.070983114662,707.053924000824,715.088042228501,399.977428001998,279.875511583659,506.520696578521
"OpenCoast_62007",22379.2726814101,22118.293656365,22640.2517064552,10599.5516052634,6999.2248240608,13837.0781656541
"OpenCoast_62009",9523.42357805589,9478.61689072943,9568.23026538235,0,0,0
"OpenCoast_62011",266.601979091849,263.611360302791,269.592597880908,59.628409916692,24.5519645695772,91.0870173351694
"OpenCoast_62012",71048.9267741439,70928.3076090633,71169.5459392245,35298.7959109236,23914.3705566948,45301.3607561205
"OpenCoast_62013",37462.3917554478,37383.8274720219,37540.9560388737,16561.0031678995,10775.8616107351,21648.4918335212
"OpenCoast_62014",20758.4903463587,20736.3669012113,20780.6137915061,0,0,0
"OpenCoast_62015",37633.4121392887,37597.7059179767,37669.1183606008,8771.17422341762,4404.64383958592,12600.1717284969
"OpenCoast_62017",1106.58171909745,1082.29620887759,1130.8672293173,112.47692830148,24.4450818316885,193.173257850614
"OpenCoast_62018",269.241666557227,263.153376201969,275.329956912485,32.1482586934002,0,61.6410351296608
"OpenCoast_62020",83.5084059929045,81.6635698499266,85.3532421358824,9.97115295437666,0,19.1089348065408
"OpenCoast_62022",19651.8496215445,19589.8314287735,19713.8678143155,9853.21181322254,6693.27532337894,12639.3775899881
"OpenCoast_62023",918.745613849197,907.476332844144,930.014894854251,508.39469505472,351.797678859689,649.464218032848
"OpenCoast_62024",34136.8329304224,34061.4008598192,34212.2650010257,13757.7125669665,8629.84946059929,18268.1482237974
"OpenCoast_62025",6944.59266008899,6882.2559156646,7006.92940451337,829.205093741969,0,1568.71553832389
"OpenCoast_62027",4079.21424680508,4061.17834470768,4097.25014890248,1734.12982969243,1109.11416177663,2286.77488546093
"OpenCoast_62028",588.031559996797,582.64266577878,593.420454214813,70.2127235817071,0,132.855325570481
"OpenCoast_62031",32468.9796771506,32393.4782982748,32544.4810560265,17706.2581441245,12325.5049994603,22441.343003496
"OpenCoast_62032",746.305413875343,698.874125250111,793.736702500574,89.1110941940708,0,177.702246828487
"OpenCoast_62036",699.144216552745,696.221111996853,702.067321108636,304.826217983206,207.316319014929,391.013771102863
"OpenCoast_62040",792.241185857741,771.215466396351,813.266905319132,350.954791315359,222.935963051667,469.798986436633
"OpenCoast_62041",457.782912862615,453.081776568231,462.484049156999,199.592917571849,134.915825608136,257.578763031213
"OpenCoast_62042",0,0,0,0,0,0
"OpenCoast_62043",10745.4292855763,10666.1584037961,10824.7001673564,4953.39847534961,3254.66815606314,6465.97368217972
"OpenCoast_62047",897.268593926417,888.106570848129,906.430617004704,483.33157115213,333.241981090295,617.897436284521
"OpenCoast_62048",6651.74199535039,6583.69837074341,6719.78561995737,3741.60487238459,2606.0472717526,4759.8481474698
"OpenCoast_62049",920.79335391502,900.341743981152,941.244963848889,388.46964724192,248.032542364926,517.670300443826
"OpenCoast_62051",60.5871045465038,59.1591000441942,62.0151090488134,25.5608394983722,16.2975693241761,34.1073592596772
"OpenCoast_62052",1090.00469804813,1084.43588594979,1095.57351014647,165.720476214397,45.2786346041132,272.287677750823
"OpenCoast_62053",4783.62877939146,4748.37562024667,4818.88193853625,2652.13817050065,1852.56553140014,3364.34182935968
"OpenCoast_62056",11078.8719693729,11043.4209810805,11114.3229576652,6231.86548277225,4371.35413834438,7872.64542834621
"OpenCoast_62057",5108.59959193607,5083.63356867861,5133.56561519353,2873.58727046404,2012.27162093528,3636.27564409541
"OpenCoast_62058",87.5706782915137,85.0846205811248,90.0567360019026,10.4562003930166,0,20.1619558213215
"OpenCoast_62062",2213.36376176267,2180.56943445539,2246.15808906996,350.350392545837,170.263640772545,513.178226901272
"OpenCoast_62064",2761.06087051473,2740.2853295058,2781.83641152366,1553.09673966453,1084.69627626271,1970.46745816259
"OpenCoast_62065",599.192736840565,596.98882804251,601.39664563862,71.5454014137988,0,134.641040068348
"OpenCoast_62066",4.8116431059636,4.47311081836604,5.15017539356117,0.574524549965803,0,1.15302434184205
"OpenCoast_62067",7777.0897267526,7738.74085141861,7815.4386020866,1732.00567683839,714.163173500895,2632.4381225707
"OpenCoast_62068",4487.89214655721,4471.94505745269,4503.83923566172,2502.3866705895,1750.51454315934,3166.02287360077
"OpenCoast_62069",7742.97717538155,7711.36416377082,7774.59018699228,4322.74615436961,3023.34137040278,5471.12700945311
"OpenCoast_62070",167.849960251389,164.546752309174,171.153168193603,94.4156026414061,65.1330894557147,121.233494137136
"OpenCoast_62071",3319.9789562162,3303.46565179759,3336.49226063482,1544.63930382728,1023.14151934481,2006.40501387823
"OpenCoast_62072",258687.285940058,258223.737952992,259150.833927123,141079.754335106,98261.5433927057,178711.008514163
"OpenCoast_62073",49372.5334130659,49273.8539712422,49471.2128548895,27569.6968057303,19323.8262675163,34820.4273790941
"OpenCoast_62074",16.3061277101564,16.29934687019,16.3129085501227,9.17219683696295,6.45182480278356,11.5549768896702
"OpenCoast_62075",190.385177506934,185.055746366441,195.714608647427,107.091662347651,73.2512329367163,138.631181125261
"OpenCoast_62077",173.414692993187,157.885733015245,188.943652971129,41.6283530692046,17.0167354266588,67.2240702559059
"OpenCoast_62078",4280.46068175082,4239.61588571074,4321.3054777909,2407.75913348484,1678.18128809384,3060.92471343522
"OpenCoast_62079",389.819157040313,384.193090091523,395.445223989104,59.2667320222528,16.0412789442534,98.2817316414044
"OpenCoast_62080",2721.25305553459,2709.89686635062,2732.60924471857,1385.32170562442,943.333896207687,1775.98265296933
"OpenCoast_62082",1859.07846319509,1829.91372785838,1888.24319853181,221.979517993444,0,422.741014596673
"OpenCoast_62084",24485.2603084098,24368.5556079402,24601.9650088795,10329.9838060217,6713.22288631438,13530.7035966248
"OpenCoast_62085",2160.92149438814,2146.80526236618,2175.0377264101,1083.46123169033,733.500884831008,1394.50681903242
"OpenCoast_62086",3881.14146040813,3817.96550174229,3944.31741907397,1751.82969579663,1136.3263295415,2310.95717619538
"OpenCoast_62087",3063.27144803733,3042.6305312099,3083.91236486477,1522.68559320031,1026.55280530697,1963.85250071542
"OpenCoast_62088",34.4536991706717,31.8215863533491,37.0858119879943,4.1138745278414,0,8.30279372865544
"OpenCoast_62089",0,0,0,0,0,0
"OpenCoast_62090",0,0,0,0,0,0
"OpenCoast_62091",4605.29249155496,4549.41902663769,4661.16595647224,2112.40009337742,1378.91118804897,2772.62017346091
"OpenCoast_62092",337.773888271612,335.449186619341,340.098589923884,140.546283735951,88.9093135646228,186.464051645813
"OpenCoast_62093",4072.56135518373,4050.84309384902,4094.27961651844,2041.93551384484,1384.05520320688,2625.01232734198
"OpenCoast_62097",24129.0352371178,24063.0228775861,24195.0475966496,5460.11538205569,2297.63618499126,8244.26260606245
"OpenCoast_62099",2546.33659113023,2513.5218520151,2579.15133024537,1276.70393694949,858.797271841544,1653.60079674569
"OpenCoast_62100",199066.944615595,198833.251203186,199300.638028004,98808.1893786358,67305.5951485347,126452.015206372
"OpenCoast_62102",826.687014873357,808.02781343162,845.346216315093,130.85518303723,63.0925826926061,193.135681106891
"OpenCoast_62103",14421.3222880938,14357.4467418436,14485.1978343439,5438.92471557559,3305.79107310628,7324.84823816894
"OpenCoast_62104",24866.8410129816,24813.7520975727,24919.9299283905,13987.5980698021,9822.11020528919,17651.6170326099
"OpenCoast_62106",13651.3472361267,13570.5619307038,13732.1325415497,2160.85351426719,1059.61921924674,3137.37107977276
"OpenCoast_62109",2307.67974165399,2290.07423576511,2325.28524754286,1298.06985468037,906.487718323692,1647.07705034286
"OpenCoast_62111",56940.4366848903,56543.914327353,57336.9590424275,0,0,0
"OpenCoast_62112",464.20421054961,455.717386373006,472.691034726214,0,0,0
"OpenCoast_62113",262.782521798414,260.957420603297,264.607622993532,31.3770175281689,0,59.2405126104922
"OpenCoast_62114",33925.4825542566,33712.6293537265,34138.3357547867,18893.9588634069,13176.6907470017,23973.2470666677
"OpenCoast_62116",5781.74055319032,5754.58427705377,5808.89682932687,0,0,0
"OpenCoast_62120",5.79291088150081,5.14413777507197,6.44168398792964,3.2585123708442,2.03622120263266,4.56285949145016
"OpenCoast_62121",2229.71591507457,2205.96332223168,2253.46850791746,1117.95396451932,753.713472352059,1444.79204319474
"OpenCoast_62122",57549.134035159,57385.2166199275,57713.0514503905,31581.9868267857,22011.791910254,40014.5412999443
"OpenCoast_62124",25440.9338857323,25381.310665704,25500.5571057606,9133.46760558618,6040.62089912777,11855.0105785754
"OpenCoast_62125",119.90148891958,118.418387265177,121.384590573983,67.0070155396602,46.4878824694894,85.4964219891877
"OpenCoast_62126",518.799205959476,492.702570042191,544.895841876762,260.119966481233,168.342130243397,349.355304477271
"OpenCoast_62127",144.520158967135,143.49326840333,145.54704953094,21.972336091304,5.99129865800579,36.173445006867
"OpenCoast_62128",5492.25190157114,5462.42414414512,5522.07965899716,3089.39169463377,2162.20955705744,3911.47309178965
"OpenCoast_62130",0,0,0,0,0,0
"OpenCoast_62131",550.573836132257,534.769267943132,566.378404321383,296.577545513515,200.660119095156,386.089963679243
"OpenCoast_62135",160.315598115315,159.8303213557,160.80087487493,0,0,0
"OpenCoast_62136",0,0,0,0,0,0
"OpenCoast_62137",46228.6267698857,46106.6092149851,46350.6443247863,25114.1777640442,17458.0771704972,31856.7019335432
"OpenCoast_62138",6531.44178046337,6492.56615842141,6570.31740250533,3328.30574161135,2263.04885248385,4273.83651898516
"OpenCoast_62139",2637.43215631399,2619.36560200372,2655.49871062426,1197.91057555842,783.403977392645,1566.53373206757
"OpenCoast_62140",17410.3526994487,17394.5279907169,17426.1774081806,1257.07044438776,0,2359.14942641875
"OpenCoast_62142",7314.40579854142,7250.2374671641,7378.57412991875,4114.35326167955,2869.88566408579,5226.49000869245
"OpenCoast_62145",879.034862578115,854.955735231975,903.113989924254,89.3482510205768,19.3102985474661,154.26874802045
"OpenCoast_62146",1333.03668607863,1313.90536688422,1352.16800527303,159.168559531776,0,302.724180285007
"OpenCoast_62147",2120.23022420392,2105.62864490313,2134.83180350472,1063.05909592217,719.432032908123,1368.72913574156
"OpenCoast_62148",3052.09741278466,2978.60017788133,3125.59464768798,189.114469638981,0,363.128465953423
"OpenCoast_62150",54589.3465417446,54522.315962488,54656.3771210012,29564.0447699155,20774.0657569742,37278.6474751074
"OpenCoast_62151",750.450692315304,742.966862640111,757.934521990497,114.095880805482,31.0212208322322,188.372782810695
"OpenCoast_62152",4426.94565367999,4407.99477505114,4445.89653230884,2490.15693019499,1744.83126512441,3149.17671038543
"OpenCoast_62153",55941.948386934,55832.3437042618,56051.5530696062,26272.7015485626,17468.8457324063,34012.5779663594
"OpenCoast_62155",9384.1406992355,9302.20594302076,9466.07545545024,4207.02540019975,2802.10345016719,5462.01316383908
"OpenCoast_62156",124471.126745369,124225.669153618,124716.58433712,46819.1113699989,28642.718278183,62797.5278188067
"OpenCoast_62157",11899.1003612359,11855.1944357306,11943.0062867412,6693.24395319519,4692.68113081004,8459.62945310833
"OpenCoast_62158",61669.3765913829,61503.525040979,61835.2281417869,0,0,0
"OpenCoast_62159",492731.940715833,492112.225080763,493351.656350904,229.311584309919,0,430.499986115904
"OpenCoast_62160",71.9560159576247,70.5564941325182,73.3555377827313,36.0779204054573,24.1071008088242,47.0312750945457
"OpenCoast_62162",23.6543144272314,22.1264483423812,25.1821805120816,11.8600017218002,7.55996350568654,16.1453394650598
"OpenCoast_62163",13490.268318436,13457.8284382473,13522.7081986247,1610.77830667893,0,3027.47198476673
"OpenCoast_62167",121.67057995308,119.281674951687,124.059484954474,61.0042321106011,40.7550771627758,79.5396767761826
"OpenCoast_62168",808.205347426169,765.058365551376,851.352329300962,127.929744590607,59.7374340225048,194.50789369854
"OpenCoast_62169",2901.53747996879,2879.5836674544,2923.49129248318,1258.38417743596,808.495270151484,1659.10247971328
"OpenCoast_62170",856.650093368137,829.076203106511,884.223983629763,481.865677519577,328.175997062994,626.325321737749
"OpenCoast_62172",63394.9061297846,63297.1630159894,63492.6492435798,0,0,0
"OpenCoast_62173",51166.3647196306,51043.4927591715,51289.2366800898,25746.2846701764,17500.1423703711,33003.8649017037
"OpenCoast_62174",24391.4042860969,24307.8282643302,24474.9803078637,3860.88279477965,1898.00850831072,5591.78227879482
"OpenCoast_62175",109.501638319246,108.162352758642,110.84092387985,54.9028644648067,36.9559283483511,71.0647094997377
"OpenCoast_62176",12825.4752504679,12737.5489519566,12913.4015489792,7172.96994925697,5005.25160317032,9101.46261829372
"OpenCoast_62177",158.09671641256,154.478380991855,161.715051833265,25.0249180059031,12.0620105705969,36.9469290549377
"OpenCoast_62179",115.965307779436,113.00756769219,118.923047866681,58.1436741345533,38.6113972924866,76.2464941074483
"OpenCoast_62180",7896.77667044675,7836.28713491123,7957.26620598227,1249.9702281809,611.874474917728,1817.99125468422
"OpenCoast_62182",6323.06784934665,6263.86723038586,6382.26846830744,1000.86996154141,489.096482372596,1458.15258156208
"OpenCoast_62184",1569.26452271537,1523.21861378067,1615.31043165008,248.396784586255,118.93624792534,369.048887183424
"OpenCoast_62185",0,0,0,0,0,0
"OpenCoast_62187",124.570308228082,115.526582868005,133.614033588159,19.7180676494441,9.02056879928262,30.526708329016
"OpenCoast_62188",29.6554451058013,28.611728668123,30.6991615434796,6.5035483361868,2.81560639146193,9.97992637559989
"OpenCoast_62190",1071.5227830379,1065.3807468349,1077.66481924091,237.292429782951,97.1255344494695,361.50889788878
"OpenCoast_62191",272.553509319344,262.611038422076,282.495980216611,43.1421308279358,20.5052454658334,64.5416664747421
"OpenCoast_62192",7268.45784740076,7224.38751093653,7312.52818386498,4088.50753916293,2859.65338974571,5179.70746357103
"OpenCoast_62193",2807.5872514298,2777.46784352946,2837.70665933015,444.409234775657,216.870776823533,648.328930624804
"OpenCoast_62194",1732.82176613594,1718.66150784002,1746.98202443186,510.459329028226,268.960018360912,725.714550200602
"OpenCoast_62197",110.809821856471,107.162313145926,114.457330567016,32.6426574388689,16.7702468344389,47.5467686604368
"OpenCoast_62198",3340.50622880013,3312.90259479262,3368.10986280764,1879.03475370007,1311.35727710541,2385.74448615541
"OpenCoast_62199",120.145272987942,117.097176064854,123.193369911031,14.3457042373663,0,27.5806052039621
"OpenCoast_62200",770.780059832484,763.208480373428,778.35163929154,433.563783655772,302.103356814482,551.332411164841
"OpenCoast_62201",250.152494613561,245.9977010209,254.307288206221,130.960089675738,89.0327547639664,169.093343564327
"OpenCoast_62202",6.21144758295716,6.11104639359272,6.3118487723216,1.05980780304266,0.421285736648917,1.63852190870934
"OpenCoast_62203",1710.80750467193,1676.24955634019,1745.36545300367,204.275522945902,0,390.753459627687
"OpenCoast_62204",5235.69332817436,5155.09471838083,5316.29193796789,0,0,0
"OpenCoast_62205",3788.50447930653,3778.64413774875,3798.3648208643,452.358743797794,0,850.380183775589
"OpenCoast_62206",530.329522640732,521.874527306538,538.784517974925,83.9451515587563,40.7491069266749,123.095736209161
"OpenCoast_62207",6512.00474152876,6477.29471182871,6546.71477122881,1918.32399381842,1013.65702127813,2719.57358407225
"OpenCoast_62209",2560.04683370655,2538.46530805803,2581.62835935508,1440.02634395993,1004.80918443964,1828.65342120984
"OpenCoast_62214",4.46508715670282,4.37737268733891,4.55280162606673,0,0,0
"OpenCoast_62215",0,0,0,0,0,0
"OpenCoast_62216",1562.59771746297,1552.01575591349,1573.17967901246,780.061278441604,537.968711045523,995.378182966793
"OpenCoast_62217",37.573568291902,34.9999134465408,40.1472231372631,18.8389558279958,11.9584519062295,25.7400484370143
"OpenCoast_62220",7815.50219781274,7645.8636825749,7985.14071305057,11.7299288131122,8.07522950984947,15.0916322348912
"OpenCoast_62223",782.029886792246,762.393005685341,801.666767899151,133.431275908862,52.5581509826019,208.108370474126
"OpenCoast_62224",26.3036646481038,25.802758886063,26.8045704101447,14.7958113645584,10.2135920590666,18.9865707071858
"OpenCoast_62228",690.29846173607,585.785963067714,794.810960404425,109.266421191616,45.7394519107668,181.589925200201
"OpenCoast_62229",1293.23142888039,1279.47927096439,1306.98358679639,653.483110816558,454.968373404164,831.65538477577
"OpenCoast_62230",671.265255497998,662.32456480994,680.205946186056,377.586706217624,262.170140237268,481.812545215123
"OpenCoast_62232",1905.21555185947,1879.82375246661,1930.60735125234,325.071133801248,129.592034378655,501.175258826541
"OpenCoast_62233",23.5478918741409,23.2604798012958,23.835303946986,2.81168858198697,0,5.33626207768343
"OpenCoast_62235",166.809423327006,163.443581990854,170.175264663158,49.1391717089089,25.5779213141749,70.6925795017585
"OpenCoast_62236",5059.51351838098,5021.49271562941,5097.53432113256,2845.9763540893,1987.67419993664,3610.75347746889
"OpenCoast_62238",1006.32928153382,936.876544096993,1075.78201897064,159.290517404589,73.1533739911352,245.78319385178
"OpenCoast_62239",1207.88676337032,1157.02571500822,1258.74781173242,191.194781900964,90.3431037746149,287.585265384488
"OpenCoast_62242",4409.37500657422,4399.99601215798,4418.75400099045,526.492538098414,0,989.273283803833
"OpenCoast_62243",0,0,0,0,0,0
"OpenCoast_62244",117918.001725686,116909.863591951,118926.13985942,14079.7614000819,0,26625.2551924075
"OpenCoast_62245",1267.98693469655,1206.50706728256,1329.46680211054,200.707957719587,94.2067162124739,303.742385520908
"OpenCoast_62246",5644.52329961874,5586.81800059621,5702.22859864127,893.464051377015,436.230994567102,1302.78433021965
"OpenCoast_62248",159.903386224392,158.579526241509,161.227246207274,65.9780741325476,41.5372884315531,87.7811271584403
"OpenCoast_62249",714.641496410649,703.216437138409,726.06655568289,401.98584173099,278.356506367287,514.297143608713
"OpenCoast_62250",3108.25343262557,3051.95527474605,3164.5515905051,1748.39255585189,1208.06562958698,2241.55737660778
"OpenCoast_62251",553.849895483503,535.499375487062,572.200415479945,94.498815792684,36.916468039522,148.540142635836
"OpenCoast_62253",1403.66238893702,1378.17159098117,1429.15318689287,222.183844093604,107.610658473872,326.517666761229
"OpenCoast_62256",463.114860429079,458.318595133659,467.911125724498,136.425629881592,71.7240580533037,194.375160928999
"OpenCoast_62258",2078.80009526945,1744.69647975321,2412.90371078568,329.050489568856,136.229725131415,551.274486871584
"OpenCoast_62260",4007.16238062519,3988.28816474934,4026.03659650103,1763.94599166021,1142.95217998027,2313.42821436162
"OpenCoast_62261",9639.49141078754,9600.27814149846,9678.70468007663,1150.98404904926,0,2166.87418210671
"OpenCoast_62263",2187.97300275279,2162.31598978898,2213.6300157166,1097.02454745537,738.800449019916,1419.24993495474
"OpenCoast_62264",5040.85738755193,4997.96666710687,5083.74810799698,601.893419409185,0,1138.15256149186
"OpenCoast_62265",2754.57231370014,2731.31749355463,2777.82713384565,469.989836204149,188.292647148069,721.108946299934
"OpenCoast_62266",1173.80975484175,1165.22018303738,1182.39932664611,345.784056717751,182.349834679263,491.18101016153
"OpenCoast_62269",2592.01722033152,2577.03275968459,2607.00168097845,679.11469456909,470.075732554376,864.601675850563
"OpenCoast_62271",3806.39738844174,3747.64682137977,3865.14795550372,454.495210560208,0,865.33163182919
"OpenCoast_62272",3529.97319722794,3519.63811444527,3540.3082800106,602.290060245918,242.638206336697,919.044940655128
"OpenCoast_62273",10144.7254934457,10050.0019642426,10239.4490226488,1605.79504386028,784.726180769627,2339.40002685413
"OpenCoast_62274",4938.75378137396,4910.9380040034,4966.56955874452,589.701944044652,0,1111.91855792788
"OpenCoast_62278",22319.9529857006,22279.3344558844,22360.5715155167,2665.06901321798,0,5006.09810048881
"OpenCoast_62280",50002.0333538515,49884.4049209287,50119.6617867744,7602.13308614794,2082.83197939369,12456.4588237926
"OpenCoast_62281",0,0,0,0,0,0
"OpenCoast_62283",1533.93431485413,1523.50873499119,1544.35989471706,769.0970571675,520.538599729403,990.153126115048
"OpenCoast_62285",4.33900814204606,4.24014824554519,4.43786803854692,1.27819677021709,0.663557276853249,1.84353666059677
"OpenCoast_62286",4226.27999965619,4143.30890007382,4309.25109923855,668.97221435892,323.518640142751,984.531698432346
"OpenCoast_62287",842.54799053602,837.820312530221,847.275668541818,53.8303253157636,4.09117194907592,97.8780299642648
"OpenCoast_62288",742.257429384286,728.510454996864,756.004403771708,218.656203871803,114.007432212947,314.052112820843
"OpenCoast_62291",1228.53302128185,1225.3518706053,1231.71417195841,78.4908787862484,5.98353265705438,142.288703790866
"OpenCoast_62292",728.322792587295,710.489015276752,746.156569897838,86.9639155328113,0,167.049978335337
"OpenCoast_62293",2073.32690309311,2049.32373780379,2097.33006838243,0,0,0
"OpenCoast_62294",6373.75658834908,6321.98615247665,6425.52702422151,1087.5012429568,435.827585292569,1668.03216996569
"OpenCoast_62297",113905.420234211,113730.619462708,114080.221005714,0,0,0
"OpenCoast_62299",2882.57798129948,2803.23471948409,2961.92124311487,0,0,0
"OpenCoast_62300",5985.72547034924,5956.39882145366,6015.05211924481,2073.79440602793,1208.16382651646,2839.86213281808
"OpenCoast_62301",69493.0587346539,69373.0150073652,69613.1024619426,9891.32348352479,4529.18950196306,14601.5124887756
"OpenCoast_62303",5720.19432836948,5637.26534170584,5803.12331503311,683.008278014266,0,1299.20671232085
"OpenCoast_62306",2052.12468124435,1951.74323207901,2152.5061304097,324.828073924186,152.396389354115,491.781626935772
"OpenCoast_62308",1079.3838595064,1069.64156032466,1089.12615868814,131.624837323522,2.42845792480946,246.860497736326
"OpenCoast_62312",189.575679058848,185.938787380041,193.212570737655,95.0510693077206,63.5298727176314,123.876585746008
"OpenCoast_62314",52941.0475018764,52657.735277176,53224.3597265767,6321.31910470166,0,11915.9014313231
"OpenCoast_62315",443.623059495477,424.854831823308,462.391287167645,52.9699175516987,0,103.520437425592
"OpenCoast_62318",103.644755405078,100.381265161593,106.908245648563,9.610446450455,0.644147083380662,17.9866977657161
"OpenCoast_62319",15154.8449599915,14982.492181109,15327.197738874,2398.84016013525,1169.86582784002,3501.79455189523
"OpenCoast_62322",4738.08781524358,4701.34834491849,4774.82728556867,322.368868974792,62.28472596223,553.777592394106
"OpenCoast_62325",1150.08463905089,1141.04984147827,1159.11943662351,137.323538991151,0,259.504351482875
"OpenCoast_62327",262.230264210209,254.735651563566,269.724876856853,16.7538711012696,1.24390318129085,31.1588548559856
"OpenCoast_62328",900.967589566633,887.305664799692,914.629514333574,107.578219649747,0,204.767801716472
"OpenCoast_62329",8675.20672773029,8652.10784307126,8698.30561238931,1035.84557943048,0,1947.38185352
"OpenCoast_62333",3631.52032324594,3620.25710124772,3642.78354524416,2042.73018182584,1433.01843591056,2580.30501121461
"OpenCoast_62334",105812.196778662,105567.868764888,106056.524792436,12469.5075439249,0,23434.3135097427
"OpenCoast_62336",3306.16037983382,3290.71678463079,3321.60397503684,394.76541848762,0,743.642680978397
"OpenCoast_62338",711.724895891214,707.820123947859,715.629667834569,48.4241657513173,9.37739116870491,82.9976983035571
"OpenCoast_62339",98174.0001035791,97901.8377807749,98446.1624263833,11722.2686690841,0,22040.185617847
"OpenCoast_62340",223.029775321475,217.590266673563,228.469283969387,15.1744457303583,2.88269431182649,26.4975385381932
"OpenCoast_62341",44.9236780583973,42.1088005111065,47.738555605688,3.05650630604209,0.557868702340956,5.53664893127993
"OpenCoast_62342",2862.67504807665,2838.68563391477,2886.66446223852,1372.82025762276,913.315762527298,1782.95023047917
"OpenCoast_62343",2367.54371919573,2323.06141804662,2412.02602034484,282.691787366654,0,540.005825450336
"OpenCoast_62344",519.258510287414,514.863734764088,523.65328581074,62.0010161537211,0,117.235810256136
"OpenCoast_62347",0,0,0,0,0,0
"OpenCoast_62348",0,0,0,0,0,0
"OpenCoast_62349",14.3549135390201,14.0017327304791,14.708094347561,0.976676123839829,0.185498716991879,1.70582360143476
"OpenCoast_62350",87.2446932613342,86.4843540994599,88.0050324232084,5.9359332683164,1.14576795844698,10.2066969251821
"OpenCoast_62351",264.493039154449,262.368654596231,266.617423712666,17.9955132130749,3.47593042542109,30.9219048488232
"OpenCoast_62353",1007.06678623345,970.695113627813,1043.4384588391,120.246780445786,0,233.60562511323
"OpenCoast_62355",357.447279388676,343.232370748833,371.66218802852,131.333694298502,87.9921527158851,172.673088026443
"OpenCoast_62356",31304.5514227676,31112.678774972,31496.4240705632,2129.89147298065,412.189127305269,3652.90990598478
"OpenCoast_62359",361.091525015592,341.515666066318,380.667383964865,43.1154059720109,0,85.2240411861638
"OpenCoast_62360",733.314178455011,726.309536710433,740.318820199589,49.89305211929,9.62234387644549,85.8611106402243
"OpenCoast_62361",228.564803033748,222.339086683498,234.790519383998,27.2913197652237,0,52.565041653134
"OpenCoast_62362",30.0367093258827,29.3087865974254,30.76463205434,15.0600612593564,10.0139594770882,19.7244804832003
"OpenCoast_62363",9374.80280689658,9336.3495721515,9413.25604164167,637.840558378421,123.6904674842,1091.73587976361
"OpenCoast_62364",12521.6586734202,12467.426307722,12575.8910391184,2136.4668045399,859.484372704439,3264.63350635028
"OpenCoast_62366",2994.91732968821,2966.63819035751,3023.1964690189,1316.06199080479,848.139404723461,1734.6460312456
"OpenCoast_62368",1250.22780569939,1242.95925072067,1257.49636067812,85.0626960495518,16.4670580934581,145.842617002165
"OpenCoast_62369",33.7157301363449,33.4756602540516,33.9558000186381,4.02575882225013,0,7.60204478029211
"OpenCoast_62372",1099.1346180974,1095.1008163097,1103.1684198851,74.782654417494,14.5081898299639,127.943884675281
"OpenCoast_62373",3.95801200777643,3.90736132584591,4.00866268970694,1.46402888531609,0.964128785682967,1.91469862088001
"OpenCoast_62374",2707.79771133396,2667.59497076714,2748.00045190079,1523.13621262535,1055.92300926199,1946.50032009639
"OpenCoast_62377",3275.96543901768,3261.00238316225,3290.92849487312,147.588496772073,0,277.992395629683
"OpenCoast_62378",438.732847836601,432.250595799236,445.215099873965,181.83464215538,113.932190880167,243.296629868035
"OpenCoast_62380",0,0,0,0,0,0
"OpenCoast_62381",983.038270278018,972.356336014125,993.720204541911,289.586076111083,152.167821758217,412.801735323471
"OpenCoast_62382",12.9503095260618,12.5464322124674,13.3541868396562,2.04988719180644,0.979652926178961,3.05102207962603
"OpenCoast_62383",1212.12344840015,1205.82622979453,1218.42066700576,147.199661284304,2.19373982507021,275.493664546913
"OpenCoast_62384",343.879502430508,339.198016209076,348.56098865194,31.8861820899775,2.17663537591256,58.643382629354
"OpenCoast_62386",253.257306210708,250.17900831929,256.335604102126,142.457234743523,99.0291907930524,181.571052905673
"OpenCoast_62387",955.246716154142,949.352630415061,961.140801893223,114.059309391539,0,215.180776543259
"OpenCoast_62388",0,0,0,0,0,0
"OpenCoast_62389",42749.313549802,42381.6463669435,43116.9807326606,0,0,0
"OpenCoast_62390",9915.31507448733,9739.39710563307,10091.2330433416,1569.48197516156,760.473472631625,2305.53722181408
"OpenCoast_62391",159.445018324632,157.320389235626,161.569647413638,10.8482814640138,2.0842227831093,18.7386150320268
"OpenCoast_62392",778.419087892838,765.593968377725,791.24420740795,351.354798029496,227.860776533672,463.586290086595
"OpenCoast_62393",24304.5097314479,24256.5033833167,24352.5160795791,2902.0310127102,0,5452.05583871174
"OpenCoast_62394",72544.5329611347,72420.2547208749,72668.8112013945,6220.15543140476,0,11682.7713157132
"OpenCoast_62395",282.603986799532,280.66524956162,284.542724037444,43.7701052841482,8.89542233346127,74.7409359945417
"OpenCoast_62401",2624.56916443822,2620.31294796722,2628.82538090923,313.381392768743,0,588.542995725948
"OpenCoast_62402",259.451440493564,253.903690794523,264.999190192604,17.6524941468378,3.36378431073476,30.7342244555701
"OpenCoast_62403",67130.4289290841,67002.8452295296,67258.0126286385,7768.99164995231,0,14594.5441631322
"OpenCoast_62404",10677.4382961428,10631.4179515492,10723.4586407364,2525.3213438568,1112.21253470697,3773.77428142084
"OpenCoast_62405",2392.38453065532,2360.38894687208,2424.38011443856,378.68735086192,184.304342426998,553.896493090312
"OpenCoast_62406",450.328350529924,447.253833962266,453.402867097581,52.9917164357785,0,100.037822969051
"OpenCoast_62408",3145.56942308504,3135.36727843197,3155.77156773811,375.590378875826,0,706.516022627934
"OpenCoast_62409",637.94451689884,626.400700670439,649.488333127243,287.948831645138,186.433221748662,380.532184615093
"OpenCoast_62411",3639.18606940453,3622.4023235193,3655.96981528976,434.529679928899,0,818.500704915617
"OpenCoast_62412",977.520089187505,958.604739578243,996.435438796766,66.5082746118992,12.6998531336782,115.565147233869
"OpenCoast_62414",418.299857246363,413.836592518642,422.763121974085,28.4601841778854,5.48261836118284,49.0314580691564
"OpenCoast_62418",11255.6812404472,11201.3134067832,11310.0490741113,765.8113088048,148.398009416305,1311.72320411472
"OpenCoast_62419",60620.5106519423,60518.0046920999,60723.0166117848,7238.26992859013,0,13594.7052115936
"OpenCoast_62421",33042.6856152857,32823.5297213956,33261.8415091758,5230.28255728952,2562.93314262952,7599.31054372832
"OpenCoast_62422",184.630654799545,182.813588181631,186.447721417459,50.48391814357,25.1550034503233,73.1407539979495
"OpenCoast_62423",6642.73174701284,6616.93676526601,6668.52672875967,1858.45880001819,947.969646216446,2662.20109216767
"OpenCoast_62424",8899.2138133843,8780.29507054254,9018.13255622607,605.482549849714,116.323708054384,1045.91002693891
"OpenCoast_62426",3147.7770612685,3133.78885413424,3161.76526840275,1757.40880183417,1231.19941181361,2222.86766457088
"OpenCoast_62427",823.898424580607,818.019679532183,829.77716962903,98.3759312932068,0,185.771008125902
"OpenCoast_62428",1422.74348136159,1391.49550489528,1453.9914578279,169.879818670041,0,325.520475633113
"OpenCoast_62430",3164.94502737833,3147.06716326325,3182.8228914934,215.335761730894,41.6931912863782,369.139215400572
"OpenCoast_62431",1062.98656087214,1055.37564989197,1070.59747185231,72.3232216721038,13.9819001524916,124.166353027568
"OpenCoast_62432",1082.55471740803,1079.84522162964,1085.26421318642,2.74429594834705,0,5.15843356790861
"OpenCoast_62433",39431.1681214323,39343.2870605621,39519.0491823024,4708.19917867848,0,8847.54832439606
"OpenCoast_62435",1009.2406419044,980.373675753843,1038.10760805496,521.270132193352,347.775450001619,683.113339684349
"OpenCoast_62436",2598.84720964899,2571.05829708611,2626.63612221188,310.310114584955,0,588.052863181765
"OpenCoast_62437",756.957597706169,747.297234097377,766.617961314961,90.3829967410351,0,171.630886861558
"OpenCoast_62441",3750.3183856035,3719.19023941919,3781.44653178781,447.799210221313,0,846.592507116674
"OpenCoast_62442",3145.96047504224,3091.77272107722,3200.14822900726,214.044095366061,40.9606356606046,371.148583095366
"OpenCoast_62443",3318.03656435179,3309.3851267084,3326.68800199519,396.183470370363,0,744.780895969072
"OpenCoast_62445",1579.3843958049,1573.70297129063,1585.06582031917,188.583211439391,0,354.865482161008
"OpenCoast_62448",2059.17832542879,2039.74686314129,2078.60978771628,929.450723769186,607.081982571454,1217.84777822487
"OpenCoast_62449",1448.84803732522,1418.87173151299,1478.82434313744,653.966118569686,422.293314600299,866.436284153888
"OpenCoast_62450",1208.96364575819,1196.0040809841,1221.92321053228,144.353868150232,0,273.564897880362
"OpenCoast_62453",36.0092089488985,35.008079845001,37.010338052796,4.29960703867444,0,8.28589657898417
"OpenCoast_62454",45.0740106666125,44.2202990676246,45.9277222656003,3.0667345995584,0.585842402503915,5.32663108826149
"OpenCoast_62455",2434.3290347926,2381.8816088842,2486.776460701,1369.31008207084,942.828136849995,1761.46665966321
"OpenCoast_62456",865.543195253864,854.578616530974,876.507773976755,58.88961787604,11.3216871073475,101.656109374803
"OpenCoast_62457",284.716574053138,276.322192598789,293.110955507486,33.9960088421657,0,65.6218557106312
"OpenCoast_62459",3745.51795589871,3673.29350134026,3817.74241045717,447.226024584921,0,854.718450102351
"OpenCoast_62460",2804.25104410053,2792.83447119211,2815.66761700894,179.163380206943,13.6377286108604,325.268398018926
"OpenCoast_62462",75.8981393224755,73.723974733898,78.072303911053,9.06246439671349,0,17.4788740099372
"OpenCoast_62464",23.9843149036092,23.8362483288363,24.1323814783821,2.8637987944608,0,5.40277197277211
"OpenCoast_62465",1868.38098499162,1851.66702117985,1885.0949488034,173.245383571339,11.8821565873381,317.156388621934
"OpenCoast_62466",87126.2505486723,86947.0191355182,87305.4819618263,4531.40715895857,0,8513.86673405208
"OpenCoast_62467",6341.56911253054,6306.3560786006,6376.78214646049,757.2022820932,0,1427.63779398369
"OpenCoast_62468",57.1858905769348,55.2353924690964,59.1363886847731,3.89079974568917,0.731773319259018,6.85855319787456
"OpenCoast_62469",201.464293248053,185.269806067013,217.658780429094,24.0554379997676,0,48.7295777080062
"OpenCoast_62470",28412.7382079388,28329.4624281633,28496.0139877143,3392.5657561718,0,6379.70462411514
"OpenCoast_62471",20367.653539158,20260.7470732991,20474.560005017,9193.34187315151,6030.12791631152,11995.9491962353
"OpenCoast_62472",1390.51008937298,1381.79105446558,1399.22912428038,493.659657082666,297.172597347169,668.108274598005
"OpenCoast_62474",18.996332855003,18.5183818899883,19.4742838200177,6.74408854326087,3.98262503374144,9.29864161362089
"OpenCoast_62475",1613.21760386423,1592.82789324814,1633.60731448031,103.06834672513,7.77795990274158,188.715752869108
"OpenCoast_62477",207.040321453821,202.546189576786,211.534453330857,19.1977868502881,1.29973991716207,35.5894557619583
"OpenCoast_62478",1009.14247942741,998.623566837603,1019.66139201721,0,0,0
"OpenCoast_62479",1006.64927641231,995.359042938445,1017.93950988618,0.925893551957045,0,1.75552135666295
"OpenCoast_62482",2336.93182500854,2329.08495632686,2344.77869369021,279.036635821915,0,524.950453811242
"OpenCoast_62483",353.40047070262,350.627713447767,356.173227957474,42.1970711286711,0,79.7402749158524
"OpenCoast_62484",8925.57032707302,8830.98430851203,9020.15634563402,1065.73974054603,0,2019.43798782851
"OpenCoast_62485",1053.5452366538,1050.54619031622,1056.54428299138,125.796446167618,0,236.539764848817
"OpenCoast_62486",248.919773106434,247.67249484489,250.167051367978,29.7217639530071,0,56.0075488137264
"OpenCoast_62487",1498.2374352181,1468.04767476916,1528.42719566704,676.258996778038,436.929360703,895.498364061225
"OpenCoast_62488",2078.14344658892,2066.3252510758,2089.96164210204,768.684386924269,509.859081106216,998.249786418783
"OpenCoast_62491",333.816955452006,324.861364949372,342.77254595464,0,0,0
"OpenCoast_62492",551.560603328628,543.820571568762,559.300635088494,192.262823751117,111.337032289854,265.358579443197
"OpenCoast_62494",2339.35424789205,2320.39366701232,2358.31482877178,0,0,0
"OpenCoast_62495",8577.19230453184,8551.62666410517,8602.75794495852,0,0,0
"OpenCoast_62496",2846.71052543324,2810.26155673774,2883.15949412873,1597.64627369604,1109.19533379813,2038.2201341373
"OpenCoast_62497",2120.59180642966,2111.2510508915,2129.93256196783,866.978022519852,545.888745426461,1150.86495706537
"OpenCoast_62498",1775.88223052956,1763.99568452093,1787.76877653819,0,0,0
"OpenCoast_62499",809.742533894267,798.767229282259,820.717838506275,287.475239958702,171.785547051045,391.878906393001
"OpenCoast_62500",2865.85962417509,2840.96843369596,2890.75081465423,342.192193931354,0,647.183018206171
"OpenCoast_62501",3979.5562582269,3927.91756376867,4031.19495268512,1796.2511545565,1169.05093719207,2361.8583178677
"OpenCoast_62502",546226.580198548,545882.995322576,546570.165074521,16950.0024120268,583.437181969217,31290.0952453326
"OpenCoast_62504",1598.18746898955,1571.4857906047,1624.8891473744,721.373414544788,467.715247701835,952.014971586254
"OpenCoast_62508",9893.28569511037,9766.92454559182,10019.6468446289,1181.28784419228,0,2243.20451745423
"OpenCoast_62509",6751.77767574368,6693.43724266099,6810.11810882637,0,0,0
"OpenCoast_62510",2496.11423332479,2432.57035538153,2559.65811126804,1404.06425624519,962.892432338523,1813.0911621482
"OpenCoast_62511",1693.18774169679,1672.97455331745,1713.40093007614,202.171670650363,0,383.597223151374
"OpenCoast_62513",35803.4751036155,35716.6718689672,35890.2783382639,3875.0804830081,0,7283.39131445216
"OpenCoast_62514",2730.02040250794,2709.5090976397,2750.53170737618,174.420790312705,13.230841327483,317.743840485298
"OpenCoast_62516",3888.6482414452,3849.77207461387,3927.52440827653,1755.21802937703,1145.79279700695,2301.118229506
"OpenCoast_62518",92805.8954989205,92578.9044982196,93032.8864996214,5393.34542592342,0,10137.256572557
"OpenCoast_62520",602.011735847965,591.454650729191,612.568820966739,38.4624827886502,2.88814038049057,70.7644886308895
"OpenCoast_62521",642.487626828081,628.050527162158,656.924726494005,76.7149405167859,0,147.072699961344
"OpenCoast_62522",409.882962550023,398.611837597065,421.154087502981,151.611590766569,98.3561833402016,201.160140659999
"OpenCoast_62524",6529.42952258865,6431.19287436172,6627.66617081558,0,0,0
"OpenCoast_62525",612.352345829956,601.799641561029,622.905050098884,73.1166980095471,0,139.45635449975
"OpenCoast_62526",21170.4667008995,21110.7323442361,21230.201057563,2527.81691951039,0,4753.03008751411
"OpenCoast_62531",7743.79600222884,7711.2725335011,7776.31947095659,3762.27917751721,2524.31779613616,4856.49118531814
"OpenCoast_62533",1009.83710042945,998.078258163511,1021.59594269538,188.280319103574,59.7768675241326,303.599118568265
"OpenCoast_62535",1417.62587247806,1397.6608758439,1437.59086911223,639.873379074293,415.980409531383,842.277784070392
"OpenCoast_62536",9504.71450976685,9452.56121633904,9556.86780319465,4075.1251259418,2612.19643951104,5371.89206420607
"OpenCoast_62537",1229.35991578707,1204.0488084353,1254.67102313884,554.895828783156,358.356397524737,735.105899607806
"OpenCoast_62539",3980.57595340167,3950.92600803537,4010.22589876798,1796.71141407192,1175.89885161406,2349.57264699509
"OpenCoast_62540",2474.51014535816,2457.42549094533,2491.59479977099,168.360120776856,32.5566331287843,288.97157675401
"OpenCoast_62541",9428.8274931016,8935.6321875755,9922.0227986277,0,0,0
"OpenCoast_62548",834.883002692063,720.922256543221,948.843748840905,62.1983936818483,0,132.540780061405
"OpenCoast_62552",88.667601398711,88.1708560307788,89.1643467666432,43.0719817936516,28.8571812497832,55.6778643462373
"OpenCoast_62553",9865.51093235732,9770.65839474279,9960.36346997185,0,0,0
"OpenCoast_62554",2199.85858772231,2180.49076062563,2219.226414819,262.669682116097,0,496.84173466097
"OpenCoast_62555",0,0,0,0,0,0
"OpenCoast_62557",2665.65501466238,2639.36587146714,2691.94415785761,1330.71630361643,914.872320361846,1703.23995424248
"OpenCoast_62559",1028.79907607124,1018.7710593373,1038.82709280518,70.6986460597556,0,133.852063524366
"OpenCoast_62560",86.1599640039778,83.8816750234307,88.438252984525,31.8697052489446,20.6975323593564,42.241668638597
"OpenCoast_62561",99.9169425096564,97.4696502056753,102.364234813638,35.4725679108934,20.9621483802,48.877193245286
"OpenCoast_62564",13900.4721240166,13824.8264284303,13976.1178196028,0,0,0
"OpenCoast_62566",824.074811493942,809.800759973682,838.348863014203,25.1477165409537,0,47.9687021633054
"OpenCoast_62571",3437.33323899922,3414.96697344358,3459.69950455486,410.427849432743,0,774.559590571984
"OpenCoast_62572",5884.9643002687,5852.2592587346,5917.66934180281,20.8655683936829,0,39.3403621763313
"OpenCoast_62573",1159.07312619517,1151.45021520545,1166.69603718489,0,0,0
"OpenCoast_62574",1168.59555436686,1146.69779826894,1190.49331046479,202.98947057166,55.6248359165759,337.206600735925
"OpenCoast_62576",55955.7386010746,55738.9800142498,56172.4971878994,0,0,0
"OpenCoast_62577",7767.96649365361,7689.70715170883,7846.22583559839,927.518387301924,0,1756.6177243877
"OpenCoast_62578",584.303497872714,555.924994023868,612.682001721559,17.8307825132436,0,35.0564803723022
"OpenCoast_62579",605.007310181496,599.434054812502,610.580565550489,156.120352063289,74.2431238440967,229.251494948538
"OpenCoast_62582",10.7314496922956,10.6053946483103,10.8575047362808,0.730143769947698,0.140503117601417,1.2592377635182
"OpenCoast_62584",14369.771304067,14255.4981237686,14484.0444843653,0,0,0
"OpenCoast_62585",104.108691713322,102.969883408166,105.247500018477,7.08332190258137,1.36417267981694,12.2064534861577
"OpenCoast_62586",2966.04314071398,2929.21438660243,3002.87189482553,354.154404861371,0,672.284752572879
"OpenCoast_62587",820.479757535986,807.036828739286,833.922686332686,46.5987000020438,0,88.8040946357784
"OpenCoast_62591",3185.53438765588,3174.59161567123,3196.47715964052,0,0,0
"OpenCoast_62592",8071.84739696469,7992.62369762206,8151.07109630732,963.802674264441,0,1824.86666335239
"OpenCoast_62593",5758.80457893136,5698.81447446651,5818.79468339622,687.618457185834,0,1302.71522762602
"OpenCoast_62595",407087.877161257,406765.723355027,407410.030967487,24079.904051897,10451.0769076622,36026.3726635582
"OpenCoast_62596",165194.043541461,165071.128072173,165316.959010749,26593.1150085947,11154.9503221951,40124.0739825291
"OpenCoast_62597",91621.1049361715,91532.5458009602,91709.6640713827,0,0,0
"OpenCoast_62598",230223.304475998,230080.959211015,230365.649740982,43418.6961544811,21777.169328895,62381.7896051653
"OpenCoast_62600",95.2869199824587,95.178784552873,95.3950554120444,11.3775426844727,0,21.3571019579204
"OpenCoast_62607",4964.7489247543,4929.39545448921,5000.1023950194,534.770393755627,0,1009.83457338252
"OpenCoast_62608",7676.24969253745,7292.42538812144,8060.07399695345,0,0,0
"OpenCoast_62609",247212.417713085,246276.530230484,248148.305195687,8923.16545288648,0,16794.2745701115
"OpenCoast_62610",7202.50562220634,7170.87504573527,7234.1361986774,860.000671308219,0,1619.58273104718
"OpenCoast_62612",119.542131434269,111.824330181943,127.259932686596,56.3617810699755,36.5705445428671,76.0848556692994
"OpenCoast_62614",7919.61978346156,7822.41691612697,8016.82265079614,945.62624280138,0,1794.81104122302
"OpenCoast_62616",867.884933261513,762.149713483201,973.620153039824,66.2081942257929,0,139.264498936138
"OpenCoast_62618",4883.35067482611,4813.48333013482,4953.21801951739,1733.6898437293,1035.20379501711,2365.07794706565
"OpenCoast_62619",2185.80815721214,2070.26437564796,2301.35193877633,166.748385029767,0,329.180351935757
"OpenCoast_62624",5983.62850442412,5926.5137865369,6040.74322231135,515.204559858297,0,975.229260170113
"OpenCoast_62625",18.472302717376,17.201570802534,19.7430346322179,1.04912435043979,0,2.10242789243112
"OpenCoast_62626",117.125514347852,105.274687822365,128.976340873338,52.8669094551489,31.3324988275101,75.5666364627016
"OpenCoast_62627",5334.42341206886,5271.09675801738,5397.75006612035,162.786880517487,0,308.848829761343
"OpenCoast_62630",1247.19136483333,1206.49631245328,1287.88641721338,38.059669434981,0,73.6903724606452
"OpenCoast_62631",4402.84957694046,4365.58306225743,4440.11609162349,134.358691212309,0,254.054863990408
"OpenCoast_62632",7081.68489482094,7032.96861355322,7130.40117608865,845.574315799515,0,1596.35847225865
"OpenCoast_62634",3334.60681586073,3296.46157625692,3372.75205546454,101.759871568911,0,192.982356101214
"OpenCoast_62635",38519.8101422833,38435.882661614,38603.7376229526,3316.64671620355,0,6232.26200755944
"OpenCoast_62636",289.74607215823,286.904286825506,292.587857490955,136.609616115528,93.8279351534712,174.929409735053
"OpenCoast_62637",3060.08923101299,3042.98424326541,3077.19421876056,1442.77232824628,995.164385340091,1839.76113343851
"OpenCoast_62638",249.417799314359,225.766339507472,273.069259121246,81.8000455729102,43.9152208961558,121.442277995584
"OpenCoast_62640",169693.555725935,169309.932289021,170077.179162849,0,0,0
"OpenCoast_62642",323.39468565132,313.378711658403,333.410659644237,24.6707568464495,0,47.6903321180766
"OpenCoast_62643",1812.35264745219,1773.59254931262,1851.11274559175,55.3063023097989,0,105.917094757824
"OpenCoast_62644",1388.58969573378,1288.69338569383,1488.48600577373,455.407355470791,250.6717999841,661.975397331147
"OpenCoast_62645",10526.6169093113,10488.4776469278,10564.7561716947,955.831308618973,35.3609943795009,1767.51112081987
"OpenCoast_62646",2012.76278737492,1846.21261181181,2179.31296293803,660.113625360047,359.118347074503,969.207341522784
"OpenCoast_62648",17589.618290822,17509.1362685577,17670.1003130863,0,0,0
"OpenCoast_62649",329.338973153339,325.698726363817,332.979219942861,39.3240564959211,0,74.5475865543719
"OpenCoast_62653",22298.2563574896,22163.9564962061,22432.556218773,680.46034463679,0,1283.54752477513
"OpenCoast_62655",913.264843274421,726.248558716152,1100.28112783269,299.517941403324,141.267143503822,489.328776990685
"OpenCoast_62656",6219.0022542083,6158.33160087316,6279.67290754344,0,0,0
"OpenCoast_62657",17080.2960660679,17015.2524748269,17145.3396573089,858.721713396942,0,1616.23465757855
"OpenCoast_62659",121.596678954548,118.797939772639,124.395418136458,3.71068108382876,0,7.11766548070869
"OpenCoast_62661",49402.6157773888,49186.915402161,49618.3161526167,0,0,0
"OpenCoast_62662",326.23633010032,292.700559010032,359.772101190607,153.814060311421,95.7235229004482,215.096832247587
"OpenCoast_62663",21.9872947647006,16.2096758208112,27.7649137085901,1.67734111572877,0,3.97143257928612
"OpenCoast_62664",310601.879758864,310159.055455657,311044.704062071,34788.0300131918,0,65320.5510343918
"OpenCoast_62665",10347.327272407,10284.8707683038,10409.7837765102,1235.50176386949,0,2330.54860668139
"OpenCoast_62666",5728.66695120471,5692.13501995006,5765.19888245935,174.817735765103,0,329.873541082417
"OpenCoast_62667",408.242665309564,390.817875665509,425.667454953618,192.478446297845,127.811385115563,254.493666541718
"OpenCoast_62668",587.534676801659,571.891991509929,603.17736209339,192.690190796956,111.24228346303,268.251479949502
"OpenCoast_62671",968.168368293954,865.238134370129,1071.09860221778,437.001875713638,257.517484890702,627.551674527542
"OpenCoast_62675",138424.311667473,138152.58917508,138696.034159866,11017.1190757856,0,20697.6474896958
"OpenCoast_62676",5086.33846757665,5035.55210615996,5137.12482899335,155.216245212109,0,293.936357248364
"OpenCoast_62677",484.452850927833,446.559714029266,522.345987826399,218.667342874813,132.907843334994,306.040077603006
"OpenCoast_62678",1049.49097704814,1041.56293276442,1057.41902133186,125.312355468435,0,236.735601790715
"OpenCoast_62679",19888.1086283782,19735.137404399,20041.0798523575,0,0,0
"OpenCoast_62680",2778.62679912027,2700.2923943665,2856.96120387403,0,0,0
"OpenCoast_62681",405.280809402984,385.319303839611,425.242314966357,12.3676719300253,0,24.3315436494009
"OpenCoast_62682",127456.04716948,127164.482783274,127747.611555685,14345.0533643889,0,26958.5037200526
"OpenCoast_62683",693909.194195177,693119.122594735,694699.265795618,1067.99930754882,0,2004.77870798243
"OpenCoast_62684",5.60788380641579,2.78725916920692,8.42850844362467,0.482852053078617,0,1.36071469210183
"OpenCoast_62686",6572.57058172479,6555.61245691806,6589.52870653152,577.362562443281,0,1085.34794301275
"OpenCoast_62688",272.022295172951,257.716335335632,286.32825501027,96.5735049175172,55.4253354752712,136.716905833384
"OpenCoast_62689",1195.65850055396,1052.9212475292,1338.39575357873,0,0,0
"OpenCoast_62690",3922.66793966171,2459.56005951971,5385.77581980371,299.247919717205,0,770.369603161501
"OpenCoast_62691",4336.36309966439,4313.93945402312,4358.78674530567,517.77469846739,0,975.847778799777
"OpenCoast_62694",648.299946269138,641.423787051484,655.176105486792,19.7837175155688,0,37.4879108866613
"OpenCoast_62695",442.772781917583,423.144065928535,462.401497906631,33.7777339133282,0,66.1408997258631
"OpenCoast_62697",2846.75592615862,2739.68532544601,2953.82652687123,217.169998059805,0,422.508891095404
"OpenCoast_62698",1036.14039422968,994.498250126265,1077.78253833309,0,0,0
"OpenCoast_62699",3206.85074369701,3194.01006972422,3219.6914176698,97.8612285763714,0,184.224522135884
"OpenCoast_62700",13965.6912686696,13881.0496984114,14050.3328389277,536.491043454037,0,1012.01726886721
"OpenCoast_62705",1150.58112630546,1084.19186947851,1216.97038313242,0,0,0
"OpenCoast_62707",6541.41674809803,6505.35626425236,6577.4772319437,199.619854730417,0,376.350538832525
"OpenCoast_62710",1757.96554535909,1741.1179302812,1774.81316043699,299.718680575262,79.4634493404098,496.482121133918
"OpenCoast_62711",2616.45597217139,2605.88061787517,2627.03132646762,312.412653393599,0,588.141341746481
"OpenCoast_62712",2071.21128708446,2010.11265942518,2132.30991474374,735.322570862412,432.301539390726,1018.14197069428
"OpenCoast_62713",44776.3351834701,44563.267192955,44989.4031739851,108.619009445381,0,204.629760966674
"OpenCoast_62715",2300.65169779748,2283.59709003853,2317.70630555643,5.58095046121258,0,10.5418532773782
"OpenCoast_62716",245.410613984324,245.325105216989,245.49612275166,87.1258112183692,52.7604361572568,117.220252313191
"OpenCoast_62719",8398.0215661488,8369.98834547298,8426.05478682462,2981.47023757828,1800.07763717339,4023.2988490637
"OpenCoast_62720",16526.5556310923,16434.2666497255,16618.8446124592,5867.26687418826,3534.40825225469,7935.21761888199
"OpenCoast_62721",7088.07059166052,6934.31800970133,7241.82317361972,846.336787063943,0,1621.3036955865
"OpenCoast_62724",0,0,0,0,0,0
"OpenCoast_62725",13828.4093033451,13763.725529683,13893.0930770071,421.991926609645,0,794.935942946157
"OpenCoast_62726",90158.6450089773,86472.3714209549,93844.9185969998,2337.42808474123,0,4561.8701134478
"OpenCoast_62727",201.566963555357,188.897040534414,214.2368865763,71.5604143173111,40.6248281788999,102.294494991557
"OpenCoast_62730",7612.25829260576,7499.01769042486,7725.49889478665,18.4659140145633,0,35.1386522305018
"OpenCoast_62735",88.7839838150219,82.2026989583246,95.3652686717193,31.5201387890112,17.6787868755168,45.5353051213866
"OpenCoast_62738",16233.3720225197,16168.0304552231,16298.7135898164,1641.58966697515,0,3090.36992324897
"OpenCoast_62739",70104.6095436336,69976.2008109879,70233.0182762794,11418.0558711069,2896.14246175163,18904.6437176217
"OpenCoast_62740",148227.678299164,148094.645419709,148360.711178618,2613.89912027294,0,4905.45950429091
"OpenCoast_62742",567.857342798303,551.74961409874,583.965071497865,186.236734697782,107.324263817959,259.707184839382
"OpenCoast_62743",267.62250649956,260.529935006501,274.71507799262,95.0114895216262,56.0304376138218,131.171809947924
"OpenCoast_62744",12755.8439342535,11592.0572593397,13919.6306091673,973.102954488643,0,1991.03354230026
"OpenCoast_62745",64.2866975051233,62.9986425356,65.5747524746466,0,0,0
"OpenCoast_62746",180094.163543431,179924.291837849,180264.035249013,9607.92865895253,0,18031.8585466307
"OpenCoast_62747",149734.717657002,149422.821964318,150046.613349687,0,0,0
"OpenCoast_62748",142024.692572183,141572.059146983,142477.325997383,0,0,0
"OpenCoast_62750",522.832228264157,514.373807904537,531.290648623776,39.8852156429669,0,75.9946532937259
"OpenCoast_62751",11798.4007439611,11730.4316299934,11866.3698579288,670.083730551535,0,1263.6449986519
"OpenCoast_62754",32322.7839964615,32226.0592760717,32419.5087168512,2793.25437259573,0,5253.0245281469
"OpenCoast_62755",6226.9926952581,6196.22521861411,6257.76017190209,353.658651363527,0,666.386387636779
"OpenCoast_62756",817.847843212013,808.528974834202,827.166711589825,46.4492218645427,0,88.0846535769671
"OpenCoast_62757",5108.54760147972,5078.38941699084,5138.7057859686,0,0,0
"OpenCoast_62761",16145.9654959305,16073.8338755124,16218.0971163485,0,0,0
"OpenCoast_62762",1850.06899218086,1764.40954508705,1935.72843927467,220.903760260401,0,433.372038643582
"OpenCoast_62763",14880.8086472504,14708.8067446568,15052.810549844,0,0,0
"OpenCoast_62764",32366.1192662851,32263.3299246944,32468.9086078757,0,0,0
"OpenCoast_62765",14359.9917849444,14311.931446372,14408.0521235168,6737.32936220506,4471.93142142035,8735.5514840365
"OpenCoast_62766",850.040487116305,834.664767511014,865.416206721596,383.682528233121,248.418051768823,507.043318483379
"OpenCoast_62768",2581.81566297653,2231.2155333256,2932.41579262745,0,0,0
"OpenCoast_62769",2014.06394442392,1975.76579080922,2052.36209803862,233.328100320335,0,445.809222099121
"OpenCoast_62771",1299.11165564774,1281.69016077234,1316.53315052315,155.117809629581,0,294.746227729064
"OpenCoast_62772",568.52143804187,558.325909809832,578.716966273908,256.613356668021,166.17238460971,339.067570913372
"OpenCoast_62773",11.3610190143523,11.1606300244073,11.5614080042974,5.3243447196607,3.48205237573431,7.00302581629256
"OpenCoast_62774",0,0,0,0,0,0
"OpenCoast_62775",70063.0484401546,69902.0580785684,70224.0388017409,31616.4003999098,20722.8660076598,41200.9364667815
"OpenCoast_62776",108268.408095538,108110.40979241,108426.406398666,809.696568819648,0,1520.39657922954
"OpenCoast_62777",12828.4284273483,12644.3458872499,13012.5109674466,0,0,0
"OpenCoast_62778",121262.397527442,121138.437328283,121386.357726601,10077.9171508171,1468.46923059386,17627.8708873142
"OpenCoast_62779",2735.29641866655,2675.4014665518,2795.1913707813,1234.62995149946,796.269407659501,1637.68958499872
"OpenCoast_62780",2209.49398689634,2186.47082308298,2232.51715070968,997.298660307546,650.750868207076,1308.0213842483
"OpenCoast_62781",3812.78938646589,3772.6420532221,3852.93671970968,455.258434204883,0,862.597773069331
"OpenCoast_62782",89032.3729132564,88912.1771956911,89152.5686308217,4407.55778726502,0,8275.32766872691
"OpenCoast_62783",10045.9341016774,9955.1069290284,10136.7612743264,0,0,0
"OpenCoast_62785",45.9494752865808,45.9428019592422,45.9561486139195,22.9383455736556,15.9249607213465,29.0772556458332
"OpenCoast_62786",625.150392267015,599.77781102425,650.522973509779,282.173951319236,178.509553905242,381.138375588781
"OpenCoast_62788",109109.60160286,108956.695027202,109262.508178518,13082.1906082988,182.859901073893,24403.0310684114
"OpenCoast_62789",1145006.03548984,1143446.33610842,1146565.73487127,28597.2244047481,0,53692.835340953
"OpenCoast_62790",266523.053417712,266300.905565807,266745.201269617,2234.08214735684,0,4192.39549173898
"OpenCoast_62791",1023.34989155031,1015.98315758815,1030.71662551246,431.736794890349,279.890260849452,566.878342721357
"OpenCoast_62794",7535.3354748466,7510.00118918158,7560.66976051161,1033.07796036697,118.713392100664,1838.95852829253
"OpenCoast_62795",788.480315441867,767.508228219754,809.45240266398,431.427818505604,294.034562693206,559.10253711759
"OpenCoast_62799",1388.91655702845,1381.28242778137,1396.55068627552,40.2430933075591,19.9960314785827,58.1806113887413
"OpenCoast_62801",37.3655953666326,36.2723973566218,38.4587933766434,2.3152520364867,0,4.46810422189919
"OpenCoast_62805",237.852533711315,222.506462558634,253.198604863997,119.256530052007,76.023983184897,162.336118019943
"OpenCoast_62806",877.348348565938,863.137094965761,891.559602166115,0,0,0
"OpenCoast_62807",33641.4741445072,33586.0458463077,33696.9024427067,2402.60667605734,0,4512.30985134975
"OpenCoast_62808",9797.44167075801,9782.06752271516,9812.81581880087,2072.71898654226,1456.29122340445,2614.1863304626
"OpenCoast_62809",106813.738611153,106695.664606922,106931.812615384,56778.1745144788,39284.8960947352,72126.3949685465
"OpenCoast_62810",49.8295209555962,48.1299099088632,51.5291320023292,5.00564307714677,0,9.70570900789508
"OpenCoast_62811",5904.01566906157,5881.09152828703,5926.9398098361,443.422329377379,0,834.645097042521
"OpenCoast_62812",1266.23006947923,1249.74948645679,1282.71065250168,682.080007106165,468.940337121609,874.400763617985
"OpenCoast_62813",4178.96505392325,4144.02220021548,4213.90790763102,2095.28510696616,1415.89179228447,2701.71098211935
"OpenCoast_62814",2238.39829866542,2226.70496939731,2250.09162793353,971.489512086337,680.069447770454,1229.74794651515
"OpenCoast_62815",8319.57155258895,8296.94750667163,8342.19559850626,3583.31599664559,2307.38290597084,4707.0176061182
"OpenCoast_62823",2679.9695009083,2660.48971708061,2699.44928473598,1434.58730104137,988.463829596262,1831.83147700734
"OpenCoast_62825",5624.79401927118,5580.60057010696,5668.9874684354,2057.18866542349,1436.27723041414,2610.88744289858
"OpenCoast_62826",48307.2694273037,48237.6363395632,48376.9025150442,27172.8390528583,19094.0643844104,34266.972614823
"OpenCoast_62827",4456.12810381477,4448.7772418108,4463.47896581873,414.891203586084,0,779.204270992167
"OpenCoast_62828",114413.154511462,114095.669914888,114730.639108036,62070.273090977,43297.2044238904,78608.8162319446
"OpenCoast_62829",1278.85597922909,1269.65411755095,1288.05784090723,309.246982539701,142.214966523485,457.76841639736
"OpenCoast_62830",3115.97794571499,3101.71403029119,3130.24186113879,372.057068145073,0,700.800416672863
"OpenCoast_62831",1990.8734480953,1968.01027457047,2013.73662162012,1115.88515100717,775.488403801427,1421.99404802182
"OpenCoast_62832",3146.49092398356,3134.32302995151,3158.6588180156,1721.64566279777,1200.76797559382,2181.73935024377
"OpenCoast_62833",3736.17822627483,3719.29251894719,3753.06393360248,2097.92394012193,1468.95062608246,2654.38268578764
"OpenCoast_62834",56699.8995726186,56663.5940434661,56736.205101771,26815.3461192481,18029.2621004207,34515.148144296
"OpenCoast_62836",76.1748775291155,73.1235611503643,79.2261939078668,41.6801289692321,28.0138421125319,54.7228791640841
"OpenCoast_62839",0,0,0,0,0,0
"OpenCoast_62840",36643.8094423075,36594.7015250911,36692.9173595239,17801.8897185229,12510.2684764764,22447.4112353437
"OpenCoast_62841",445.638930061286,437.802932987536,453.474927135036,68.0431701632028,38.5948553191631,94.844915583551
"OpenCoast_62842",106401.71538931,106058.093587975,106745.337190644,13316.0363561949,544.379081413144,24568.7820656476
"OpenCoast_62843",823753.549544248,822926.155486219,824580.943602276,92212.5179202706,52703.0607058778,126864.224462658
"OpenCoast_62844",354065.009223054,353812.814113959,354317.204332149,39534.8862075962,26972.1277733208,50546.4553424442
"OpenCoast_62845",507090.87659382,506751.467113635,507430.286074004,251977.285434208,176926.97897539,317755.1547331
"OpenCoast_62847",41150.9688785542,41093.9280489664,41208.009708142,21777.139474669,15045.415779279,27687.4497033263
"OpenCoast_62848",37696.5823835495,37620.6927552832,37772.4720118159,0,0,0
"OpenCoast_62849",197.353611674033,193.653566917331,201.053656430735,107.984735308218,74.1892266022894,138.871178882467
"OpenCoast_62850",175.220271973145,168.515991805476,181.924552140814,42.3709481501937,18.8756101382282,64.6549490965734
"OpenCoast_62851",8.91410733864323,8.8325187569593,8.99569592032717,3.83281698160362,2.45050897967288,5.06849987083393
"OpenCoast_62852",548.110350988961,540.268517954553,555.95218402337,245.40427602694,158.462678286108,324.03624677676
"OpenCoast_62855",2078.51652479078,2051.03748681206,2105.99556276951,502.617162440706,229.738338570533,748.458821561799
"OpenCoast_62857",11.7442698082131,11.5857133759982,11.9028262404281,0,0,0
"OpenCoast_62859",2.47207414637655,2.38333549058651,2.56081280216659,0.29517303240317,0,0.573316298992521
"OpenCoast_62866",170.488324982323,160.121599721042,180.855050243604,20.3568149232624,0,40.4899366217024
"OpenCoast_62867",10.9776495894288,10.6433169089599,11.3119822698978,1.31076413008106,0,2.53253334400697
"OpenCoast_62872",0,0,0,0,0,0
"OpenCoast_62878",6.73064770238544,6.32531167347615,7.13598373129473,0.8036594271505,0,1.59760829805106
"OpenCoast_62879",68.3164686683008,64.781102935808,71.8518344007935,8.15719028875233,0,16.0862315822672
"OpenCoast_62881",0,0,0,0,0,0
"OpenCoast_62882",54.3504538007837,51.9207688987672,56.7801387028002,6.48960642397417,0,12.7119713513732
"OpenCoast_62884",29.3851085600205,27.994414742782,30.7758023772591,3.50866967880842,0,6.89010500983412
"OpenCoast_62885",12.9725660477709,11.5858030511567,14.3593290443852,0,0,0
"OpenCoast_62888",0,0,0,0,0,0
"OpenCoast_62889",67.7559177670104,65.3999348151257,70.111900718895,6.50852528900872,0,12.6278198438662
"OpenCoast_62892",2.38432085460415,2.31449096588218,2.45415074332613,0.483418668035253,0.222371541985967,0.726640094286908
"OpenCoast_62895",64.1186069550869,61.79607446348,66.4411394466938,12.4365338562071,7.95826482718102,16.676243818402
"OpenCoast_62898",1535.61673809851,1488.41817527557,1582.81530092146,0,0,0
"OpenCoast_62901",279.523175572535,276.363405870602,282.682945274469,59.3613617803087,41.3006043591907,75.5963442854225
"OpenCoast_62905",175.840169385211,169.80972844503,181.870610325392,6.57530981606925,0,12.7515190375881
"OpenCoast_62915",0,0,0,0,0,0
"OpenCoast_62925",0,0,0,0,0,0
"OpenCoast_62934",604.537025999702,568.236898646965,640.837153352439,45.6463123486866,0,90.7259965328296
"OpenCoast_62940",411.23537582072,365.021582910264,457.449168731176,49.10273144128,0,102.413992999517
"OpenCoast_62941",134.26764999517,129.691648881609,138.84365110873,1.07012309917978,0,2.07486406207009
"OpenCoast_62947",486.63289404772,478.28987023429,494.97591786115,47.2724289207803,0,90.1554109658123
"OpenCoast_62949",40.7844663046744,34.1885239170539,47.3804086922949,4.86978702145366,0,10.6075541848421
"OpenCoast_62950",0,0,0,0,0,0
"OpenCoast_62963",206.062415605925,184.564032262227,227.560798949624,0,0,0
"OpenCoast_62964",1881.84272306845,1814.78520726681,1948.90023887009,182.805719577225,0,354.974647505964
"OpenCoast_62965",60.264042105972,0,121.792813357882,0,0,0
"OpenCoast_62966",722.218919049402,675.969208181275,768.468629917528,0,0,0
"OpenCoast_63018",0,0,0,0,0,0
"OpenCoast_63023",84.1950397860731,83.45617479656,84.9339047755862,1.23060349582603,0,2.32763029441582
"OpenCoast_63030",0,0,0,0,0,0
"OpenCoast_63033",54.1103715706543,47.8025506244958,60.4181925168127,0.561876345264487,0,1.17633016370436
"OpenCoast_63035",0,0,0,0,0,0
"OpenCoast_63036",3931.47202301569,3798.1801174082,4064.76392862318,346.332779256361,0,671.390216650914
"OpenCoast_63049",136.200088504616,119.577718483509,152.822458525722,0.823795348665927,0.0123853476722712,1.71927693858078
"OpenCoast_63054",50.914770088754,49.7864685606659,52.0430716168421,4.75112690118378,1.48796099629887,7.74479925523194
"OpenCoast_63065",258.719505608095,247.729227923399,269.709783292791,30.0441625981241,9.91438721547045,49.2809814189999
"OpenCoast_63072",36.9538369229805,34.6037412450209,39.3039326009401,3.44835827404652,1.03419701752634,5.84902194429542
"OpenCoast_63076",0,0,0,0,0,0
"OpenCoast_63086",10949.9689046693,10877.5039886526,11022.4338206861,314.405804451009,0,593.412159872043
"OpenCoast_63094",172.972451752177,168.035716838154,177.9091866662,2.31550588882446,0,4.46548458904061
"OpenCoast_63108",95.2858956627815,93.1465905227331,97.42520080283,6.3769994948953,0,12.2253230394489
"OpenCoast_63109",878.703622030956,855.0431471183,902.364096943612,104.919835466383,0,202.02181274857
"OpenCoast_63110",71.3052147681699,67.8700462646123,74.7403832717275,1.04220446700057,0,2.04827484123312
"OpenCoast_63119",0,0,0,0,0,0
"OpenCoast_63122",272.905025249864,271.956089802004,273.853960697723,3.98880835443854,0,7.50502142636691
"OpenCoast_63126",560.580948007643,553.406544738076,567.755351277211,0,0,0
"OpenCoast_63128",0,0,0,0,0,0
"OpenCoast_63138",105.467620942523,101.901352570226,109.033889314821,59.3255367801695,40.3359520590479,77.2323382646646
"OpenCoast_63144",208.415140561167,204.235198291773,212.595082830562,18.9032421050662,0,36.1544299601274
"OpenCoast_63146",0,0,0,0,0,0
"OpenCoast_63148",176.252782909438,171.557724366057,180.947841452819,21.0451084070971,0,40.5107107730193
"OpenCoast_63163",0,0,0,0,0,0
"OpenCoast_63206",819.052238723419,772.95282654861,865.151650898227,460.716884281923,305.960493842158,612.815752719578
"OpenCoast_63207",0,0,0,0,0,0
"OpenCoast_63224",0,0,0,0,0,0
"OpenCoast_63235",0,0,0,0,0,0
"OpenCoast_63244",68.3525723346195,67.1712800651665,69.5338646040725,0.915005725789624,0,1.74528593280851
"OpenCoast_63268",1638.86600352708,1622.65409525632,1655.07791179785,21.9387760520277,0,41.5421207150004
"OpenCoast_63270",0,0,0,0,0,0
"OpenCoast_63274",415.320079286593,399.089914950454,431.550243622732,233.617544598709,157.973091334555,305.681422566102
"OpenCoast_63292",76.7662930230064,71.2996587687376,82.2329272772752,11.1977726635709,7.31877447886193,15.1050434887688
"OpenCoast_63300",2924.9370602812,2909.54946310488,2940.32465745752,1285.05783637713,831.593703623029,1686.81831748876
"OpenCoast_63303",0,0,0,0,0,0
"OpenCoast_63312",46.9729395092904,41.0601373649067,52.8857416536742,20.7092704455748,12.2475902667879,29.9145538773093
"OpenCoast_63317",198.686976955393,184.51724384246,212.856710068326,111.761424537409,73.0380756876403,150.773502965064
"OpenCoast_63327",49.2842992982345,48.3847939909329,50.1838046055361,5.38802240625039,0.939289627102607,9.43449015548776
"OpenCoast_63339",325.664018272345,315.537634598657,335.790401946033,178.045640406078,120.617327228414,231.901799209667
"OpenCoast_63340",0,0,0,0,0,0
"OpenCoast_63341",12.2500249022715,8.2042085317095,16.2958412728335,0.0569597147888118,0,0.142072130243011
"OpenCoast_63355",0,0,0,0,0,0
"OpenCoast_63356",0,0,0,0,0,0
"OpenCoast_63357",0,0,0,0,0,0
"OpenCoast_63378",0,0,0,0,0,0
"OpenCoast_63382",217.961477602299,215.304580180711,220.618375023888,63.514991827316,34.3913565934497,89.7071660157198
"OpenCoast_63387",107.032380849154,103.947271951187,110.11748974712,58.2667989756618,39.7370078439696,75.5654937508977
"OpenCoast_63400",157.392247293624,150.724006411052,164.060488176196,88.5331391026634,59.6615858710415,116.209512458139
"OpenCoast_63401",0,0,0,0,0,0
"OpenCoast_63413",234.587391486328,223.998062036882,245.176720935773,68.3598607283817,35.7799969758482,99.6930051986548
"OpenCoast_63429",0,0,0,0,0,0
"OpenCoast_63435",191.21829650967,188.142726484893,194.293866534447,20.905003839956,3.65239772303629,36.5269948243158
"OpenCoast_63440",49.5356385705887,48.6673694315923,50.4039077095851,27.0819126381007,18.6035749160094,34.8096813289183
"OpenCoast_63451",480.623396538323,465.588938090164,495.657854986482,262.764369501968,177.975896190578,342.308617809281
"OpenCoast_63458",590.742336376746,582.542547153675,598.942125599817,172.689936057566,89.9904668276018,247.329670126226
"OpenCoast_63463",0,0,0,0,0,0
"OpenCoast_63466",439.640771217445,426.904800809693,452.376741625198,247.297933809813,168.983150320503,320.433525317848
"OpenCoast_63467",0,0,0,0,0,0
"OpenCoast_63479",33.1862037993376,32.1929368347166,34.1794707639587,18.1434195261891,12.3060629568819,23.6048461190684
"OpenCoast_63491",1929.32311436907,1880.79612978142,1977.85009895673,977.122770177401,650.322704827674,1279.79100483446
"OpenCoast_63497",112.490094709192,109.537243595316,115.442945823068,12.2980170034814,2.12643659720391,21.7031240347227
"OpenCoast_63521",124.768125905331,122.376242222212,127.160009588451,10.9010514182894,1.71313290788536,19.2737211256457
"OpenCoast_63522",149.375085955314,141.599107288949,157.151064621678,74.9697099444961,49.3257058481331,99.98543400723
"OpenCoast_63529",5.23849766961018,5.02496941616318,5.45202592305718,1.05409592801389,0.468232774006765,1.61246870342344
"OpenCoast_63533",830.026902323038,829.896859594968,830.156945051108,466.890132556709,328.500840256342,588.027836077868
"OpenCoast_63534",0,0,0,0,0,0
"OpenCoast_63556",0,0,0,0,0,0
"OpenCoast_63577",11.8892677846176,11.5166524255536,12.2618831436817,6.44597008923613,4.35040427976928,8.41205588297805
"OpenCoast_63580",0,0,0,0,0,0
"OpenCoast_63586",46.1658225863777,45.0158463981969,47.3157987745585,11.1069970959403,6.03520908817038,15.793763903535
"OpenCoast_63609",45.3114246423781,43.4592974091426,47.1635518756137,25.4876763613377,17.2026385577856,33.407515911893
"OpenCoast_63613",140.635381350222,137.354495967652,143.916266732793,14.3357451689351,5.13569677504662,22.7981833366551
"OpenCoast_63615",17.6533017574334,16.7925761740016,18.5140273408651,9.57103979539432,6.34337935680266,12.7012328192503
"OpenCoast_63650",235.702104213022,221.987789135901,249.416419290143,56.7073744240729,29.7615801912257,83.253884367513
"OpenCoast_63660",260.018328748387,253.025947832403,267.01070966437,145.305676310308,99.3262318795517,188.060785331931
"OpenCoast_63685",108.942382498668,101.479596413905,116.405168583432,21.9214990675988,9.4559924645772,34.4275126175963
"OpenCoast_63690",330.128119883688,303.112891178486,357.14334858889,181.796041390179,116.782449133569,248.362390945063
"OpenCoast_63708",233.249641917667,224.380544994411,242.118738840923,128.799574102334,86.9230920075234,168.611603874506
"OpenCoast_63717",157.389748818906,150.735158989916,164.044338647897,78.9921809365209,52.5082273162637,104.371194911246
"OpenCoast_63722",0,0,0,0,0,0
"OpenCoast_63724",2176.53983557331,2142.75214886576,2210.32752228086,1224.30365750999,848.172725592698,1565.64866161561
"OpenCoast_63727",41.0889663430806,38.5898861707817,43.5880465153795,9.93594201665518,4.32248381197616,15.4909433361671
"OpenCoast_63732",0,0,0,0,0,0
"OpenCoast_63745",0,0,0,0,0,0
"OpenCoast_63770",72.209117899961,69.0575701489038,75.3606656510183,36.2409607310785,24.0560371952111,47.9472975912083
"OpenCoast_63790",0,0,0,0,0,0
"OpenCoast_63795",170.996842122814,162.889352151182,179.104332094446,20.4175333877987,0,40.0979847972641
"OpenCoast_63814",343.693996815477,316.823228323599,370.564765307356,159.107993933827,99.8602932259541,219.452083641594
"OpenCoast_63818",585.293939571013,577.6438400239,592.944039118127,89.366642901339,50.9226383651543,124.015075521875
"OpenCoast_63821",8.88629537975643,8.65672523171832,9.11586552779455,4.45548649607057,2.95775109578673,5.84455914742839
"OpenCoast_63836",6.27909845572324,5.98517195246219,6.57302495898429,3.53199288134432,2.36913056451629,4.65589267928054
"OpenCoast_63846",154.596163063605,150.673622040787,158.518704086423,84.589410887817,57.7234887356533,109.491564103866
"OpenCoast_63864",0,0,0,0,0,0
"OpenCoast_63870",0,0,0,0,0,0
"OpenCoast_63875",2847.17209312271,2767.59315419422,2926.7510320512,949.625615544093,529.411251953868,1340.44023660951
"OpenCoast_63876",374.728298416974,370.415496193333,379.041100640615,210.784667859548,146.622800576528,268.487446287103
"OpenCoast_63879",2408.46416893346,2273.0820851269,2543.84625274003,1035.57226939081,630.647747761436,1433.29482428362
"OpenCoast_63880",52.4970038025094,50.5708892470732,54.4231183579457,7.98145960798113,2.11149487534509,13.5260157135983
"OpenCoast_63881",20.902869291868,20.388684395563,21.417054188173,10.4804587152491,6.96622013503092,13.7313609535813
"OpenCoast_63884",24.988871944222,21.3769985581285,28.6007453303154,2.9837459037877,0,6.40315193962285
"OpenCoast_63912",190.118477967972,186.048950515732,194.188005420211,22.7007137872205,0,43.4749265866144
"OpenCoast_63920",108.601684893615,105.630361039393,111.573008747837,47.3502320250218,31.4539407805315,62.1401703114363
"OpenCoast_63931",135.953035895565,128.953872894066,142.952198897063,41.3629385778147,21.4070749998473,60.7837220097067
"OpenCoast_63945",0,0,0,0,0,0
"OpenCoast_63954",51.9867201738606,48.2975015882186,55.6759387595026,22.6661608874993,14.3817245331285,31.0085060499155
"OpenCoast_63957",1668.95682828004,1646.73334590117,1691.18031065891,199.278427257318,0,378.622457610203
"OpenCoast_63964",0,0,0,0,0,0
"OpenCoast_63968",271.850931178231,251.96559810016,291.736264256302,150.965544044354,98.1368305710781,204.342131006058
"OpenCoast_63971",113.002515058726,93.9011695893455,132.103860528106,7.0018770088023,0,15.3476946396681
"OpenCoast_63975",63.556494658116,61.6612488969387,65.4517404192932,15.3689348238189,6.90672548251912,23.2611755548862
"OpenCoast_63979",4.46920405162394,4.0847180721636,4.85369003108429,0.67948204724318,0.170549923187322,1.20630881893956
"OpenCoast_63991",362.796142389735,356.25346803125,369.338816748219,87.7296694336925,39.904234019,131.260910719524
"OpenCoast_64006",15.5730434199395,14.9196747927767,16.2264120471024,8.52100428961553,5.7157694105696,11.2078586881611
"OpenCoast_64007",67.1558054947451,66.0629365103108,68.2486744791795,16.2393033668983,7.39976200949863,24.255189980869
"OpenCoast_64012",0,0,0,0,0,0
"OpenCoast_64013",71.7529477652464,70.2533333030779,73.252562227415,15.0386138382231,7.35767182556446,22.0739079837815
"OpenCoast_64035",1588.18494927217,1567.83350703962,1608.53639150472,284.606893321055,83.755235690797,465.287687823099
"OpenCoast_64044",29.0374884852802,28.3705994047878,29.7043775657726,12.66031754985,8.44801764195039,16.543742090025
"OpenCoast_64061",18.7918610276395,17.9384756671181,19.6452463881609,10.2822244893604,6.87228052316536,13.5693056957674
"OpenCoast_64066",17.1091269490236,15.226877950732,18.9913759473153,2.60121141742048,0.635770405447964,4.72000975388311
"OpenCoast_64067",42.9765790635496,42.9587074198271,42.9944507072721,23.1501889424569,16.1192870715845,29.3085431671234
"OpenCoast_64076",80.4813313833973,76.6580185991038,84.3046441676909,40.3524156963524,26.1918141610385,54.0512009242178
"OpenCoast_64096",99.832128184428,97.3301637588402,102.334092610016,11.9202541115735,0,22.910617748511
"OpenCoast_64101",26.8271375734016,25.2312229005942,28.4230522462091,3.20324030727184,0,6.36336990586771
"OpenCoast_64102",89.6581207192406,87.6553430360313,91.6608984024499,12.9011221302774,2.89660534121039,22.0796007224871
"OpenCoast_64114",45.9752167840258,43.7987626903565,48.1516708776951,5.48957812346577,0,10.7802248233646
"OpenCoast_64116",343.993750791786,328.469500533728,359.518001049843,193.496484820379,130.019177294601,254.658584076972
"OpenCoast_64121",249.267557646132,244.522722028982,254.012393263283,140.213001175949,96.790244136472,179.925445228158
"OpenCoast_64125",145.520332162678,141.858481410793,149.182182914562,79.6234455364581,54.3463835465254,103.042670187609
"OpenCoast_64132",9.08237552746944,8.92452332255411,9.24022773238477,0,0,0
"OpenCoast_64135",26.8125213784579,26.0434532175331,27.5815895393827,3.20149508996513,0,6.17498273269763
"OpenCoast_64139",0,0,0,0,0,0
"OpenCoast_64142",14.9076715597939,10.4188800510485,19.3964630685392,2.3597154128695,0.813528990287348,4.43149686306829
"OpenCoast_64143",553.053713813358,536.132437386756,569.974990239961,87.5421334173895,41.8623957959522,130.221802415753
"OpenCoast_64151",147.58873414057,134.854278744499,160.32318953664,23.3616235319191,10.5297176553924,36.6289312127786
"OpenCoast_64155",2752.61814067817,2652.41056736953,2852.82571398682,328.670822767543,0,638.6923240269
"OpenCoast_64156",2.29694594123777,2.29197696324531,2.30191491923023,0.363580504059733,0.178962584801346,0.525916952362546
"OpenCoast_64158",63.7417505288231,7.61461784898914,119.868883208657,10.0895965250408,0.594566051222441,27.3863630725675
"OpenCoast_64160",0,0,0,0,0,0
"OpenCoast_64162",0,0,0,0,0,0
"OpenCoast_64167",17.6475371101491,16.4591080481825,18.8359661721157,9.92673962445888,6.51506360240559,13.3421427052486
"OpenCoast_64170",758.904780200631,742.997403214335,774.812157186927,166.430613433366,73.116457296082,251.882067615871
"OpenCoast_64179",621.330955723859,578.979738177985,663.682173269734,349.498662594671,229.179479695453,470.108206066061
"OpenCoast_64182",80.7369312615285,68.904047214568,92.569815308489,12.7797409757428,5.38017902908272,21.1493634022254
"OpenCoast_64185",73.8367293652765,68.3173453162872,79.3561134142658,11.687517237033,5.33436805894298,18.1304378235333
"OpenCoast_64196",33.4851573238587,25.4747489909367,41.4955656567807,5.30032081284744,1.98912423627862,9.48046395827343
"OpenCoast_64197",105.472533539778,98.1529588109744,112.792108268582,16.695106410813,7.66399815373363,25.7695370648173
"OpenCoast_64203",34.8056111333963,33.6855705150259,35.9256517517667,4.15589386667418,0,8.04305636233582
"OpenCoast_64207",156.864858448144,145.825290713458,167.90442618283,88.2364828770809,57.7225109074103,118.932301879505
"OpenCoast_64210",482.833067310434,453.304196990396,512.361937630473,57.6517095296041,0,114.707896484434
"OpenCoast_64211",0,0,0,0,0,0
"OpenCoast_64227",0,0,0,0,0,0
"OpenCoast_64228",43.4113156449454,39.3698915828218,47.452739707069,5.18344067402333,0,10.6237476956125
"OpenCoast_64246",74.2364668888839,72.2524746582804,76.2204591194873,41.7580126249972,28.5999378855694,53.9894918763035
"OpenCoast_64256",48.8114668030371,46.3524038949951,51.270529711079,3.32102273319447,0.614089100079315,5.9462822016588
"OpenCoast_64260",38.8672561488774,33.9655542859678,43.7689580117871,4.64086640583611,0,9.79902045040009
"OpenCoast_64263",17.8626727334706,17.488452451756,18.2368930151852,1.21533619267876,0.231691716619649,2.11508858911435
"OpenCoast_64264",24.9111342218527,23.780607000997,26.0416614427085,1.69489770496477,0.31505187057103,3.02027439176116
"OpenCoast_64265",100.059251253929,96.9750002077004,103.143502300158,56.2833288303351,38.3859375822147,73.059980795945
"OpenCoast_64266",110.46675862712,107.841397781303,113.092119472937,62.137551727755,42.6872199550992,80.106917959997
"OpenCoast_64269",981.782165954606,939.086385213833,1024.47794669538,155.40498727727,73.3259232290254,234.0617869877
"OpenCoast_64270",3537.98208836402,3462.17492671817,3613.78925000987,560.022457624109,270.334206606762,825.639997798563
"OpenCoast_64271",0,0,0,0,0,0
"OpenCoast_64274",150.805091873664,143.050162100686,158.560021646642,71.1016565493861,46.7825053497371,94.7982299473305
"OpenCoast_64282",199.918595880149,186.183325131694,213.653866628604,90.2371986637105,55.4130241282126,125.17880379495
"OpenCoast_64285",1782.54565715536,1724.24145011917,1840.84986419155,1002.68193214989,682.512240672171,1303.93532046901
"OpenCoast_64291",239.244418250641,212.966402464476,265.522434036806,28.5664977015691,0,59.4453210530162
"OpenCoast_64292",12.7383461293344,12.495278875462,12.9814133832067,2.01633578894546,0.975658761508682,2.96585477891488
"OpenCoast_64296",373.78587431581,362.950947381725,384.620801249895,25.4315526095303,4.80847166320633,44.6077666399804
"OpenCoast_64300",43.8582220057167,41.7185504138605,45.9978935975729,5.23680262754827,0,10.2980358800536
"OpenCoast_64301",13.5284446016124,13.0611971991248,13.9956920040999,2.14139942046169,1.0198469045892,3.19758633280092
"OpenCoast_64303",2213.9966214819,2184.5016373266,2243.49160563719,999.331013175064,650.164787054243,1314.45126619617
"OpenCoast_64304",0,0,0,0,0,0
"OpenCoast_64308",237.800709259338,231.139455214589,244.461963304088,107.336037197212,68.7931435305942,143.229123922037
"OpenCoast_64310",0,0,0,0,0,0
"OpenCoast_64311",571.671946956894,557.98479775687,585.359096156918,38.8952771985795,7.392332511787,67.8891050018705
"OpenCoast_64312",115.166312987626,115.065483566445,115.267142408807,51.982585305179,34.2464955585137,67.5344810336553
"OpenCoast_64316",513.483446492948,498.212489406009,528.754403579887,34.9362621247027,6.6004529120149,61.3241742726989
"OpenCoast_64320",772.312876127061,709.059197059022,835.5665551951,49.3430093412529,3.46241676628904,96.5253828984315
"OpenCoast_64321",99.3695294413219,95.2616775875302,103.477381295114,0,0,0
"OpenCoast_64322",1150.00332856677,1111.12388168021,1188.88277545333,0,0,0
"OpenCoast_64328",82.718083229197,80.2933701962538,85.1427962621403,2.52425008123689,0,4.87170629726304
"OpenCoast_64330",830.950077254283,810.856381385219,851.043773123346,467.409418455534,320.963984298316,602.822672629037
"OpenCoast_64333",181.527475527899,142.518307962407,220.536643093391,0,0,0
"OpenCoast_64334",0,0,0,0,0,0
"OpenCoast_64336",98.8523115975109,93.9348571816032,103.769766013419,44.6189392273404,27.9574688216711,60.7982218371074
"OpenCoast_64338",39.4874924224739,39.4759614749884,39.4990233699594,2.52285280705876,0.192765613143867,4.56296189836032
"OpenCoast_64347",2796.12027625853,2737.65564154317,2854.58491097389,85.3272532311583,0,163.333833246998
"OpenCoast_64353",855.807153333268,834.64926737772,876.965039288816,316.5544698395,205.947010660409,418.873794394768
"OpenCoast_64357",27.4516915087487,27.0390277964922,27.8643552210053,15.4415764736712,10.7029485027782,19.7372516148787
"OpenCoast_64361",95.5267611925572,71.0729920067678,119.980530378347,15.1208033946448,5.54953499230928,27.4118710262857
"OpenCoast_64366",288.47936581848,241.584086676604,335.374644960356,137.464746534753,77.0701725831054,206.028382321259
"OpenCoast_64368",0,0,0,0,0,0
"OpenCoast_64378",102.257001721758,96.715488000273,107.798515443243,46.1557132216628,28.7850572350674,63.1586473345389
"OpenCoast_64381",72.3674869065483,69.6667719955667,75.06820181753,11.0761203974462,2.09428164385908,19.5681916498975
"OpenCoast_64388",109.088805284992,106.564677143475,111.612933426509,49.2393824153808,31.7164333679705,65.3934970372552
"OpenCoast_64391",335.837682014964,313.438469631109,358.236894398818,151.586957167867,93.2874814008896,209.889325307713
"OpenCoast_64393",0,0,0,0,0,0
"OpenCoast_64397",0,0,0,0,0,0
"OpenCoast_64400",323.928639578455,297.042298587686,350.814980569224,0,0,0
"OpenCoast_64402",296.898275496249,291.570473854381,302.226077138118,20.2002928194719,3.86280397246601,35.0517451934032
"OpenCoast_64403",0,0,0,0,0,0
"OpenCoast_64409",11.9602196062192,11.9086198573311,12.0118193551074,0,0,0
"OpenCoast_64418",968.521991945645,928.288786702112,1008.75519718918,0,0,0
"OpenCoast_64419",84.9314557568691,55.6625478909367,114.200363622802,7.31279912330611,0,18.4367274072625
"OpenCoast_64421",41.853272361622,41.7711318797841,41.9354128434599,3.1928536598622,0,5.99834980725346
"OpenCoast_64422",336.44712068246,266.351160633038,406.543080731881,25.6664857968458,0,58.1510338064699
"OpenCoast_64428",3752.60440558804,3645.98104344717,3859.22776772891,0,0,0
"OpenCoast_64432",170.1289633543,162.191125715849,178.066800992751,9.66238161537828,0,18.9622626965471
"OpenCoast_64445",0,0,0,0,0,0
"OpenCoast_64448",56.9636258180697,55.3805948565431,58.5466567795962,6.8016269633516,0,13.1074604730439
"OpenCoast_64451",0,0,0,0,0,0
"OpenCoast_64455",76.2202466700809,65.6990499909104,86.7414433492515,27.0597539143893,14.1294570303839,41.4175741817939
"OpenCoast_64468",2907.40890329539,2733.79426270952,3081.02354388126,953.525295477804,531.76739806936,1370.22570365869
"OpenCoast_64470",31.6992186405823,0,104.333932516606,2.41823304464389,0,14.9236976952423
"OpenCoast_64471",28.7411648646168,21.5363152261472,35.9460145030864,10.203704165585,4.63167185252679,17.163614815896
"OpenCoast_64478",199.908235342217,191.47634081479,208.340129869645,90.2325222307079,56.9883639474523,122.065510215649
"OpenCoast_64481",730.761243268068,420.116788908588,1041.40569762755,55.7474619880231,0,148.960395095075
"OpenCoast_64482",323.327347315295,268.857468383558,377.797226247033,0,0,0
"OpenCoast_64483",11.1052739527116,7.75571378457655,14.4548341208468,3.94260046957069,1.66796969932277,6.90193915813901
"OpenCoast_64491",786.386945241822,746.505629202331,826.268261281312,370.766091521273,244.133967266573,494.000743804678
"OpenCoast_64493",726.72674464287,701.220058714282,752.233430571459,342.637471725015,229.323970461872,449.737563005011
"OpenCoast_64497",11.9159938676445,10.8901012042948,12.9418865309942,4.23042269988352,2.34206152210578,6.1795322368755
"OpenCoast_64501",6.2764100561951,4.96523420571528,7.58758590667491,2.22825455185919,1.06783984494681,3.62294412009174
"OpenCoast_64505",173.663478839617,140.348064602756,206.978893076477,61.6541038191289,30.18372333202,98.8289256790944
"OpenCoast_64514",94.8137771739899,84.3473326370146,105.280221710965,33.6608393453155,18.1400189544154,50.269527739271
"OpenCoast_64516",673.151721324097,654.31803171369,691.985410934504,0,0,0
"OpenCoast_64518",5159.97091700922,5115.50462463828,5204.43720938015,12.517123777013,0,23.6718575261595
"OpenCoast_64519",13643.96146519,13454.9044512591,13833.018479121,33.0976971024416,0,62.918088819345
"OpenCoast_64522",153.089871533072,141.973452566783,164.206290499361,18.27938764574,0,36.7626023506032
"OpenCoast_64527",17.9428928553629,13.9318356603303,21.9539500503954,6.37009569491411,2.99622708919295,10.4826403583645
"OpenCoast_64530",416.523786813355,382.377374781991,450.670198844718,147.874503994268,82.2353548052923,215.187408365115
"OpenCoast_64532",1420.87360401651,1366.84126258996,1474.90594544305,0,0,0
"OpenCoast_64536",192.586312467777,170.179590439856,214.993034495698,22.9953805931674,0,48.1327689169473
"OpenCoast_64539",549.400818344692,533.730781230705,565.070855458678,16.7656817735435,0,32.332262572893
"OpenCoast_64555",1382.17018376942,1223.99929711723,1540.34107042161,0,0,0
"OpenCoast_64562",199.655252893521,195.303486674243,204.007019112799,99.6694991162317,67.697228322916,129.078794180993
"OpenCoast_64566",70.5819752560306,68.6733312615837,72.4906192504776,7.17420470015039,1.55107741168659,12.3827525647523
"OpenCoast_65000",751.273324062152,735.471422127014,767.075225997291,0,0,0
"OpenCoast_65001",110.465814476906,108.795885304776,112.135743649035,46.6039592919297,29.9718636966271,61.6729399198225
"OpenCoast_65002",418.147178051766,406.260103613102,430.034252490429,49.9280212599123,0,96.2763251844245
"OpenCoast_65003",1165.7424294376,1149.22902802405,1182.25583085116,231.916229302371,81.6592678151237,367.497467223254
"OpenCoast_65004",885.392492903158,864.05219970572,906.732786100595,195.880009812193,78.6029467979853,303.952409688158
"OpenCoast_65005",305.18383330837,302.14314246094,308.224524155801,0.622029298735182,0,1.17792538272267
"OpenCoast_65006",644.401749186467,635.95920651043,652.844291862504,65.9453029963148,0,125.267393431114
"OpenCoast_65007",1488.23897175291,1448.39697329464,1528.08097021119,177.700175731691,0,342.107679898027
"OpenCoast_65008",396.169610978527,389.014352940486,403.324869016569,95.7998858033177,43.5738067681781,143.339360019225
"OpenCoast_65009",3512.58604648578,3442.98729952185,3582.18479344972,419.413259281885,0,801.981670175309
"OpenCoast_65010",426.985827662474,420.509974187699,433.461681137249,37.7981059924964,0,71.9463160683465
"OpenCoast_65011",0,0,0,0,0,0
"OpenCoast_65012",1827.65892788736,1806.03576856724,1849.28208720748,0,0,0
"OpenCoast_65013",51886.6624389585,51705.4932398658,52067.8316380512,5317.76779596061,0,10005.629045906
"OpenCoast_65014",4612.45628947835,4555.21452476094,4669.69805419577,58.4234429052493,0,110.90342401038
"OpenCoast_65015",1206.27308518706,1190.05171567318,1222.49445470094,144.032607186515,0,273.692788365883
"OpenCoast_65016",2856.19247272376,2847.96418344331,2864.42076200421,182.481914025266,13.9069332707971,330.900404181584
"OpenCoast_65017",19499.1196989404,19458.4362919176,19539.8031059632,6921.98200140676,4095.16903531505,9407.5387290485
"OpenCoast_65018",104.602555002599,101.52320463656,107.681905368639,41.8849887999048,25.4866040433574,57.1926832722417
"OpenCoast_65019",576.826699280837,539.056281523862,614.597117037813,313.606352579283,204.311216135693,422.690099525916
"OpenCoast_65020",51.6097789777697,50.8283649839223,52.391192971617,5.01347039664884,0,9.54258452361776
"OpenCoast_65021",425.817136347255,420.891526205749,430.74274648876,41.3646725435948,0,78.455916599018
"OpenCoast_65022",54.832933133482,49.6980046822988,59.9678615846651,6.54721589653516,0,13.4256406532832
"OpenCoast_65023",198.510132798038,196.894248703337,200.126016892739,23.7027024236463,0,44.8043321401654
"OpenCoast_65024",40.9504723125476,40.0179965323584,41.8829480927368,4.88960863433404,0,9.37677942374704
"OpenCoast_65025",877.368794439181,850.388184135353,904.34940474301,84.4704633596458,0,163.252643319359
"OpenCoast_65026",12513.202202814,12283.3799162192,12743.0244894088,0,0,0
"OpenCoast_65027",2033.58195115166,2008.98830068525,2058.17560161806,163.975670533293,0,311.172661519238
"OpenCoast_65028",0,0,0,0,0,0
"OpenCoast_65029",12894.0328121154,12830.7167244596,12957.3488997712,0,0,0
"OpenCoast_65030",3262.7251470315,3212.56319501713,3312.88709904587,19.7343322578591,0.332743529430332,37.2705062100061
"OpenCoast_65031",13797.1314989127,13760.1483336397,13834.1146641856,0,0,0
"OpenCoast_65032",3368.11296136634,3315.04752286875,3421.17839986393,315.911137248826,0,601.665738777114
"OpenCoast_65033",0,0,0,0,0,0
"OpenCoast_65034",56050.8586352866,55861.8989293226,56239.8183412506,5115.74405310665,0,9624.35689764992
"OpenCoast_65035",1168.27768790796,1159.46570261251,1177.0896732034,15.6392179143582,0,29.5447126374125
"OpenCoast_65036",10.018101024022,10.0007979711671,10.0354040768769,0,0,0
"OpenCoast_65037",486.958396411703,480.285531314644,493.631261508763,42.5457902756307,6.72346963704189,74.8199949340417
"OpenCoast_65038",0,0,0,0,0,0
"OpenCoast_65039",355.231777018263,354.259731614485,356.20382242204,24.1074557101599,0,45.3251674067622
"OpenCoast_65040",3088.866855955,3050.31541296058,3127.41829894942,1538.0078795135,1031.43872536493,1994.43476425975
"OpenCoast_65041",5070.47161415271,5032.17908332987,5108.76414497555,2852.1402829609,1991.90422048474,3618.70793602435
"OpenCoast_65042",7356.77390976267,7338.09637774162,7375.45144178372,4138.1853242415,2904.66314952273,5224.2781045968
"OpenCoast_65043",598.415731950323,581.575074994925,615.256388905721,336.608849222057,230.206800518825,435.806608808219
"OpenCoast_65044",31253.7818238818,31177.6114432072,31329.9522045564,7992.6119716203,3797.71286678,11683.4353732369
